Store Name,Planogram,Aisle,Bay,Element Name,Element Type,Brand,Facings,WKT Geometry,Z Order,Sales Last 12 Months
FreshMart Banksia Grove,Aisle 1 - Breakfast Cereals,Aisle 1,01,Bay Frame 01,Rack,,,"POLYGON ((0 0, 1.6 0, 1.6 2.2, 0 2.2, 0 0))",0,
FreshMart Banksia Grove,Aisle 1 - Breakfast Cereals,Aisle 1,02,Bay Frame 02,Rack,,,"POLYGON ((1.6 0, 3.2 0, 3.2 2.2, 1.6 2.2, 1.6 0))",0,
FreshMart Banksia Grove,Aisle 1 - Breakfast Cereals,Aisle 1,03,Bay Frame 03,Rack,,,"POLYGON ((3.2 0, 4.8 0, 4.8 2.2, 3.2 2.2, 3.2 0))",0,
FreshMart Banksia Grove,Aisle 1 - Breakfast Cereals,Aisle 1,04,Bay Frame 04,Rack,,,"POLYGON ((4.8 0, 6.4 0, 6.4 2.2, 4.8 2.2, 4.8 0))",0,
FreshMart Banksia Grove,Aisle 1 - Breakfast Cereals,Aisle 1,,Upright 1,Rack,,,"POLYGON ((0 0, 0.025 0, 0.025 2.2, 0 2.2, 0 0))",0,
FreshMart Banksia Grove,Aisle 1 - Breakfast Cereals,Aisle 1,,Upright 2,Rack,,,"POLYGON ((1.575 0, 1.625 0, 1.625 2.2, 1.575 2.2, 1.575 0))",0,
FreshMart Banksia Grove,Aisle 1 - Breakfast Cereals,Aisle 1,,Upright 3,Rack,,,"POLYGON ((3.175 0, 3.225 0, 3.225 2.2, 3.175 2.2, 3.175 0))",0,
FreshMart Banksia Grove,Aisle 1 - Breakfast Cereals,Aisle 1,,Upright 4,Rack,,,"POLYGON ((4.775 0, 4.825 0, 4.825 2.2, 4.775 2.2, 4.775 0))",0,
FreshMart Banksia Grove,Aisle 1 - Breakfast Cereals,Aisle 1,,Upright 5,Rack,,,"POLYGON ((6.375 0, 6.4 0, 6.4 2.2, 6.375 2.2, 6.375 0))",0,
FreshMart Banksia Grove,Aisle 1 - Breakfast Cereals,Aisle 1,01,Base Deck - Bay 01,Base Deck,,,"POLYGON ((0 0, 1.6 0, 1.6 0.1, 0 0.1, 0 0))",1,
FreshMart Banksia Grove,Aisle 1 - Breakfast Cereals,Aisle 1,01,SunHarvest Wheat Bites 1kg,Product,SunHarvest,3,"POLYGON ((0.035 0.1, 0.755 0.1, 0.755 0.43, 0.035 0.43, 0.035 0.1))",2,6800
FreshMart Banksia Grove,Aisle 1 - Breakfast Cereals,Aisle 1,01,SunHarvest Granola Clusters 450g,Product,SunHarvest,2,"POLYGON ((0.767 0.1, 1.147 0.1, 1.147 0.37, 0.767 0.37, 0.767 0.1))",2,6500
FreshMart Banksia Grove,Aisle 1 - Breakfast Cereals,Aisle 1,01,SunHarvest Oat Sachets 10pk,Product,SunHarvest,2,"POLYGON ((1.159 0.1, 1.519 0.1, 1.519 0.34, 1.159 0.34, 1.159 0.1))",2,5800
FreshMart Banksia Grove,Aisle 1 - Breakfast Cereals,Aisle 1,01,Shelf 1 - Bay 01,Shelf,,,"POLYGON ((0 0.53, 1.6 0.53, 1.6 0.57, 0 0.57, 0 0.53))",1,
FreshMart Banksia Grove,Aisle 1 - Breakfast Cereals,Aisle 1,01,SunHarvest Wheat Bites 1kg,Product,SunHarvest,2,"POLYGON ((0.035 0.57, 0.515 0.57, 0.515 0.9, 0.035 0.9, 0.035 0.57))",2,4300
FreshMart Banksia Grove,Aisle 1 - Breakfast Cereals,Aisle 1,01,SunHarvest Granola Clusters 450g,Product,SunHarvest,3,"POLYGON ((0.527 0.57, 1.097 0.57, 1.097 0.84, 0.527 0.84, 0.527 0.57))",2,6000
FreshMart Banksia Grove,Aisle 1 - Breakfast Cereals,Aisle 1,01,SunHarvest Oat Sachets 10pk,Product,SunHarvest,2,"POLYGON ((1.109 0.57, 1.469 0.57, 1.469 0.81, 1.109 0.81, 1.109 0.57))",2,3800
FreshMart Banksia Grove,Aisle 1 - Breakfast Cereals,Aisle 1,01,Shelf 2 - Bay 01,Shelf,,,"POLYGON ((0 1, 1.6 1, 1.6 1.04, 0 1.04, 0 1))",1,
FreshMart Banksia Grove,Aisle 1 - Breakfast Cereals,Aisle 1,01,Morning Mills Oat Sachets 10pk,Product,Morning Mills,2,"POLYGON ((0.035 1.04, 0.395 1.04, 0.395 1.28, 0.035 1.28, 0.035 1.04))",2,7100
FreshMart Banksia Grove,Aisle 1 - Breakfast Cereals,Aisle 1,01,SunHarvest Toasted Muesli 750g,Product,SunHarvest,3,"POLYGON ((0.407 1.04, 1.037 1.04, 1.037 1.32, 0.407 1.32, 0.407 1.04))",2,9300
FreshMart Banksia Grove,Aisle 1 - Breakfast Cereals,Aisle 1,01,Glen Oats Wheat Bites 1kg,Product,Glen Oats,2,"POLYGON ((1.049 1.04, 1.529 1.04, 1.529 1.37, 1.049 1.37, 1.049 1.04))",2,6300
FreshMart Banksia Grove,Aisle 1 - Breakfast Cereals,Aisle 1,01,Shelf 3 - Bay 01,Shelf,,,"POLYGON ((0 1.46, 1.6 1.46, 1.6 1.5, 0 1.5, 0 1.46))",1,
FreshMart Banksia Grove,Aisle 1 - Breakfast Cereals,Aisle 1,01,SunHarvest Toasted Muesli 750g,Product,SunHarvest,2,"POLYGON ((0.035 1.5, 0.455 1.5, 0.455 1.78, 0.035 1.78, 0.035 1.5))",2,4200
FreshMart Banksia Grove,Aisle 1 - Breakfast Cereals,Aisle 1,01,Morning Mills Corn Flakes 500g,Product,Morning Mills,3,"POLYGON ((0.467 1.5, 1.067 1.5, 1.067 1.8, 0.467 1.8, 0.467 1.5))",2,7000
FreshMart Banksia Grove,Aisle 1 - Breakfast Cereals,Aisle 1,01,Morning Mills Oat Sachets 10pk,Product,Morning Mills,1,"POLYGON ((1.079 1.5, 1.259 1.5, 1.259 1.74, 1.079 1.74, 1.079 1.5))",2,2700
FreshMart Banksia Grove,Aisle 1 - Breakfast Cereals,Aisle 1,01,Morning Mills Wheat Bites 1kg,Product,Morning Mills,1,"POLYGON ((1.271 1.5, 1.511 1.5, 1.511 1.83, 1.271 1.83, 1.271 1.5))",2,2500
FreshMart Banksia Grove,Aisle 1 - Breakfast Cereals,Aisle 1,01,Shelf 4 - Bay 01,Shelf,,,"POLYGON ((0 1.86, 1.6 1.86, 1.6 1.9, 0 1.9, 0 1.86))",1,
FreshMart Banksia Grove,Aisle 1 - Breakfast Cereals,Aisle 1,01,FreshMart Essentials Granola Clusters 450g,Product,FreshMart Essentials,3,"POLYGON ((0.035 1.9, 0.605 1.9, 0.605 2.17, 0.035 2.17, 0.035 1.9))",2,6100
FreshMart Banksia Grove,Aisle 1 - Breakfast Cereals,Aisle 1,01,FreshMart Essentials Oat Sachets 10pk,Product,FreshMart Essentials,3,"POLYGON ((0.617 1.9, 1.157 1.9, 1.157 2.14, 0.617 2.14, 0.617 1.9))",2,9900
FreshMart Banksia Grove,Aisle 1 - Breakfast Cereals,Aisle 1,01,FreshMart Essentials Granola Clusters 450g,Product,FreshMart Essentials,2,"POLYGON ((1.169 1.9, 1.549 1.9, 1.549 2.17, 1.169 2.17, 1.169 1.9))",2,6800
FreshMart Banksia Grove,Aisle 1 - Breakfast Cereals,Aisle 1,02,Base Deck - Bay 02,Base Deck,,,"POLYGON ((1.6 0, 3.2 0, 3.2 0.1, 1.6 0.1, 1.6 0))",1,
FreshMart Banksia Grove,Aisle 1 - Breakfast Cereals,Aisle 1,02,SunHarvest Toasted Muesli 750g,Product,SunHarvest,3,"POLYGON ((1.635 0.1, 2.265 0.1, 2.265 0.38, 1.635 0.38, 1.635 0.1))",2,6100
FreshMart Banksia Grove,Aisle 1 - Breakfast Cereals,Aisle 1,02,SunHarvest Corn Flakes 500g,Product,SunHarvest,3,"POLYGON ((2.277 0.1, 2.877 0.1, 2.877 0.4, 2.277 0.4, 2.277 0.1))",2,10100
FreshMart Banksia Grove,Aisle 1 - Breakfast Cereals,Aisle 1,02,SunHarvest Wheat Bites 1kg,Product,SunHarvest,1,"POLYGON ((2.889 0.1, 3.129 0.1, 3.129 0.43, 2.889 0.43, 2.889 0.1))",2,3000
FreshMart Banksia Grove,Aisle 1 - Breakfast Cereals,Aisle 1,02,Shelf 1 - Bay 02,Shelf,,,"POLYGON ((1.6 0.53, 3.2 0.53, 3.2 0.57, 1.6 0.57, 1.6 0.53))",1,
FreshMart Banksia Grove,Aisle 1 - Breakfast Cereals,Aisle 1,02,Glen Oats Granola Clusters 450g,Product,Glen Oats,3,"POLYGON ((1.635 0.57, 2.205 0.57, 2.205 0.84, 1.635 0.84, 1.635 0.57))",2,6500
FreshMart Banksia Grove,Aisle 1 - Breakfast Cereals,Aisle 1,02,Glen Oats Oat Sachets 10pk,Product,Glen Oats,2,"POLYGON ((2.217 0.57, 2.577 0.57, 2.577 0.81, 2.217 0.81, 2.217 0.57))",2,6700
FreshMart Banksia Grove,Aisle 1 - Breakfast Cereals,Aisle 1,02,Glen Oats Oat Sachets 10pk,Product,Glen Oats,2,"POLYGON ((2.589 0.57, 2.949 0.57, 2.949 0.81, 2.589 0.81, 2.589 0.57))",2,6200
FreshMart Banksia Grove,Aisle 1 - Breakfast Cereals,Aisle 1,02,FreshMart Essentials Corn Flakes 500g,Product,FreshMart Essentials,1,"POLYGON ((2.961 0.57, 3.161 0.57, 3.161 0.87, 2.961 0.87, 2.961 0.57))",2,3000
FreshMart Banksia Grove,Aisle 1 - Breakfast Cereals,Aisle 1,02,Shelf 2 - Bay 02,Shelf,,,"POLYGON ((1.6 1, 3.2 1, 3.2 1.04, 1.6 1.04, 1.6 1))",1,
FreshMart Banksia Grove,Aisle 1 - Breakfast Cereals,Aisle 1,02,FreshMart Essentials Granola Clusters 450g,Product,FreshMart Essentials,3,"POLYGON ((1.635 1.04, 2.205 1.04, 2.205 1.31, 1.635 1.31, 1.635 1.04))",2,6300
FreshMart Banksia Grove,Aisle 1 - Breakfast Cereals,Aisle 1,02,Glen Oats Wheat Bites 1kg,Product,Glen Oats,1,"POLYGON ((2.217 1.04, 2.457 1.04, 2.457 1.37, 2.217 1.37, 2.217 1.04))",2,2200
FreshMart Banksia Grove,Aisle 1 - Breakfast Cereals,Aisle 1,02,FreshMart Essentials Rice Pops 350g,Product,FreshMart Essentials,3,"POLYGON ((2.469 1.04, 3.069 1.04, 3.069 1.35, 2.469 1.35, 2.469 1.04))",2,7800
FreshMart Banksia Grove,Aisle 1 - Breakfast Cereals,Aisle 1,02,Shelf 3 - Bay 02,Shelf,,,"POLYGON ((1.6 1.46, 3.2 1.46, 3.2 1.5, 1.6 1.5, 1.6 1.46))",1,
FreshMart Banksia Grove,Aisle 1 - Breakfast Cereals,Aisle 1,02,Glen Oats Corn Flakes 500g,Product,Glen Oats,1,"POLYGON ((1.635 1.5, 1.835 1.5, 1.835 1.8, 1.635 1.8, 1.635 1.5))",2,3600
FreshMart Banksia Grove,Aisle 1 - Breakfast Cereals,Aisle 1,02,FreshMart Essentials Wheat Bites 1kg,Product,FreshMart Essentials,2,"POLYGON ((1.847 1.5, 2.327 1.5, 2.327 1.83, 1.847 1.83, 1.847 1.5))",2,5100
FreshMart Banksia Grove,Aisle 1 - Breakfast Cereals,Aisle 1,02,Morning Mills Oat Sachets 10pk,Product,Morning Mills,1,"POLYGON ((2.339 1.5, 2.519 1.5, 2.519 1.74, 2.339 1.74, 2.339 1.5))",2,2500
FreshMart Banksia Grove,Aisle 1 - Breakfast Cereals,Aisle 1,02,SunHarvest Rice Pops 350g,Product,SunHarvest,1,"POLYGON ((2.531 1.5, 2.731 1.5, 2.731 1.81, 2.531 1.81, 2.531 1.5))",2,2000
FreshMart Banksia Grove,Aisle 1 - Breakfast Cereals,Aisle 1,02,Glen Oats Wheat Bites 1kg,Product,Glen Oats,1,"POLYGON ((2.743 1.5, 2.983 1.5, 2.983 1.83, 2.743 1.83, 2.743 1.5))",2,3200
FreshMart Banksia Grove,Aisle 1 - Breakfast Cereals,Aisle 1,02,Shelf 4 - Bay 02,Shelf,,,"POLYGON ((1.6 1.86, 3.2 1.86, 3.2 1.9, 1.6 1.9, 1.6 1.86))",1,
FreshMart Banksia Grove,Aisle 1 - Breakfast Cereals,Aisle 1,02,Glen Oats Granola Clusters 450g,Product,Glen Oats,2,"POLYGON ((1.635 1.9, 2.015 1.9, 2.015 2.17, 1.635 2.17, 1.635 1.9))",2,4900
FreshMart Banksia Grove,Aisle 1 - Breakfast Cereals,Aisle 1,02,FreshMart Essentials Oat Sachets 10pk,Product,FreshMart Essentials,2,"POLYGON ((2.027 1.9, 2.387 1.9, 2.387 2.14, 2.027 2.14, 2.027 1.9))",2,5300
FreshMart Banksia Grove,Aisle 1 - Breakfast Cereals,Aisle 1,02,FreshMart Essentials Granola Clusters 450g,Product,FreshMart Essentials,2,"POLYGON ((2.399 1.9, 2.779 1.9, 2.779 2.17, 2.399 2.17, 2.399 1.9))",2,6800
FreshMart Banksia Grove,Aisle 1 - Breakfast Cereals,Aisle 1,02,FreshMart Essentials Oat Sachets 10pk,Product,FreshMart Essentials,2,"POLYGON ((2.791 1.9, 3.151 1.9, 3.151 2.14, 2.791 2.14, 2.791 1.9))",2,5400
FreshMart Banksia Grove,Aisle 1 - Breakfast Cereals,Aisle 1,03,Base Deck - Bay 03,Base Deck,,,"POLYGON ((3.2 0, 4.8 0, 4.8 0.1, 3.2 0.1, 3.2 0))",1,
FreshMart Banksia Grove,Aisle 1 - Breakfast Cereals,Aisle 1,03,Glen Oats Wheat Bites 1kg,Product,Glen Oats,3,"POLYGON ((3.235 0.1, 3.955 0.1, 3.955 0.43, 3.235 0.43, 3.235 0.1))",2,10000
FreshMart Banksia Grove,Aisle 1 - Breakfast Cereals,Aisle 1,03,Glen Oats Toasted Muesli 750g,Product,Glen Oats,1,"POLYGON ((3.967 0.1, 4.177 0.1, 4.177 0.38, 3.967 0.38, 3.967 0.1))",2,3000
FreshMart Banksia Grove,Aisle 1 - Breakfast Cereals,Aisle 1,03,FreshMart Essentials Wheat Bites 1kg,Product,FreshMart Essentials,2,"POLYGON ((4.189 0.1, 4.669 0.1, 4.669 0.43, 4.189 0.43, 4.189 0.1))",2,5400
FreshMart Banksia Grove,Aisle 1 - Breakfast Cereals,Aisle 1,03,Shelf 1 - Bay 03,Shelf,,,"POLYGON ((3.2 0.53, 4.8 0.53, 4.8 0.57, 3.2 0.57, 3.2 0.53))",1,
FreshMart Banksia Grove,Aisle 1 - Breakfast Cereals,Aisle 1,03,Glen Oats Toasted Muesli 750g,Product,Glen Oats,1,"POLYGON ((3.235 0.57, 3.445 0.57, 3.445 0.85, 3.235 0.85, 3.235 0.57))",2,2100
FreshMart Banksia Grove,Aisle 1 - Breakfast Cereals,Aisle 1,03,Morning Mills Toasted Muesli 750g,Product,Morning Mills,3,"POLYGON ((3.457 0.57, 4.087 0.57, 4.087 0.85, 3.457 0.85, 3.457 0.57))",2,6300
FreshMart Banksia Grove,Aisle 1 - Breakfast Cereals,Aisle 1,03,Morning Mills Granola Clusters 450g,Product,Morning Mills,1,"POLYGON ((4.099 0.57, 4.289 0.57, 4.289 0.84, 4.099 0.84, 4.099 0.57))",2,1900
FreshMart Banksia Grove,Aisle 1 - Breakfast Cereals,Aisle 1,03,FreshMart Essentials Granola Clusters 450g,Product,FreshMart Essentials,1,"POLYGON ((4.301 0.57, 4.491 0.57, 4.491 0.84, 4.301 0.84, 4.301 0.57))",2,3000
FreshMart Banksia Grove,Aisle 1 - Breakfast Cereals,Aisle 1,03,Glen Oats Rice Pops 350g,Product,Glen Oats,1,"POLYGON ((4.503 0.57, 4.703 0.57, 4.703 0.88, 4.503 0.88, 4.503 0.57))",2,3300
FreshMart Banksia Grove,Aisle 1 - Breakfast Cereals,Aisle 1,03,Shelf 2 - Bay 03,Shelf,,,"POLYGON ((3.2 1, 4.8 1, 4.8 1.04, 3.2 1.04, 3.2 1))",1,
FreshMart Banksia Grove,Aisle 1 - Breakfast Cereals,Aisle 1,03,Glen Oats Oat Sachets 10pk,Product,Glen Oats,2,"POLYGON ((3.235 1.04, 3.595 1.04, 3.595 1.28, 3.235 1.28, 3.235 1.04))",2,4000
FreshMart Banksia Grove,Aisle 1 - Breakfast Cereals,Aisle 1,03,Morning Mills Oat Sachets 10pk,Product,Morning Mills,1,"POLYGON ((3.607 1.04, 3.787 1.04, 3.787 1.28, 3.607 1.28, 3.607 1.04))",2,2800
FreshMart Banksia Grove,Aisle 1 - Breakfast Cereals,Aisle 1,03,Glen Oats Corn Flakes 500g,Product,Glen Oats,1,"POLYGON ((3.799 1.04, 3.999 1.04, 3.999 1.34, 3.799 1.34, 3.799 1.04))",2,3500
FreshMart Banksia Grove,Aisle 1 - Breakfast Cereals,Aisle 1,03,Morning Mills Oat Sachets 10pk,Product,Morning Mills,1,"POLYGON ((4.011 1.04, 4.191 1.04, 4.191 1.28, 4.011 1.28, 4.011 1.04))",2,3100
FreshMart Banksia Grove,Aisle 1 - Breakfast Cereals,Aisle 1,03,SunHarvest Granola Clusters 450g,Product,SunHarvest,2,"POLYGON ((4.203 1.04, 4.583 1.04, 4.583 1.31, 4.203 1.31, 4.203 1.04))",2,6800
FreshMart Banksia Grove,Aisle 1 - Breakfast Cereals,Aisle 1,03,Shelf 3 - Bay 03,Shelf,,,"POLYGON ((3.2 1.46, 4.8 1.46, 4.8 1.5, 3.2 1.5, 3.2 1.46))",1,
FreshMart Banksia Grove,Aisle 1 - Breakfast Cereals,Aisle 1,03,Glen Oats Toasted Muesli 750g,Product,Glen Oats,2,"POLYGON ((3.235 1.5, 3.655 1.5, 3.655 1.78, 3.235 1.78, 3.235 1.5))",2,4900
FreshMart Banksia Grove,Aisle 1 - Breakfast Cereals,Aisle 1,03,SunHarvest Granola Clusters 450g,Product,SunHarvest,1,"POLYGON ((3.667 1.5, 3.857 1.5, 3.857 1.77, 3.667 1.77, 3.667 1.5))",2,3400
FreshMart Banksia Grove,Aisle 1 - Breakfast Cereals,Aisle 1,03,SunHarvest Wheat Bites 1kg,Product,SunHarvest,2,"POLYGON ((3.869 1.5, 4.349 1.5, 4.349 1.83, 3.869 1.83, 3.869 1.5))",2,3900
FreshMart Banksia Grove,Aisle 1 - Breakfast Cereals,Aisle 1,03,SunHarvest Rice Pops 350g,Product,SunHarvest,1,"POLYGON ((4.361 1.5, 4.561 1.5, 4.561 1.81, 4.361 1.81, 4.361 1.5))",2,2100
FreshMart Banksia Grove,Aisle 1 - Breakfast Cereals,Aisle 1,03,SunHarvest Oat Sachets 10pk,Product,SunHarvest,1,"POLYGON ((4.573 1.5, 4.753 1.5, 4.753 1.74, 4.573 1.74, 4.573 1.5))",2,2000
FreshMart Banksia Grove,Aisle 1 - Breakfast Cereals,Aisle 1,03,Shelf 4 - Bay 03,Shelf,,,"POLYGON ((3.2 1.86, 4.8 1.86, 4.8 1.9, 3.2 1.9, 3.2 1.86))",1,
FreshMart Banksia Grove,Aisle 1 - Breakfast Cereals,Aisle 1,03,Glen Oats Granola Clusters 450g,Product,Glen Oats,3,"POLYGON ((3.235 1.9, 3.805 1.9, 3.805 2.17, 3.235 2.17, 3.235 1.9))",2,10800
FreshMart Banksia Grove,Aisle 1 - Breakfast Cereals,Aisle 1,03,FreshMart Essentials Oat Sachets 10pk,Product,FreshMart Essentials,3,"POLYGON ((3.817 1.9, 4.357 1.9, 4.357 2.14, 3.817 2.14, 3.817 1.9))",2,7000
FreshMart Banksia Grove,Aisle 1 - Breakfast Cereals,Aisle 1,03,FreshMart Essentials Oat Sachets 10pk,Product,FreshMart Essentials,2,"POLYGON ((4.369 1.9, 4.729 1.9, 4.729 2.14, 4.369 2.14, 4.369 1.9))",2,6500
FreshMart Banksia Grove,Aisle 1 - Breakfast Cereals,Aisle 1,04,Base Deck - Bay 04,Base Deck,,,"POLYGON ((4.8 0, 6.4 0, 6.4 0.1, 4.8 0.1, 4.8 0))",1,
FreshMart Banksia Grove,Aisle 1 - Breakfast Cereals,Aisle 1,04,FreshMart Essentials Corn Flakes 500g,Product,FreshMart Essentials,3,"POLYGON ((4.835 0.1, 5.435 0.1, 5.435 0.4, 4.835 0.4, 4.835 0.1))",2,9200
FreshMart Banksia Grove,Aisle 1 - Breakfast Cereals,Aisle 1,04,FreshMart Essentials Toasted Muesli 750g,Product,FreshMart Essentials,3,"POLYGON ((5.447 0.1, 6.077 0.1, 6.077 0.38, 5.447 0.38, 5.447 0.1))",2,10800
FreshMart Banksia Grove,Aisle 1 - Breakfast Cereals,Aisle 1,04,Glen Oats Rice Pops 350g,Product,Glen Oats,1,"POLYGON ((6.089 0.1, 6.289 0.1, 6.289 0.41, 6.089 0.41, 6.089 0.1))",2,2300
FreshMart Banksia Grove,Aisle 1 - Breakfast Cereals,Aisle 1,04,Shelf 1 - Bay 04,Shelf,,,"POLYGON ((4.8 0.53, 6.4 0.53, 6.4 0.57, 4.8 0.57, 4.8 0.53))",1,
FreshMart Banksia Grove,Aisle 1 - Breakfast Cereals,Aisle 1,04,Glen Oats Rice Pops 350g,Product,Glen Oats,1,"POLYGON ((4.835 0.57, 5.035 0.57, 5.035 0.88, 4.835 0.88, 4.835 0.57))",2,2800
FreshMart Banksia Grove,Aisle 1 - Breakfast Cereals,Aisle 1,04,Glen Oats Oat Sachets 10pk,Product,Glen Oats,1,"POLYGON ((5.047 0.57, 5.227 0.57, 5.227 0.81, 5.047 0.81, 5.047 0.57))",2,2800
FreshMart Banksia Grove,Aisle 1 - Breakfast Cereals,Aisle 1,04,SunHarvest Corn Flakes 500g,Product,SunHarvest,3,"POLYGON ((5.239 0.57, 5.839 0.57, 5.839 0.87, 5.239 0.87, 5.239 0.57))",2,5900
FreshMart Banksia Grove,Aisle 1 - Breakfast Cereals,Aisle 1,04,Morning Mills Oat Sachets 10pk,Product,Morning Mills,1,"POLYGON ((5.851 0.57, 6.031 0.57, 6.031 0.81, 5.851 0.81, 5.851 0.57))",2,2900
FreshMart Banksia Grove,Aisle 1 - Breakfast Cereals,Aisle 1,04,Glen Oats Rice Pops 350g,Product,Glen Oats,1,"POLYGON ((6.043 0.57, 6.243 0.57, 6.243 0.88, 6.043 0.88, 6.043 0.57))",2,2100
FreshMart Banksia Grove,Aisle 1 - Breakfast Cereals,Aisle 1,04,Shelf 2 - Bay 04,Shelf,,,"POLYGON ((4.8 1, 6.4 1, 6.4 1.04, 4.8 1.04, 4.8 1))",1,
FreshMart Banksia Grove,Aisle 1 - Breakfast Cereals,Aisle 1,04,FreshMart Essentials Granola Clusters 450g,Product,FreshMart Essentials,2,"POLYGON ((4.835 1.04, 5.215 1.04, 5.215 1.31, 4.835 1.31, 4.835 1.04))",2,3700
FreshMart Banksia Grove,Aisle 1 - Breakfast Cereals,Aisle 1,04,Glen Oats Rice Pops 350g,Product,Glen Oats,2,"POLYGON ((5.227 1.04, 5.627 1.04, 5.627 1.35, 5.227 1.35, 5.227 1.04))",2,6100
FreshMart Banksia Grove,Aisle 1 - Breakfast Cereals,Aisle 1,04,Glen Oats Toasted Muesli 750g,Product,Glen Oats,3,"POLYGON ((5.639 1.04, 6.269 1.04, 6.269 1.32, 5.639 1.32, 5.639 1.04))",2,6900
FreshMart Banksia Grove,Aisle 1 - Breakfast Cereals,Aisle 1,04,Shelf 3 - Bay 04,Shelf,,,"POLYGON ((4.8 1.46, 6.4 1.46, 6.4 1.5, 4.8 1.5, 4.8 1.46))",1,
FreshMart Banksia Grove,Aisle 1 - Breakfast Cereals,Aisle 1,04,FreshMart Essentials Wheat Bites 1kg,Product,FreshMart Essentials,2,"POLYGON ((4.835 1.5, 5.315 1.5, 5.315 1.83, 4.835 1.83, 4.835 1.5))",2,6500
FreshMart Banksia Grove,Aisle 1 - Breakfast Cereals,Aisle 1,04,Morning Mills Oat Sachets 10pk,Product,Morning Mills,3,"POLYGON ((5.327 1.5, 5.867 1.5, 5.867 1.74, 5.327 1.74, 5.327 1.5))",2,8100
FreshMart Banksia Grove,Aisle 1 - Breakfast Cereals,Aisle 1,04,Glen Oats Rice Pops 350g,Product,Glen Oats,2,"POLYGON ((5.879 1.5, 6.279 1.5, 6.279 1.81, 5.879 1.81, 5.879 1.5))",2,3600
FreshMart Banksia Grove,Aisle 1 - Breakfast Cereals,Aisle 1,04,Shelf 4 - Bay 04,Shelf,,,"POLYGON ((4.8 1.86, 6.4 1.86, 6.4 1.9, 4.8 1.9, 4.8 1.86))",1,
FreshMart Banksia Grove,Aisle 1 - Breakfast Cereals,Aisle 1,04,Glen Oats Oat Sachets 10pk,Product,Glen Oats,1,"POLYGON ((4.835 1.9, 5.015 1.9, 5.015 2.14, 4.835 2.14, 4.835 1.9))",2,2000
FreshMart Banksia Grove,Aisle 1 - Breakfast Cereals,Aisle 1,04,Morning Mills Granola Clusters 450g,Product,Morning Mills,1,"POLYGON ((5.027 1.9, 5.217 1.9, 5.217 2.17, 5.027 2.17, 5.027 1.9))",2,3600
FreshMart Banksia Grove,Aisle 1 - Breakfast Cereals,Aisle 1,04,Glen Oats Granola Clusters 450g,Product,Glen Oats,2,"POLYGON ((5.229 1.9, 5.609 1.9, 5.609 2.17, 5.229 2.17, 5.229 1.9))",2,4900
FreshMart Banksia Grove,Aisle 1 - Breakfast Cereals,Aisle 1,04,FreshMart Essentials Oat Sachets 10pk,Product,FreshMart Essentials,2,"POLYGON ((5.621 1.9, 5.981 1.9, 5.981 2.14, 5.621 2.14, 5.621 1.9))",2,7100
FreshMart Banksia Grove,Aisle 1 - Breakfast Cereals,Aisle 1,04,SunHarvest Oat Sachets 10pk,Product,SunHarvest,1,"POLYGON ((5.993 1.9, 6.173 1.9, 6.173 2.14, 5.993 2.14, 5.993 1.9))",2,2100
FreshMart Banksia Grove,Aisle 1 - Breakfast Cereals,Aisle 1,04,FreshMart Essentials Oat Sachets 10pk,Product,FreshMart Essentials,1,"POLYGON ((6.185 1.9, 6.365 1.9, 6.365 2.14, 6.185 2.14, 6.185 1.9))",2,3500
FreshMart Banksia Grove,Aisle 1 - Spreads & Honey,Aisle 1,05,Bay Frame 05,Rack,,,"POLYGON ((0 0, 1.6 0, 1.6 2.2, 0 2.2, 0 0))",0,
FreshMart Banksia Grove,Aisle 1 - Spreads & Honey,Aisle 1,06,Bay Frame 06,Rack,,,"POLYGON ((1.6 0, 3.2 0, 3.2 2.2, 1.6 2.2, 1.6 0))",0,
FreshMart Banksia Grove,Aisle 1 - Spreads & Honey,Aisle 1,07,Bay Frame 07,Rack,,,"POLYGON ((3.2 0, 4.8 0, 4.8 2.2, 3.2 2.2, 3.2 0))",0,
FreshMart Banksia Grove,Aisle 1 - Spreads & Honey,Aisle 1,,Upright 1,Rack,,,"POLYGON ((0 0, 0.025 0, 0.025 2.2, 0 2.2, 0 0))",0,
FreshMart Banksia Grove,Aisle 1 - Spreads & Honey,Aisle 1,,Upright 2,Rack,,,"POLYGON ((1.575 0, 1.625 0, 1.625 2.2, 1.575 2.2, 1.575 0))",0,
FreshMart Banksia Grove,Aisle 1 - Spreads & Honey,Aisle 1,,Upright 3,Rack,,,"POLYGON ((3.175 0, 3.225 0, 3.225 2.2, 3.175 2.2, 3.175 0))",0,
FreshMart Banksia Grove,Aisle 1 - Spreads & Honey,Aisle 1,,Upright 4,Rack,,,"POLYGON ((4.775 0, 4.8 0, 4.8 2.2, 4.775 2.2, 4.775 0))",0,
FreshMart Banksia Grove,Aisle 1 - Spreads & Honey,Aisle 1,05,Base Deck - Bay 05,Base Deck,,,"POLYGON ((0 0, 1.6 0, 1.6 0.1, 0 0.1, 0 0))",1,
FreshMart Banksia Grove,Aisle 1 - Spreads & Honey,Aisle 1,05,BeeWell Choc Hazelnut 400g,Product,BeeWell,1,"POLYGON ((0.035 0.1, 0.125 0.1, 0.125 0.23, 0.035 0.23, 0.035 0.1))",2,2300
FreshMart Banksia Grove,Aisle 1 - Spreads & Honey,Aisle 1,05,NutCo Marmalade 450g,Product,NutCo,2,"POLYGON ((0.137 0.1, 0.297 0.1, 0.297 0.22, 0.137 0.22, 0.137 0.1))",2,4600
FreshMart Banksia Grove,Aisle 1 - Spreads & Honey,Aisle 1,05,Orchard Lane Vegemate 220g,Product,Orchard Lane,3,"POLYGON ((0.309 0.1, 0.519 0.1, 0.519 0.2, 0.309 0.2, 0.309 0.1))",2,4900
FreshMart Banksia Grove,Aisle 1 - Spreads & Honey,Aisle 1,05,Orchard Lane Strawberry Jam 320g,Product,Orchard Lane,1,"POLYGON ((0.531 0.1, 0.611 0.1, 0.611 0.22, 0.531 0.22, 0.531 0.1))",2,1900
FreshMart Banksia Grove,Aisle 1 - Spreads & Honey,Aisle 1,05,BeeWell Strawberry Jam 320g,Product,BeeWell,1,"POLYGON ((0.623 0.1, 0.703 0.1, 0.703 0.22, 0.623 0.22, 0.623 0.1))",2,2200
FreshMart Banksia Grove,Aisle 1 - Spreads & Honey,Aisle 1,05,Orchard Lane Honey Squeeze 500g,Product,Orchard Lane,1,"POLYGON ((0.715 0.1, 0.805 0.1, 0.805 0.3, 0.715 0.3, 0.715 0.1))",2,2000
FreshMart Banksia Grove,Aisle 1 - Spreads & Honey,Aisle 1,05,NutCo Honey Squeeze 500g,Product,NutCo,2,"POLYGON ((0.817 0.1, 0.997 0.1, 0.997 0.3, 0.817 0.3, 0.817 0.1))",2,3300
FreshMart Banksia Grove,Aisle 1 - Spreads & Honey,Aisle 1,05,NutCo Marmalade 450g,Product,NutCo,2,"POLYGON ((1.009 0.1, 1.169 0.1, 1.169 0.22, 1.009 0.22, 1.009 0.1))",2,4500
FreshMart Banksia Grove,Aisle 1 - Spreads & Honey,Aisle 1,05,NutCo Honey Squeeze 500g,Product,NutCo,2,"POLYGON ((1.181 0.1, 1.361 0.1, 1.361 0.3, 1.181 0.3, 1.181 0.1))",2,5400
FreshMart Banksia Grove,Aisle 1 - Spreads & Honey,Aisle 1,05,NutCo Marmalade 450g,Product,NutCo,1,"POLYGON ((1.373 0.1, 1.453 0.1, 1.453 0.22, 1.373 0.22, 1.373 0.1))",2,1700
FreshMart Banksia Grove,Aisle 1 - Spreads & Honey,Aisle 1,05,BeeWell Marmalade 450g,Product,BeeWell,1,"POLYGON ((1.465 0.1, 1.545 0.1, 1.545 0.22, 1.465 0.22, 1.465 0.1))",2,2500
FreshMart Banksia Grove,Aisle 1 - Spreads & Honey,Aisle 1,05,Shelf 1 - Bay 05,Shelf,,,"POLYGON ((0 0.53, 1.6 0.53, 1.6 0.57, 0 0.57, 0 0.53))",1,
FreshMart Banksia Grove,Aisle 1 - Spreads & Honey,Aisle 1,05,FreshMart Essentials Strawberry Jam 320g,Product,FreshMart Essentials,3,"POLYGON ((0.035 0.57, 0.275 0.57, 0.275 0.69, 0.035 0.69, 0.035 0.57))",2,5500
FreshMart Banksia Grove,Aisle 1 - Spreads & Honey,Aisle 1,05,Orchard Lane Marmalade 450g,Product,Orchard Lane,1,"POLYGON ((0.287 0.57, 0.367 0.57, 0.367 0.69, 0.287 0.69, 0.287 0.57))",2,2600
FreshMart Banksia Grove,Aisle 1 - Spreads & Honey,Aisle 1,05,Orchard Lane Vegemate 220g,Product,Orchard Lane,1,"POLYGON ((0.379 0.57, 0.449 0.57, 0.449 0.67, 0.379 0.67, 0.379 0.57))",2,2200
FreshMart Banksia Grove,Aisle 1 - Spreads & Honey,Aisle 1,05,NutCo Honey Squeeze 500g,Product,NutCo,1,"POLYGON ((0.461 0.57, 0.551 0.57, 0.551 0.77, 0.461 0.77, 0.461 0.57))",2,1700
FreshMart Banksia Grove,Aisle 1 - Spreads & Honey,Aisle 1,05,FreshMart Essentials Marmalade 450g,Product,FreshMart Essentials,3,"POLYGON ((0.563 0.57, 0.803 0.57, 0.803 0.69, 0.563 0.69, 0.563 0.57))",2,4600
FreshMart Banksia Grove,Aisle 1 - Spreads & Honey,Aisle 1,05,NutCo Strawberry Jam 320g,Product,NutCo,3,"POLYGON ((0.815 0.57, 1.055 0.57, 1.055 0.69, 0.815 0.69, 0.815 0.57))",2,6900
FreshMart Banksia Grove,Aisle 1 - Spreads & Honey,Aisle 1,05,NutCo Vegemate 220g,Product,NutCo,1,"POLYGON ((1.067 0.57, 1.137 0.57, 1.137 0.67, 1.067 0.67, 1.067 0.57))",2,1900
FreshMart Banksia Grove,Aisle 1 - Spreads & Honey,Aisle 1,05,NutCo Peanut Butter 375g,Product,NutCo,3,"POLYGON ((1.149 0.57, 1.419 0.57, 1.419 0.71, 1.149 0.71, 1.149 0.57))",2,9600
FreshMart Banksia Grove,Aisle 1 - Spreads & Honey,Aisle 1,05,Orchard Lane Vegemate 220g,Product,Orchard Lane,1,"POLYGON ((1.431 0.57, 1.501 0.57, 1.501 0.67, 1.431 0.67, 1.431 0.57))",2,3200
FreshMart Banksia Grove,Aisle 1 - Spreads & Honey,Aisle 1,05,Shelf 2 - Bay 05,Shelf,,,"POLYGON ((0 1, 1.6 1, 1.6 1.04, 0 1.04, 0 1))",1,
FreshMart Banksia Grove,Aisle 1 - Spreads & Honey,Aisle 1,05,Orchard Lane Strawberry Jam 320g,Product,Orchard Lane,3,"POLYGON ((0.035 1.04, 0.275 1.04, 0.275 1.16, 0.035 1.16, 0.035 1.04))",2,6400
FreshMart Banksia Grove,Aisle 1 - Spreads & Honey,Aisle 1,05,Orchard Lane Choc Hazelnut 400g,Product,Orchard Lane,2,"POLYGON ((0.287 1.04, 0.467 1.04, 0.467 1.17, 0.287 1.17, 0.287 1.04))",2,3900
FreshMart Banksia Grove,Aisle 1 - Spreads & Honey,Aisle 1,05,FreshMart Essentials Marmalade 450g,Product,FreshMart Essentials,3,"POLYGON ((0.479 1.04, 0.719 1.04, 0.719 1.16, 0.479 1.16, 0.479 1.04))",2,6300
FreshMart Banksia Grove,Aisle 1 - Spreads & Honey,Aisle 1,05,NutCo Marmalade 450g,Product,NutCo,3,"POLYGON ((0.731 1.04, 0.971 1.04, 0.971 1.16, 0.731 1.16, 0.731 1.04))",2,5200
FreshMart Banksia Grove,Aisle 1 - Spreads & Honey,Aisle 1,05,BeeWell Honey Squeeze 500g,Product,BeeWell,1,"POLYGON ((0.983 1.04, 1.073 1.04, 1.073 1.24, 0.983 1.24, 0.983 1.04))",2,2000
FreshMart Banksia Grove,Aisle 1 - Spreads & Honey,Aisle 1,05,NutCo Marmalade 450g,Product,NutCo,3,"POLYGON ((1.085 1.04, 1.325 1.04, 1.325 1.16, 1.085 1.16, 1.085 1.04))",2,5900
FreshMart Banksia Grove,Aisle 1 - Spreads & Honey,Aisle 1,05,BeeWell Vegemate 220g,Product,BeeWell,3,"POLYGON ((1.337 1.04, 1.547 1.04, 1.547 1.14, 1.337 1.14, 1.337 1.04))",2,4500
FreshMart Banksia Grove,Aisle 1 - Spreads & Honey,Aisle 1,05,Shelf 3 - Bay 05,Shelf,,,"POLYGON ((0 1.46, 1.6 1.46, 1.6 1.5, 0 1.5, 0 1.46))",1,
FreshMart Banksia Grove,Aisle 1 - Spreads & Honey,Aisle 1,05,BeeWell Peanut Butter 375g,Product,BeeWell,3,"POLYGON ((0.035 1.5, 0.305 1.5, 0.305 1.64, 0.035 1.64, 0.035 1.5))",2,9100
FreshMart Banksia Grove,Aisle 1 - Spreads & Honey,Aisle 1,05,BeeWell Peanut Butter 375g,Product,BeeWell,3,"POLYGON ((0.317 1.5, 0.587 1.5, 0.587 1.64, 0.317 1.64, 0.317 1.5))",2,7600
FreshMart Banksia Grove,Aisle 1 - Spreads & Honey,Aisle 1,05,FreshMart Essentials Marmalade 450g,Product,FreshMart Essentials,2,"POLYGON ((0.599 1.5, 0.759 1.5, 0.759 1.62, 0.599 1.62, 0.599 1.5))",2,4400
FreshMart Banksia Grove,Aisle 1 - Spreads & Honey,Aisle 1,05,Orchard Lane Strawberry Jam 320g,Product,Orchard Lane,3,"POLYGON ((0.771 1.5, 1.011 1.5, 1.011 1.62, 0.771 1.62, 0.771 1.5))",2,4500
FreshMart Banksia Grove,Aisle 1 - Spreads & Honey,Aisle 1,05,BeeWell Honey Squeeze 500g,Product,BeeWell,3,"POLYGON ((1.023 1.5, 1.293 1.5, 1.293 1.7, 1.023 1.7, 1.023 1.5))",2,5700
FreshMart Banksia Grove,Aisle 1 - Spreads & Honey,Aisle 1,05,BeeWell Choc Hazelnut 400g,Product,BeeWell,1,"POLYGON ((1.305 1.5, 1.395 1.5, 1.395 1.63, 1.305 1.63, 1.305 1.5))",2,1900
FreshMart Banksia Grove,Aisle 1 - Spreads & Honey,Aisle 1,05,Orchard Lane Peanut Butter 375g,Product,Orchard Lane,1,"POLYGON ((1.407 1.5, 1.497 1.5, 1.497 1.64, 1.407 1.64, 1.407 1.5))",2,2900
FreshMart Banksia Grove,Aisle 1 - Spreads & Honey,Aisle 1,05,Shelf 4 - Bay 05,Shelf,,,"POLYGON ((0 1.86, 1.6 1.86, 1.6 1.9, 0 1.9, 0 1.86))",1,
FreshMart Banksia Grove,Aisle 1 - Spreads & Honey,Aisle 1,05,NutCo Choc Hazelnut 400g,Product,NutCo,2,"POLYGON ((0.035 1.9, 0.215 1.9, 0.215 2.03, 0.035 2.03, 0.035 1.9))",2,4100
FreshMart Banksia Grove,Aisle 1 - Spreads & Honey,Aisle 1,05,Orchard Lane Honey Squeeze 500g,Product,Orchard Lane,1,"POLYGON ((0.227 1.9, 0.317 1.9, 0.317 2.1, 0.227 2.1, 0.227 1.9))",2,3100
FreshMart Banksia Grove,Aisle 1 - Spreads & Honey,Aisle 1,05,NutCo Marmalade 450g,Product,NutCo,2,"POLYGON ((0.329 1.9, 0.489 1.9, 0.489 2.02, 0.329 2.02, 0.329 1.9))",2,6200
FreshMart Banksia Grove,Aisle 1 - Spreads & Honey,Aisle 1,05,BeeWell Peanut Butter 375g,Product,BeeWell,3,"POLYGON ((0.501 1.9, 0.771 1.9, 0.771 2.04, 0.501 2.04, 0.501 1.9))",2,4600
FreshMart Banksia Grove,Aisle 1 - Spreads & Honey,Aisle 1,05,FreshMart Essentials Choc Hazelnut 400g,Product,FreshMart Essentials,1,"POLYGON ((0.783 1.9, 0.873 1.9, 0.873 2.03, 0.783 2.03, 0.783 1.9))",2,1800
FreshMart Banksia Grove,Aisle 1 - Spreads & Honey,Aisle 1,05,FreshMart Essentials Peanut Butter 375g,Product,FreshMart Essentials,3,"POLYGON ((0.885 1.9, 1.155 1.9, 1.155 2.04, 0.885 2.04, 0.885 1.9))",2,6700
FreshMart Banksia Grove,Aisle 1 - Spreads & Honey,Aisle 1,05,FreshMart Essentials Choc Hazelnut 400g,Product,FreshMart Essentials,3,"POLYGON ((1.167 1.9, 1.437 1.9, 1.437 2.03, 1.167 2.03, 1.167 1.9))",2,8000
FreshMart Banksia Grove,Aisle 1 - Spreads & Honey,Aisle 1,05,NutCo Peanut Butter 375g,Product,NutCo,1,"POLYGON ((1.449 1.9, 1.539 1.9, 1.539 2.04, 1.449 2.04, 1.449 1.9))",2,3100
FreshMart Banksia Grove,Aisle 1 - Spreads & Honey,Aisle 1,06,Base Deck - Bay 06,Base Deck,,,"POLYGON ((1.6 0, 3.2 0, 3.2 0.1, 1.6 0.1, 1.6 0))",1,
FreshMart Banksia Grove,Aisle 1 - Spreads & Honey,Aisle 1,06,NutCo Vegemate 220g,Product,NutCo,3,"POLYGON ((1.635 0.1, 1.845 0.1, 1.845 0.2, 1.635 0.2, 1.635 0.1))",2,6700
FreshMart Banksia Grove,Aisle 1 - Spreads & Honey,Aisle 1,06,FreshMart Essentials Marmalade 450g,Product,FreshMart Essentials,1,"POLYGON ((1.857 0.1, 1.937 0.1, 1.937 0.22, 1.857 0.22, 1.857 0.1))",2,1500
FreshMart Banksia Grove,Aisle 1 - Spreads & Honey,Aisle 1,06,BeeWell Marmalade 450g,Product,BeeWell,2,"POLYGON ((1.949 0.1, 2.109 0.1, 2.109 0.22, 1.949 0.22, 1.949 0.1))",2,5600
FreshMart Banksia Grove,Aisle 1 - Spreads & Honey,Aisle 1,06,BeeWell Marmalade 450g,Product,BeeWell,3,"POLYGON ((2.121 0.1, 2.361 0.1, 2.361 0.22, 2.121 0.22, 2.121 0.1))",2,6200
FreshMart Banksia Grove,Aisle 1 - Spreads & Honey,Aisle 1,06,BeeWell Honey Squeeze 500g,Product,BeeWell,2,"POLYGON ((2.373 0.1, 2.553 0.1, 2.553 0.3, 2.373 0.3, 2.373 0.1))",2,4900
FreshMart Banksia Grove,Aisle 1 - Spreads & Honey,Aisle 1,06,BeeWell Marmalade 450g,Product,BeeWell,1,"POLYGON ((2.565 0.1, 2.645 0.1, 2.645 0.22, 2.565 0.22, 2.565 0.1))",2,1500
FreshMart Banksia Grove,Aisle 1 - Spreads & Honey,Aisle 1,06,NutCo Choc Hazelnut 400g,Product,NutCo,2,"POLYGON ((2.657 0.1, 2.837 0.1, 2.837 0.23, 2.657 0.23, 2.657 0.1))",2,5800
FreshMart Banksia Grove,Aisle 1 - Spreads & Honey,Aisle 1,06,BeeWell Honey Squeeze 500g,Product,BeeWell,2,"POLYGON ((2.849 0.1, 3.029 0.1, 3.029 0.3, 2.849 0.3, 2.849 0.1))",2,5000
FreshMart Banksia Grove,Aisle 1 - Spreads & Honey,Aisle 1,06,BeeWell Marmalade 450g,Product,BeeWell,1,"POLYGON ((3.041 0.1, 3.121 0.1, 3.121 0.22, 3.041 0.22, 3.041 0.1))",2,2400
FreshMart Banksia Grove,Aisle 1 - Spreads & Honey,Aisle 1,06,Shelf 1 - Bay 06,Shelf,,,"POLYGON ((1.6 0.53, 3.2 0.53, 3.2 0.57, 1.6 0.57, 1.6 0.53))",1,
FreshMart Banksia Grove,Aisle 1 - Spreads & Honey,Aisle 1,06,NutCo Honey Squeeze 500g,Product,NutCo,1,"POLYGON ((1.635 0.57, 1.725 0.57, 1.725 0.77, 1.635 0.77, 1.635 0.57))",2,3100
FreshMart Banksia Grove,Aisle 1 - Spreads & Honey,Aisle 1,06,NutCo Choc Hazelnut 400g,Product,NutCo,3,"POLYGON ((1.737 0.57, 2.007 0.57, 2.007 0.7, 1.737 0.7, 1.737 0.57))",2,6000
FreshMart Banksia Grove,Aisle 1 - Spreads & Honey,Aisle 1,06,BeeWell Choc Hazelnut 400g,Product,BeeWell,2,"POLYGON ((2.019 0.57, 2.199 0.57, 2.199 0.7, 2.019 0.7, 2.019 0.57))",2,4700
FreshMart Banksia Grove,Aisle 1 - Spreads & Honey,Aisle 1,06,FreshMart Essentials Vegemate 220g,Product,FreshMart Essentials,1,"POLYGON ((2.211 0.57, 2.281 0.57, 2.281 0.67, 2.211 0.67, 2.211 0.57))",2,2800
FreshMart Banksia Grove,Aisle 1 - Spreads & Honey,Aisle 1,06,Orchard Lane Honey Squeeze 500g,Product,Orchard Lane,2,"POLYGON ((2.293 0.57, 2.473 0.57, 2.473 0.77, 2.293 0.77, 2.293 0.57))",2,3600
FreshMart Banksia Grove,Aisle 1 - Spreads & Honey,Aisle 1,06,BeeWell Choc Hazelnut 400g,Product,BeeWell,3,"POLYGON ((2.485 0.57, 2.755 0.57, 2.755 0.7, 2.485 0.7, 2.485 0.57))",2,9400
FreshMart Banksia Grove,Aisle 1 - Spreads & Honey,Aisle 1,06,FreshMart Essentials Strawberry Jam 320g,Product,FreshMart Essentials,2,"POLYGON ((2.767 0.57, 2.927 0.57, 2.927 0.69, 2.767 0.69, 2.767 0.57))",2,5900
FreshMart Banksia Grove,Aisle 1 - Spreads & Honey,Aisle 1,06,NutCo Choc Hazelnut 400g,Product,NutCo,2,"POLYGON ((2.939 0.57, 3.119 0.57, 3.119 0.7, 2.939 0.7, 2.939 0.57))",2,3800
FreshMart Banksia Grove,Aisle 1 - Spreads & Honey,Aisle 1,06,Shelf 2 - Bay 06,Shelf,,,"POLYGON ((1.6 1, 3.2 1, 3.2 1.04, 1.6 1.04, 1.6 1))",1,
FreshMart Banksia Grove,Aisle 1 - Spreads & Honey,Aisle 1,06,BeeWell Peanut Butter 375g,Product,BeeWell,1,"POLYGON ((1.635 1.04, 1.725 1.04, 1.725 1.18, 1.635 1.18, 1.635 1.04))",2,2100
FreshMart Banksia Grove,Aisle 1 - Spreads & Honey,Aisle 1,06,BeeWell Vegemate 220g,Product,BeeWell,3,"POLYGON ((1.737 1.04, 1.947 1.04, 1.947 1.14, 1.737 1.14, 1.737 1.04))",2,7200
FreshMart Banksia Grove,Aisle 1 - Spreads & Honey,Aisle 1,06,BeeWell Strawberry Jam 320g,Product,BeeWell,3,"POLYGON ((1.959 1.04, 2.199 1.04, 2.199 1.16, 1.959 1.16, 1.959 1.04))",2,4800
FreshMart Banksia Grove,Aisle 1 - Spreads & Honey,Aisle 1,06,NutCo Honey Squeeze 500g,Product,NutCo,1,"POLYGON ((2.211 1.04, 2.301 1.04, 2.301 1.24, 2.211 1.24, 2.211 1.04))",2,1700
FreshMart Banksia Grove,Aisle 1 - Spreads & Honey,Aisle 1,06,NutCo Peanut Butter 375g,Product,NutCo,3,"POLYGON ((2.313 1.04, 2.583 1.04, 2.583 1.18, 2.313 1.18, 2.313 1.04))",2,7900
FreshMart Banksia Grove,Aisle 1 - Spreads & Honey,Aisle 1,06,FreshMart Essentials Honey Squeeze 500g,Product,FreshMart Essentials,1,"POLYGON ((2.595 1.04, 2.685 1.04, 2.685 1.24, 2.595 1.24, 2.595 1.04))",2,2500
FreshMart Banksia Grove,Aisle 1 - Spreads & Honey,Aisle 1,06,NutCo Choc Hazelnut 400g,Product,NutCo,3,"POLYGON ((2.697 1.04, 2.967 1.04, 2.967 1.17, 2.697 1.17, 2.697 1.04))",2,7200
FreshMart Banksia Grove,Aisle 1 - Spreads & Honey,Aisle 1,06,FreshMart Essentials Honey Squeeze 500g,Product,FreshMart Essentials,2,"POLYGON ((2.979 1.04, 3.159 1.04, 3.159 1.24, 2.979 1.24, 2.979 1.04))",2,4800
FreshMart Banksia Grove,Aisle 1 - Spreads & Honey,Aisle 1,06,Shelf 3 - Bay 06,Shelf,,,"POLYGON ((1.6 1.46, 3.2 1.46, 3.2 1.5, 1.6 1.5, 1.6 1.46))",1,
FreshMart Banksia Grove,Aisle 1 - Spreads & Honey,Aisle 1,06,BeeWell Choc Hazelnut 400g,Product,BeeWell,3,"POLYGON ((1.635 1.5, 1.905 1.5, 1.905 1.63, 1.635 1.63, 1.635 1.5))",2,7400
FreshMart Banksia Grove,Aisle 1 - Spreads & Honey,Aisle 1,06,FreshMart Essentials Marmalade 450g,Product,FreshMart Essentials,2,"POLYGON ((1.917 1.5, 2.077 1.5, 2.077 1.62, 1.917 1.62, 1.917 1.5))",2,6300
FreshMart Banksia Grove,Aisle 1 - Spreads & Honey,Aisle 1,06,NutCo Strawberry Jam 320g,Product,NutCo,3,"POLYGON ((2.089 1.5, 2.329 1.5, 2.329 1.62, 2.089 1.62, 2.089 1.5))",2,5500
FreshMart Banksia Grove,Aisle 1 - Spreads & Honey,Aisle 1,06,FreshMart Essentials Choc Hazelnut 400g,Product,FreshMart Essentials,1,"POLYGON ((2.341 1.5, 2.431 1.5, 2.431 1.63, 2.341 1.63, 2.341 1.5))",2,2200
FreshMart Banksia Grove,Aisle 1 - Spreads & Honey,Aisle 1,06,Orchard Lane Vegemate 220g,Product,Orchard Lane,1,"POLYGON ((2.443 1.5, 2.513 1.5, 2.513 1.6, 2.443 1.6, 2.443 1.5))",2,2600
FreshMart Banksia Grove,Aisle 1 - Spreads & Honey,Aisle 1,06,NutCo Strawberry Jam 320g,Product,NutCo,2,"POLYGON ((2.525 1.5, 2.685 1.5, 2.685 1.62, 2.525 1.62, 2.525 1.5))",2,5400
FreshMart Banksia Grove,Aisle 1 - Spreads & Honey,Aisle 1,06,NutCo Vegemate 220g,Product,NutCo,1,"POLYGON ((2.697 1.5, 2.767 1.5, 2.767 1.6, 2.697 1.6, 2.697 1.5))",2,3000
FreshMart Banksia Grove,Aisle 1 - Spreads & Honey,Aisle 1,06,FreshMart Essentials Peanut Butter 375g,Product,FreshMart Essentials,2,"POLYGON ((2.779 1.5, 2.959 1.5, 2.959 1.64, 2.779 1.64, 2.779 1.5))",2,5400
FreshMart Banksia Grove,Aisle 1 - Spreads & Honey,Aisle 1,06,FreshMart Essentials Marmalade 450g,Product,FreshMart Essentials,2,"POLYGON ((2.971 1.5, 3.131 1.5, 3.131 1.62, 2.971 1.62, 2.971 1.5))",2,3100
FreshMart Banksia Grove,Aisle 1 - Spreads & Honey,Aisle 1,06,Shelf 4 - Bay 06,Shelf,,,"POLYGON ((1.6 1.86, 3.2 1.86, 3.2 1.9, 1.6 1.9, 1.6 1.86))",1,
FreshMart Banksia Grove,Aisle 1 - Spreads & Honey,Aisle 1,06,BeeWell Vegemate 220g,Product,BeeWell,3,"POLYGON ((1.635 1.9, 1.845 1.9, 1.845 2, 1.635 2, 1.635 1.9))",2,6000
FreshMart Banksia Grove,Aisle 1 - Spreads & Honey,Aisle 1,06,FreshMart Essentials Vegemate 220g,Product,FreshMart Essentials,3,"POLYGON ((1.857 1.9, 2.067 1.9, 2.067 2, 1.857 2, 1.857 1.9))",2,7100
FreshMart Banksia Grove,Aisle 1 - Spreads & Honey,Aisle 1,06,BeeWell Peanut Butter 375g,Product,BeeWell,3,"POLYGON ((2.079 1.9, 2.349 1.9, 2.349 2.04, 2.079 2.04, 2.079 1.9))",2,9400
FreshMart Banksia Grove,Aisle 1 - Spreads & Honey,Aisle 1,06,FreshMart Essentials Vegemate 220g,Product,FreshMart Essentials,3,"POLYGON ((2.361 1.9, 2.571 1.9, 2.571 2, 2.361 2, 2.361 1.9))",2,8900
FreshMart Banksia Grove,Aisle 1 - Spreads & Honey,Aisle 1,06,Orchard Lane Peanut Butter 375g,Product,Orchard Lane,2,"POLYGON ((2.583 1.9, 2.763 1.9, 2.763 2.04, 2.583 2.04, 2.583 1.9))",2,5800
FreshMart Banksia Grove,Aisle 1 - Spreads & Honey,Aisle 1,06,Orchard Lane Strawberry Jam 320g,Product,Orchard Lane,3,"POLYGON ((2.775 1.9, 3.015 1.9, 3.015 2.02, 2.775 2.02, 2.775 1.9))",2,4800
FreshMart Banksia Grove,Aisle 1 - Spreads & Honey,Aisle 1,06,BeeWell Choc Hazelnut 400g,Product,BeeWell,1,"POLYGON ((3.027 1.9, 3.117 1.9, 3.117 2.03, 3.027 2.03, 3.027 1.9))",2,1800
FreshMart Banksia Grove,Aisle 1 - Spreads & Honey,Aisle 1,07,Base Deck - Bay 07,Base Deck,,,"POLYGON ((3.2 0, 4.8 0, 4.8 0.1, 3.2 0.1, 3.2 0))",1,
FreshMart Banksia Grove,Aisle 1 - Spreads & Honey,Aisle 1,07,Orchard Lane Choc Hazelnut 400g,Product,Orchard Lane,3,"POLYGON ((3.235 0.1, 3.505 0.1, 3.505 0.23, 3.235 0.23, 3.235 0.1))",2,8100
FreshMart Banksia Grove,Aisle 1 - Spreads & Honey,Aisle 1,07,Orchard Lane Choc Hazelnut 400g,Product,Orchard Lane,2,"POLYGON ((3.517 0.1, 3.697 0.1, 3.697 0.23, 3.517 0.23, 3.517 0.1))",2,4400
FreshMart Banksia Grove,Aisle 1 - Spreads & Honey,Aisle 1,07,Orchard Lane Peanut Butter 375g,Product,Orchard Lane,1,"POLYGON ((3.709 0.1, 3.799 0.1, 3.799 0.24, 3.709 0.24, 3.709 0.1))",2,2600
FreshMart Banksia Grove,Aisle 1 - Spreads & Honey,Aisle 1,07,FreshMart Essentials Marmalade 450g,Product,FreshMart Essentials,1,"POLYGON ((3.811 0.1, 3.891 0.1, 3.891 0.22, 3.811 0.22, 3.811 0.1))",2,2100
FreshMart Banksia Grove,Aisle 1 - Spreads & Honey,Aisle 1,07,Orchard Lane Vegemate 220g,Product,Orchard Lane,3,"POLYGON ((3.903 0.1, 4.113 0.1, 4.113 0.2, 3.903 0.2, 3.903 0.1))",2,8000
FreshMart Banksia Grove,Aisle 1 - Spreads & Honey,Aisle 1,07,Orchard Lane Choc Hazelnut 400g,Product,Orchard Lane,1,"POLYGON ((4.125 0.1, 4.215 0.1, 4.215 0.23, 4.125 0.23, 4.125 0.1))",2,1600
FreshMart Banksia Grove,Aisle 1 - Spreads & Honey,Aisle 1,07,NutCo Honey Squeeze 500g,Product,NutCo,3,"POLYGON ((4.227 0.1, 4.497 0.1, 4.497 0.3, 4.227 0.3, 4.227 0.1))",2,6000
FreshMart Banksia Grove,Aisle 1 - Spreads & Honey,Aisle 1,07,FreshMart Essentials Honey Squeeze 500g,Product,FreshMart Essentials,1,"POLYGON ((4.509 0.1, 4.599 0.1, 4.599 0.3, 4.509 0.3, 4.509 0.1))",2,1600
FreshMart Banksia Grove,Aisle 1 - Spreads & Honey,Aisle 1,07,BeeWell Strawberry Jam 320g,Product,BeeWell,1,"POLYGON ((4.611 0.1, 4.691 0.1, 4.691 0.22, 4.611 0.22, 4.611 0.1))",2,2300
FreshMart Banksia Grove,Aisle 1 - Spreads & Honey,Aisle 1,07,Shelf 1 - Bay 07,Shelf,,,"POLYGON ((3.2 0.53, 4.8 0.53, 4.8 0.57, 3.2 0.57, 3.2 0.53))",1,
FreshMart Banksia Grove,Aisle 1 - Spreads & Honey,Aisle 1,07,Orchard Lane Peanut Butter 375g,Product,Orchard Lane,2,"POLYGON ((3.235 0.57, 3.415 0.57, 3.415 0.71, 3.235 0.71, 3.235 0.57))",2,6100
FreshMart Banksia Grove,Aisle 1 - Spreads & Honey,Aisle 1,07,FreshMart Essentials Strawberry Jam 320g,Product,FreshMart Essentials,1,"POLYGON ((3.427 0.57, 3.507 0.57, 3.507 0.69, 3.427 0.69, 3.427 0.57))",2,2100
FreshMart Banksia Grove,Aisle 1 - Spreads & Honey,Aisle 1,07,BeeWell Strawberry Jam 320g,Product,BeeWell,1,"POLYGON ((3.519 0.57, 3.599 0.57, 3.599 0.69, 3.519 0.69, 3.519 0.57))",2,1800
FreshMart Banksia Grove,Aisle 1 - Spreads & Honey,Aisle 1,07,NutCo Vegemate 220g,Product,NutCo,3,"POLYGON ((3.611 0.57, 3.821 0.57, 3.821 0.67, 3.611 0.67, 3.611 0.57))",2,9100
FreshMart Banksia Grove,Aisle 1 - Spreads & Honey,Aisle 1,07,NutCo Honey Squeeze 500g,Product,NutCo,1,"POLYGON ((3.833 0.57, 3.923 0.57, 3.923 0.77, 3.833 0.77, 3.833 0.57))",2,3000
FreshMart Banksia Grove,Aisle 1 - Spreads & Honey,Aisle 1,07,Orchard Lane Choc Hazelnut 400g,Product,Orchard Lane,2,"POLYGON ((3.935 0.57, 4.115 0.57, 4.115 0.7, 3.935 0.7, 3.935 0.57))",2,5900
FreshMart Banksia Grove,Aisle 1 - Spreads & Honey,Aisle 1,07,BeeWell Honey Squeeze 500g,Product,BeeWell,1,"POLYGON ((4.127 0.57, 4.217 0.57, 4.217 0.77, 4.127 0.77, 4.127 0.57))",2,2300
FreshMart Banksia Grove,Aisle 1 - Spreads & Honey,Aisle 1,07,NutCo Choc Hazelnut 400g,Product,NutCo,2,"POLYGON ((4.229 0.57, 4.409 0.57, 4.409 0.7, 4.229 0.7, 4.229 0.57))",2,3300
FreshMart Banksia Grove,Aisle 1 - Spreads & Honey,Aisle 1,07,FreshMart Essentials Choc Hazelnut 400g,Product,FreshMart Essentials,2,"POLYGON ((4.421 0.57, 4.601 0.57, 4.601 0.7, 4.421 0.7, 4.421 0.57))",2,4400
FreshMart Banksia Grove,Aisle 1 - Spreads & Honey,Aisle 1,07,BeeWell Vegemate 220g,Product,BeeWell,1,"POLYGON ((4.613 0.57, 4.683 0.57, 4.683 0.67, 4.613 0.67, 4.613 0.57))",2,1900
FreshMart Banksia Grove,Aisle 1 - Spreads & Honey,Aisle 1,07,Shelf 2 - Bay 07,Shelf,,,"POLYGON ((3.2 1, 4.8 1, 4.8 1.04, 3.2 1.04, 3.2 1))",1,
FreshMart Banksia Grove,Aisle 1 - Spreads & Honey,Aisle 1,07,Orchard Lane Peanut Butter 375g,Product,Orchard Lane,2,"POLYGON ((3.235 1.04, 3.415 1.04, 3.415 1.18, 3.235 1.18, 3.235 1.04))",2,4800
FreshMart Banksia Grove,Aisle 1 - Spreads & Honey,Aisle 1,07,FreshMart Essentials Honey Squeeze 500g,Product,FreshMart Essentials,3,"POLYGON ((3.427 1.04, 3.697 1.04, 3.697 1.24, 3.427 1.24, 3.427 1.04))",2,7200
FreshMart Banksia Grove,Aisle 1 - Spreads & Honey,Aisle 1,07,Orchard Lane Strawberry Jam 320g,Product,Orchard Lane,1,"POLYGON ((3.709 1.04, 3.789 1.04, 3.789 1.16, 3.709 1.16, 3.709 1.04))",2,2800
FreshMart Banksia Grove,Aisle 1 - Spreads & Honey,Aisle 1,07,BeeWell Honey Squeeze 500g,Product,BeeWell,1,"POLYGON ((3.801 1.04, 3.891 1.04, 3.891 1.24, 3.801 1.24, 3.801 1.04))",2,2900
FreshMart Banksia Grove,Aisle 1 - Spreads & Honey,Aisle 1,07,Orchard Lane Vegemate 220g,Product,Orchard Lane,2,"POLYGON ((3.903 1.04, 4.043 1.04, 4.043 1.14, 3.903 1.14, 3.903 1.04))",2,5500
FreshMart Banksia Grove,Aisle 1 - Spreads & Honey,Aisle 1,07,NutCo Strawberry Jam 320g,Product,NutCo,3,"POLYGON ((4.055 1.04, 4.295 1.04, 4.295 1.16, 4.055 1.16, 4.055 1.04))",2,8500
FreshMart Banksia Grove,Aisle 1 - Spreads & Honey,Aisle 1,07,Orchard Lane Peanut Butter 375g,Product,Orchard Lane,1,"POLYGON ((4.307 1.04, 4.397 1.04, 4.397 1.18, 4.307 1.18, 4.307 1.04))",2,1500
FreshMart Banksia Grove,Aisle 1 - Spreads & Honey,Aisle 1,07,NutCo Vegemate 220g,Product,NutCo,2,"POLYGON ((4.409 1.04, 4.549 1.04, 4.549 1.14, 4.409 1.14, 4.409 1.04))",2,4000
FreshMart Banksia Grove,Aisle 1 - Spreads & Honey,Aisle 1,07,FreshMart Essentials Choc Hazelnut 400g,Product,FreshMart Essentials,2,"POLYGON ((4.561 1.04, 4.741 1.04, 4.741 1.17, 4.561 1.17, 4.561 1.04))",2,4300
FreshMart Banksia Grove,Aisle 1 - Spreads & Honey,Aisle 1,07,Shelf 3 - Bay 07,Shelf,,,"POLYGON ((3.2 1.46, 4.8 1.46, 4.8 1.5, 3.2 1.5, 3.2 1.46))",1,
FreshMart Banksia Grove,Aisle 1 - Spreads & Honey,Aisle 1,07,Orchard Lane Choc Hazelnut 400g,Product,Orchard Lane,2,"POLYGON ((3.235 1.5, 3.415 1.5, 3.415 1.63, 3.235 1.63, 3.235 1.5))",2,5400
FreshMart Banksia Grove,Aisle 1 - Spreads & Honey,Aisle 1,07,BeeWell Honey Squeeze 500g,Product,BeeWell,3,"POLYGON ((3.427 1.5, 3.697 1.5, 3.697 1.7, 3.427 1.7, 3.427 1.5))",2,8700
FreshMart Banksia Grove,Aisle 1 - Spreads & Honey,Aisle 1,07,Orchard Lane Peanut Butter 375g,Product,Orchard Lane,1,"POLYGON ((3.709 1.5, 3.799 1.5, 3.799 1.64, 3.709 1.64, 3.709 1.5))",2,1800
FreshMart Banksia Grove,Aisle 1 - Spreads & Honey,Aisle 1,07,NutCo Vegemate 220g,Product,NutCo,3,"POLYGON ((3.811 1.5, 4.021 1.5, 4.021 1.6, 3.811 1.6, 3.811 1.5))",2,6800
FreshMart Banksia Grove,Aisle 1 - Spreads & Honey,Aisle 1,07,NutCo Marmalade 450g,Product,NutCo,1,"POLYGON ((4.033 1.5, 4.113 1.5, 4.113 1.62, 4.033 1.62, 4.033 1.5))",2,2200
FreshMart Banksia Grove,Aisle 1 - Spreads & Honey,Aisle 1,07,Orchard Lane Peanut Butter 375g,Product,Orchard Lane,3,"POLYGON ((4.125 1.5, 4.395 1.5, 4.395 1.64, 4.125 1.64, 4.125 1.5))",2,5600
FreshMart Banksia Grove,Aisle 1 - Spreads & Honey,Aisle 1,07,FreshMart Essentials Peanut Butter 375g,Product,FreshMart Essentials,1,"POLYGON ((4.407 1.5, 4.497 1.5, 4.497 1.64, 4.407 1.64, 4.407 1.5))",2,2000
FreshMart Banksia Grove,Aisle 1 - Spreads & Honey,Aisle 1,07,BeeWell Strawberry Jam 320g,Product,BeeWell,2,"POLYGON ((4.509 1.5, 4.669 1.5, 4.669 1.62, 4.509 1.62, 4.509 1.5))",2,6300
FreshMart Banksia Grove,Aisle 1 - Spreads & Honey,Aisle 1,07,FreshMart Essentials Vegemate 220g,Product,FreshMart Essentials,1,"POLYGON ((4.681 1.5, 4.751 1.5, 4.751 1.6, 4.681 1.6, 4.681 1.5))",2,2500
FreshMart Banksia Grove,Aisle 1 - Spreads & Honey,Aisle 1,07,Shelf 4 - Bay 07,Shelf,,,"POLYGON ((3.2 1.86, 4.8 1.86, 4.8 1.9, 3.2 1.9, 3.2 1.86))",1,
FreshMart Banksia Grove,Aisle 1 - Spreads & Honey,Aisle 1,07,NutCo Vegemate 220g,Product,NutCo,2,"POLYGON ((3.235 1.9, 3.375 1.9, 3.375 2, 3.235 2, 3.235 1.9))",2,5000
FreshMart Banksia Grove,Aisle 1 - Spreads & Honey,Aisle 1,07,Orchard Lane Marmalade 450g,Product,Orchard Lane,1,"POLYGON ((3.387 1.9, 3.467 1.9, 3.467 2.02, 3.387 2.02, 3.387 1.9))",2,2100
FreshMart Banksia Grove,Aisle 1 - Spreads & Honey,Aisle 1,07,NutCo Vegemate 220g,Product,NutCo,3,"POLYGON ((3.479 1.9, 3.689 1.9, 3.689 2, 3.479 2, 3.479 1.9))",2,8600
FreshMart Banksia Grove,Aisle 1 - Spreads & Honey,Aisle 1,07,NutCo Vegemate 220g,Product,NutCo,3,"POLYGON ((3.701 1.9, 3.911 1.9, 3.911 2, 3.701 2, 3.701 1.9))",2,8400
FreshMart Banksia Grove,Aisle 1 - Spreads & Honey,Aisle 1,07,Orchard Lane Choc Hazelnut 400g,Product,Orchard Lane,1,"POLYGON ((3.923 1.9, 4.013 1.9, 4.013 2.03, 3.923 2.03, 3.923 1.9))",2,2200
FreshMart Banksia Grove,Aisle 1 - Spreads & Honey,Aisle 1,07,FreshMart Essentials Honey Squeeze 500g,Product,FreshMart Essentials,2,"POLYGON ((4.025 1.9, 4.205 1.9, 4.205 2.1, 4.025 2.1, 4.025 1.9))",2,5900
FreshMart Banksia Grove,Aisle 1 - Spreads & Honey,Aisle 1,07,BeeWell Honey Squeeze 500g,Product,BeeWell,3,"POLYGON ((4.217 1.9, 4.487 1.9, 4.487 2.1, 4.217 2.1, 4.217 1.9))",2,6400
FreshMart Banksia Grove,Aisle 1 - Spreads & Honey,Aisle 1,07,FreshMart Essentials Peanut Butter 375g,Product,FreshMart Essentials,2,"POLYGON ((4.499 1.9, 4.679 1.9, 4.679 2.04, 4.499 2.04, 4.499 1.9))",2,3500
FreshMart Banksia Grove,Aisle 1 - Spreads & Honey,Aisle 1,07,BeeWell Vegemate 220g,Product,BeeWell,1,"POLYGON ((4.691 1.9, 4.761 1.9, 4.761 2, 4.691 2, 4.691 1.9))",2,2100
FreshMart Banksia Grove,Aisle 1 - Coffee & Tea,Aisle 1,08,Bay Frame 08,Rack,,,"POLYGON ((0 0, 1.6 0, 1.6 2.2, 0 2.2, 0 0))",0,
FreshMart Banksia Grove,Aisle 1 - Coffee & Tea,Aisle 1,09,Bay Frame 09,Rack,,,"POLYGON ((1.6 0, 3.2 0, 3.2 2.2, 1.6 2.2, 1.6 0))",0,
FreshMart Banksia Grove,Aisle 1 - Coffee & Tea,Aisle 1,10,Bay Frame 10,Rack,,,"POLYGON ((3.2 0, 4.8 0, 4.8 2.2, 3.2 2.2, 3.2 0))",0,
FreshMart Banksia Grove,Aisle 1 - Coffee & Tea,Aisle 1,,Upright 1,Rack,,,"POLYGON ((0 0, 0.025 0, 0.025 2.2, 0 2.2, 0 0))",0,
FreshMart Banksia Grove,Aisle 1 - Coffee & Tea,Aisle 1,,Upright 2,Rack,,,"POLYGON ((1.575 0, 1.625 0, 1.625 2.2, 1.575 2.2, 1.575 0))",0,
FreshMart Banksia Grove,Aisle 1 - Coffee & Tea,Aisle 1,,Upright 3,Rack,,,"POLYGON ((3.175 0, 3.225 0, 3.225 2.2, 3.175 2.2, 3.175 0))",0,
FreshMart Banksia Grove,Aisle 1 - Coffee & Tea,Aisle 1,,Upright 4,Rack,,,"POLYGON ((4.775 0, 4.8 0, 4.8 2.2, 4.775 2.2, 4.775 0))",0,
FreshMart Banksia Grove,Aisle 1 - Coffee & Tea,Aisle 1,08,Base Deck - Bay 08,Base Deck,,,"POLYGON ((0 0, 1.6 0, 1.6 0.1, 0 0.1, 0 0))",1,
FreshMart Banksia Grove,Aisle 1 - Coffee & Tea,Aisle 1,08,Kettle Black Ground Espresso 1kg,Product,Kettle Black,1,"POLYGON ((0.035 0.1, 0.195 0.1, 0.195 0.34, 0.035 0.34, 0.035 0.1))",2,4100
FreshMart Banksia Grove,Aisle 1 - Coffee & Tea,Aisle 1,08,Roast & Co. Instant Coffee 200g,Product,Roast & Co.,1,"POLYGON ((0.207 0.1, 0.297 0.1, 0.297 0.26, 0.207 0.26, 0.207 0.1))",2,2600
FreshMart Banksia Grove,Aisle 1 - Coffee & Tea,Aisle 1,08,Roast & Co. Chai Latte 250g,Product,Roast & Co.,2,"POLYGON ((0.309 0.1, 0.509 0.1, 0.509 0.27, 0.309 0.27, 0.309 0.1))",2,5300
FreshMart Banksia Grove,Aisle 1 - Coffee & Tea,Aisle 1,08,Kettle Black Coffee Pods 30pk,Product,Kettle Black,2,"POLYGON ((0.521 0.1, 0.841 0.1, 0.841 0.22, 0.521 0.22, 0.521 0.1))",2,8200
FreshMart Banksia Grove,Aisle 1 - Coffee & Tea,Aisle 1,08,FreshMart Essentials Chai Latte 250g,Product,FreshMart Essentials,1,"POLYGON ((0.853 0.1, 0.953 0.1, 0.953 0.27, 0.853 0.27, 0.853 0.1))",2,4400
FreshMart Banksia Grove,Aisle 1 - Coffee & Tea,Aisle 1,08,Kettle Black Instant Coffee 200g,Product,Kettle Black,3,"POLYGON ((0.965 0.1, 1.235 0.1, 1.235 0.26, 0.965 0.26, 0.965 0.1))",2,8200
FreshMart Banksia Grove,Aisle 1 - Coffee & Tea,Aisle 1,08,FreshMart Essentials Chai Latte 250g,Product,FreshMart Essentials,3,"POLYGON ((1.247 0.1, 1.547 0.1, 1.547 0.27, 1.247 0.27, 1.247 0.1))",2,8000
FreshMart Banksia Grove,Aisle 1 - Coffee & Tea,Aisle 1,08,Shelf 1 - Bay 08,Shelf,,,"POLYGON ((0 0.53, 1.6 0.53, 1.6 0.57, 0 0.57, 0 0.53))",1,
FreshMart Banksia Grove,Aisle 1 - Coffee & Tea,Aisle 1,08,Beanline Ground Espresso 1kg,Product,Beanline,1,"POLYGON ((0.035 0.57, 0.195 0.57, 0.195 0.81, 0.035 0.81, 0.035 0.57))",2,3400
FreshMart Banksia Grove,Aisle 1 - Coffee & Tea,Aisle 1,08,Roast & Co. Chai Latte 250g,Product,Roast & Co.,1,"POLYGON ((0.207 0.57, 0.307 0.57, 0.307 0.74, 0.207 0.74, 0.207 0.57))",2,3800
FreshMart Banksia Grove,Aisle 1 - Coffee & Tea,Aisle 1,08,FreshMart Essentials Instant Coffee 200g,Product,FreshMart Essentials,2,"POLYGON ((0.319 0.57, 0.499 0.57, 0.499 0.73, 0.319 0.73, 0.319 0.57))",2,8100
FreshMart Banksia Grove,Aisle 1 - Coffee & Tea,Aisle 1,08,FreshMart Essentials Chai Latte 250g,Product,FreshMart Essentials,2,"POLYGON ((0.511 0.57, 0.711 0.57, 0.711 0.74, 0.511 0.74, 0.511 0.57))",2,7200
FreshMart Banksia Grove,Aisle 1 - Coffee & Tea,Aisle 1,08,Beanline Ground Espresso 1kg,Product,Beanline,3,"POLYGON ((0.723 0.57, 1.203 0.57, 1.203 0.81, 0.723 0.81, 0.723 0.57))",2,8800
FreshMart Banksia Grove,Aisle 1 - Coffee & Tea,Aisle 1,08,Roast & Co. Green Tea 50pk,Product,Roast & Co.,2,"POLYGON ((1.215 0.57, 1.495 0.57, 1.495 0.72, 1.215 0.72, 1.215 0.57))",2,5100
FreshMart Banksia Grove,Aisle 1 - Coffee & Tea,Aisle 1,08,Shelf 2 - Bay 08,Shelf,,,"POLYGON ((0 1, 1.6 1, 1.6 1.04, 0 1.04, 0 1))",1,
FreshMart Banksia Grove,Aisle 1 - Coffee & Tea,Aisle 1,08,FreshMart Essentials Chai Latte 250g,Product,FreshMart Essentials,1,"POLYGON ((0.035 1.04, 0.135 1.04, 0.135 1.21, 0.035 1.21, 0.035 1.04))",2,3600
FreshMart Banksia Grove,Aisle 1 - Coffee & Tea,Aisle 1,08,Beanline Chai Latte 250g,Product,Beanline,2,"POLYGON ((0.147 1.04, 0.347 1.04, 0.347 1.21, 0.147 1.21, 0.147 1.04))",2,7400
FreshMart Banksia Grove,Aisle 1 - Coffee & Tea,Aisle 1,08,Kettle Black English Breakfast 100pk,Product,Kettle Black,2,"POLYGON ((0.359 1.04, 0.679 1.04, 0.679 1.2, 0.359 1.2, 0.359 1.04))",2,6500
FreshMart Banksia Grove,Aisle 1 - Coffee & Tea,Aisle 1,08,FreshMart Essentials Ground Espresso 1kg,Product,FreshMart Essentials,1,"POLYGON ((0.691 1.04, 0.851 1.04, 0.851 1.28, 0.691 1.28, 0.691 1.04))",2,3100
FreshMart Banksia Grove,Aisle 1 - Coffee & Tea,Aisle 1,08,FreshMart Essentials Ground Espresso 1kg,Product,FreshMart Essentials,2,"POLYGON ((0.863 1.04, 1.183 1.04, 1.183 1.28, 0.863 1.28, 0.863 1.04))",2,5700
FreshMart Banksia Grove,Aisle 1 - Coffee & Tea,Aisle 1,08,Roast & Co. Green Tea 50pk,Product,Roast & Co.,2,"POLYGON ((1.195 1.04, 1.475 1.04, 1.475 1.19, 1.195 1.19, 1.195 1.04))",2,5100
FreshMart Banksia Grove,Aisle 1 - Coffee & Tea,Aisle 1,08,Shelf 3 - Bay 08,Shelf,,,"POLYGON ((0 1.46, 1.6 1.46, 1.6 1.5, 0 1.5, 0 1.46))",1,
FreshMart Banksia Grove,Aisle 1 - Coffee & Tea,Aisle 1,08,Roast & Co. Coffee Pods 30pk,Product,Roast & Co.,3,"POLYGON ((0.035 1.5, 0.515 1.5, 0.515 1.62, 0.035 1.62, 0.035 1.5))",2,10000
FreshMart Banksia Grove,Aisle 1 - Coffee & Tea,Aisle 1,08,FreshMart Essentials English Breakfast 100pk,Product,FreshMart Essentials,2,"POLYGON ((0.527 1.5, 0.847 1.5, 0.847 1.66, 0.527 1.66, 0.527 1.5))",2,9000
FreshMart Banksia Grove,Aisle 1 - Coffee & Tea,Aisle 1,08,Roast & Co. English Breakfast 100pk,Product,Roast & Co.,1,"POLYGON ((0.859 1.5, 1.019 1.5, 1.019 1.66, 0.859 1.66, 0.859 1.5))",2,3600
FreshMart Banksia Grove,Aisle 1 - Coffee & Tea,Aisle 1,08,Kettle Black Chai Latte 250g,Product,Kettle Black,2,"POLYGON ((1.031 1.5, 1.231 1.5, 1.231 1.67, 1.031 1.67, 1.031 1.5))",2,5200
FreshMart Banksia Grove,Aisle 1 - Coffee & Tea,Aisle 1,08,Roast & Co. Green Tea 50pk,Product,Roast & Co.,2,"POLYGON ((1.243 1.5, 1.523 1.5, 1.523 1.65, 1.243 1.65, 1.243 1.5))",2,4700
FreshMart Banksia Grove,Aisle 1 - Coffee & Tea,Aisle 1,08,Shelf 4 - Bay 08,Shelf,,,"POLYGON ((0 1.86, 1.6 1.86, 1.6 1.9, 0 1.9, 0 1.86))",1,
FreshMart Banksia Grove,Aisle 1 - Coffee & Tea,Aisle 1,08,Beanline Chai Latte 250g,Product,Beanline,3,"POLYGON ((0.035 1.9, 0.335 1.9, 0.335 2.07, 0.035 2.07, 0.035 1.9))",2,13300
FreshMart Banksia Grove,Aisle 1 - Coffee & Tea,Aisle 1,08,Beanline Instant Coffee 200g,Product,Beanline,1,"POLYGON ((0.347 1.9, 0.437 1.9, 0.437 2.06, 0.347 2.06, 0.347 1.9))",2,3500
FreshMart Banksia Grove,Aisle 1 - Coffee & Tea,Aisle 1,08,FreshMart Essentials Ground Espresso 1kg,Product,FreshMart Essentials,2,"POLYGON ((0.449 1.9, 0.769 1.9, 0.769 2.14, 0.449 2.14, 0.449 1.9))",2,8900
FreshMart Banksia Grove,Aisle 1 - Coffee & Tea,Aisle 1,08,Kettle Black English Breakfast 100pk,Product,Kettle Black,2,"POLYGON ((0.781 1.9, 1.101 1.9, 1.101 2.06, 0.781 2.06, 0.781 1.9))",2,7900
FreshMart Banksia Grove,Aisle 1 - Coffee & Tea,Aisle 1,08,Kettle Black Coffee Pods 30pk,Product,Kettle Black,1,"POLYGON ((1.113 1.9, 1.273 1.9, 1.273 2.02, 1.113 2.02, 1.113 1.9))",2,2800
FreshMart Banksia Grove,Aisle 1 - Coffee & Tea,Aisle 1,08,Kettle Black Green Tea 50pk,Product,Kettle Black,1,"POLYGON ((1.285 1.9, 1.425 1.9, 1.425 2.05, 1.285 2.05, 1.285 1.9))",2,3100
FreshMart Banksia Grove,Aisle 1 - Coffee & Tea,Aisle 1,08,FreshMart Essentials Instant Coffee 200g,Product,FreshMart Essentials,1,"POLYGON ((1.437 1.9, 1.527 1.9, 1.527 2.06, 1.437 2.06, 1.437 1.9))",2,3800
FreshMart Banksia Grove,Aisle 1 - Coffee & Tea,Aisle 1,09,Base Deck - Bay 09,Base Deck,,,"POLYGON ((1.6 0, 3.2 0, 3.2 0.1, 1.6 0.1, 1.6 0))",1,
FreshMart Banksia Grove,Aisle 1 - Coffee & Tea,Aisle 1,09,Beanline Coffee Pods 30pk,Product,Beanline,2,"POLYGON ((1.635 0.1, 1.955 0.1, 1.955 0.22, 1.635 0.22, 1.635 0.1))",2,7900
FreshMart Banksia Grove,Aisle 1 - Coffee & Tea,Aisle 1,09,Beanline Chai Latte 250g,Product,Beanline,1,"POLYGON ((1.967 0.1, 2.067 0.1, 2.067 0.27, 1.967 0.27, 1.967 0.1))",2,3300
FreshMart Banksia Grove,Aisle 1 - Coffee & Tea,Aisle 1,09,Roast & Co. English Breakfast 100pk,Product,Roast & Co.,3,"POLYGON ((2.079 0.1, 2.559 0.1, 2.559 0.26, 2.079 0.26, 2.079 0.1))",2,7200
FreshMart Banksia Grove,Aisle 1 - Coffee & Tea,Aisle 1,09,Beanline Chai Latte 250g,Product,Beanline,1,"POLYGON ((2.571 0.1, 2.671 0.1, 2.671 0.27, 2.571 0.27, 2.571 0.1))",2,3100
FreshMart Banksia Grove,Aisle 1 - Coffee & Tea,Aisle 1,09,Beanline Chai Latte 250g,Product,Beanline,3,"POLYGON ((2.683 0.1, 2.983 0.1, 2.983 0.27, 2.683 0.27, 2.683 0.1))",2,11300
FreshMart Banksia Grove,Aisle 1 - Coffee & Tea,Aisle 1,09,Roast & Co. Ground Espresso 1kg,Product,Roast & Co.,1,"POLYGON ((2.995 0.1, 3.155 0.1, 3.155 0.34, 2.995 0.34, 2.995 0.1))",2,2800
FreshMart Banksia Grove,Aisle 1 - Coffee & Tea,Aisle 1,09,Shelf 1 - Bay 09,Shelf,,,"POLYGON ((1.6 0.53, 3.2 0.53, 3.2 0.57, 1.6 0.57, 1.6 0.53))",1,
FreshMart Banksia Grove,Aisle 1 - Coffee & Tea,Aisle 1,09,FreshMart Essentials English Breakfast 100pk,Product,FreshMart Essentials,2,"POLYGON ((1.635 0.57, 1.955 0.57, 1.955 0.73, 1.635 0.73, 1.635 0.57))",2,7100
FreshMart Banksia Grove,Aisle 1 - Coffee & Tea,Aisle 1,09,Roast & Co. Green Tea 50pk,Product,Roast & Co.,1,"POLYGON ((1.967 0.57, 2.107 0.57, 2.107 0.72, 1.967 0.72, 1.967 0.57))",2,3300
FreshMart Banksia Grove,Aisle 1 - Coffee & Tea,Aisle 1,09,Roast & Co. Green Tea 50pk,Product,Roast & Co.,2,"POLYGON ((2.119 0.57, 2.399 0.57, 2.399 0.72, 2.119 0.72, 2.119 0.57))",2,6900
FreshMart Banksia Grove,Aisle 1 - Coffee & Tea,Aisle 1,09,FreshMart Essentials Coffee Pods 30pk,Product,FreshMart Essentials,1,"POLYGON ((2.411 0.57, 2.571 0.57, 2.571 0.69, 2.411 0.69, 2.411 0.57))",2,2300
FreshMart Banksia Grove,Aisle 1 - Coffee & Tea,Aisle 1,09,Roast & Co. English Breakfast 100pk,Product,Roast & Co.,3,"POLYGON ((2.583 0.57, 3.063 0.57, 3.063 0.73, 2.583 0.73, 2.583 0.57))",2,11400
FreshMart Banksia Grove,Aisle 1 - Coffee & Tea,Aisle 1,09,Shelf 2 - Bay 09,Shelf,,,"POLYGON ((1.6 1, 3.2 1, 3.2 1.04, 1.6 1.04, 1.6 1))",1,
FreshMart Banksia Grove,Aisle 1 - Coffee & Tea,Aisle 1,09,FreshMart Essentials Ground Espresso 1kg,Product,FreshMart Essentials,1,"POLYGON ((1.635 1.04, 1.795 1.04, 1.795 1.28, 1.635 1.28, 1.635 1.04))",2,3000
FreshMart Banksia Grove,Aisle 1 - Coffee & Tea,Aisle 1,09,Kettle Black Green Tea 50pk,Product,Kettle Black,3,"POLYGON ((1.807 1.04, 2.227 1.04, 2.227 1.19, 1.807 1.19, 1.807 1.04))",2,6800
FreshMart Banksia Grove,Aisle 1 - Coffee & Tea,Aisle 1,09,Kettle Black Green Tea 50pk,Product,Kettle Black,1,"POLYGON ((2.239 1.04, 2.379 1.04, 2.379 1.19, 2.239 1.19, 2.239 1.04))",2,3100
FreshMart Banksia Grove,Aisle 1 - Coffee & Tea,Aisle 1,09,FreshMart Essentials Instant Coffee 200g,Product,FreshMart Essentials,1,"POLYGON ((2.391 1.04, 2.481 1.04, 2.481 1.2, 2.391 1.2, 2.391 1.04))",2,2700
FreshMart Banksia Grove,Aisle 1 - Coffee & Tea,Aisle 1,09,Roast & Co. Instant Coffee 200g,Product,Roast & Co.,2,"POLYGON ((2.493 1.04, 2.673 1.04, 2.673 1.2, 2.493 1.2, 2.493 1.04))",2,7700
FreshMart Banksia Grove,Aisle 1 - Coffee & Tea,Aisle 1,09,Kettle Black Ground Espresso 1kg,Product,Kettle Black,1,"POLYGON ((2.685 1.04, 2.845 1.04, 2.845 1.28, 2.685 1.28, 2.685 1.04))",2,3600
FreshMart Banksia Grove,Aisle 1 - Coffee & Tea,Aisle 1,09,Beanline Ground Espresso 1kg,Product,Beanline,1,"POLYGON ((2.857 1.04, 3.017 1.04, 3.017 1.28, 2.857 1.28, 2.857 1.04))",2,3700
FreshMart Banksia Grove,Aisle 1 - Coffee & Tea,Aisle 1,09,Kettle Black Instant Coffee 200g,Product,Kettle Black,1,"POLYGON ((3.029 1.04, 3.119 1.04, 3.119 1.2, 3.029 1.2, 3.029 1.04))",2,2400
FreshMart Banksia Grove,Aisle 1 - Coffee & Tea,Aisle 1,09,Shelf 3 - Bay 09,Shelf,,,"POLYGON ((1.6 1.46, 3.2 1.46, 3.2 1.5, 1.6 1.5, 1.6 1.46))",1,
FreshMart Banksia Grove,Aisle 1 - Coffee & Tea,Aisle 1,09,Beanline Chai Latte 250g,Product,Beanline,3,"POLYGON ((1.635 1.5, 1.935 1.5, 1.935 1.67, 1.635 1.67, 1.635 1.5))",2,9800
FreshMart Banksia Grove,Aisle 1 - Coffee & Tea,Aisle 1,09,FreshMart Essentials Ground Espresso 1kg,Product,FreshMart Essentials,1,"POLYGON ((1.947 1.5, 2.107 1.5, 2.107 1.74, 1.947 1.74, 1.947 1.5))",2,2700
FreshMart Banksia Grove,Aisle 1 - Coffee & Tea,Aisle 1,09,FreshMart Essentials Green Tea 50pk,Product,FreshMart Essentials,1,"POLYGON ((2.119 1.5, 2.259 1.5, 2.259 1.65, 2.119 1.65, 2.119 1.5))",2,4100
FreshMart Banksia Grove,Aisle 1 - Coffee & Tea,Aisle 1,09,Kettle Black Green Tea 50pk,Product,Kettle Black,2,"POLYGON ((2.271 1.5, 2.551 1.5, 2.551 1.65, 2.271 1.65, 2.271 1.5))",2,8300
FreshMart Banksia Grove,Aisle 1 - Coffee & Tea,Aisle 1,09,Kettle Black English Breakfast 100pk,Product,Kettle Black,3,"POLYGON ((2.563 1.5, 3.043 1.5, 3.043 1.66, 2.563 1.66, 2.563 1.5))",2,12400
FreshMart Banksia Grove,Aisle 1 - Coffee & Tea,Aisle 1,09,FreshMart Essentials Instant Coffee 200g,Product,FreshMart Essentials,1,"POLYGON ((3.055 1.5, 3.145 1.5, 3.145 1.66, 3.055 1.66, 3.055 1.5))",2,3900
FreshMart Banksia Grove,Aisle 1 - Coffee & Tea,Aisle 1,09,Shelf 4 - Bay 09,Shelf,,,"POLYGON ((1.6 1.86, 3.2 1.86, 3.2 1.9, 1.6 1.9, 1.6 1.86))",1,
FreshMart Banksia Grove,Aisle 1 - Coffee & Tea,Aisle 1,09,Kettle Black Ground Espresso 1kg,Product,Kettle Black,1,"POLYGON ((1.635 1.9, 1.795 1.9, 1.795 2.14, 1.635 2.14, 1.635 1.9))",2,3600
FreshMart Banksia Grove,Aisle 1 - Coffee & Tea,Aisle 1,09,Kettle Black English Breakfast 100pk,Product,Kettle Black,3,"POLYGON ((1.807 1.9, 2.287 1.9, 2.287 2.06, 1.807 2.06, 1.807 1.9))",2,10400
FreshMart Banksia Grove,Aisle 1 - Coffee & Tea,Aisle 1,09,FreshMart Essentials Ground Espresso 1kg,Product,FreshMart Essentials,3,"POLYGON ((2.299 1.9, 2.779 1.9, 2.779 2.14, 2.299 2.14, 2.299 1.9))",2,8900
FreshMart Banksia Grove,Aisle 1 - Coffee & Tea,Aisle 1,09,Kettle Black Coffee Pods 30pk,Product,Kettle Black,1,"POLYGON ((2.791 1.9, 2.951 1.9, 2.951 2.02, 2.791 2.02, 2.791 1.9))",2,4100
FreshMart Banksia Grove,Aisle 1 - Coffee & Tea,Aisle 1,09,Roast & Co. Ground Espresso 1kg,Product,Roast & Co.,1,"POLYGON ((2.963 1.9, 3.123 1.9, 3.123 2.14, 2.963 2.14, 2.963 1.9))",2,4400
FreshMart Banksia Grove,Aisle 1 - Coffee & Tea,Aisle 1,10,Base Deck - Bay 10,Base Deck,,,"POLYGON ((3.2 0, 4.8 0, 4.8 0.1, 3.2 0.1, 3.2 0))",1,
FreshMart Banksia Grove,Aisle 1 - Coffee & Tea,Aisle 1,10,Beanline Coffee Pods 30pk,Product,Beanline,1,"POLYGON ((3.235 0.1, 3.395 0.1, 3.395 0.22, 3.235 0.22, 3.235 0.1))",2,2300
FreshMart Banksia Grove,Aisle 1 - Coffee & Tea,Aisle 1,10,Beanline Green Tea 50pk,Product,Beanline,3,"POLYGON ((3.407 0.1, 3.827 0.1, 3.827 0.25, 3.407 0.25, 3.407 0.1))",2,12100
FreshMart Banksia Grove,Aisle 1 - Coffee & Tea,Aisle 1,10,FreshMart Essentials Green Tea 50pk,Product,FreshMart Essentials,3,"POLYGON ((3.839 0.1, 4.259 0.1, 4.259 0.25, 3.839 0.25, 3.839 0.1))",2,10300
FreshMart Banksia Grove,Aisle 1 - Coffee & Tea,Aisle 1,10,Beanline Instant Coffee 200g,Product,Beanline,2,"POLYGON ((4.271 0.1, 4.451 0.1, 4.451 0.26, 4.271 0.26, 4.271 0.1))",2,7500
FreshMart Banksia Grove,Aisle 1 - Coffee & Tea,Aisle 1,10,Kettle Black Coffee Pods 30pk,Product,Kettle Black,1,"POLYGON ((4.463 0.1, 4.623 0.1, 4.623 0.22, 4.463 0.22, 4.463 0.1))",2,2800
FreshMart Banksia Grove,Aisle 1 - Coffee & Tea,Aisle 1,10,FreshMart Essentials Instant Coffee 200g,Product,FreshMart Essentials,1,"POLYGON ((4.635 0.1, 4.725 0.1, 4.725 0.26, 4.635 0.26, 4.635 0.1))",2,2900
FreshMart Banksia Grove,Aisle 1 - Coffee & Tea,Aisle 1,10,Shelf 1 - Bay 10,Shelf,,,"POLYGON ((3.2 0.53, 4.8 0.53, 4.8 0.57, 3.2 0.57, 3.2 0.53))",1,
FreshMart Banksia Grove,Aisle 1 - Coffee & Tea,Aisle 1,10,Beanline Green Tea 50pk,Product,Beanline,2,"POLYGON ((3.235 0.57, 3.515 0.57, 3.515 0.72, 3.235 0.72, 3.235 0.57))",2,7800
FreshMart Banksia Grove,Aisle 1 - Coffee & Tea,Aisle 1,10,FreshMart Essentials Coffee Pods 30pk,Product,FreshMart Essentials,2,"POLYGON ((3.527 0.57, 3.847 0.57, 3.847 0.69, 3.527 0.69, 3.527 0.57))",2,8000
FreshMart Banksia Grove,Aisle 1 - Coffee & Tea,Aisle 1,10,Roast & Co. Ground Espresso 1kg,Product,Roast & Co.,2,"POLYGON ((3.859 0.57, 4.179 0.57, 4.179 0.81, 3.859 0.81, 3.859 0.57))",2,4400
FreshMart Banksia Grove,Aisle 1 - Coffee & Tea,Aisle 1,10,Roast & Co. English Breakfast 100pk,Product,Roast & Co.,1,"POLYGON ((4.191 0.57, 4.351 0.57, 4.351 0.73, 4.191 0.73, 4.191 0.57))",2,3900
FreshMart Banksia Grove,Aisle 1 - Coffee & Tea,Aisle 1,10,Roast & Co. Coffee Pods 30pk,Product,Roast & Co.,2,"POLYGON ((4.363 0.57, 4.683 0.57, 4.683 0.69, 4.363 0.69, 4.363 0.57))",2,8500
FreshMart Banksia Grove,Aisle 1 - Coffee & Tea,Aisle 1,10,Shelf 2 - Bay 10,Shelf,,,"POLYGON ((3.2 1, 4.8 1, 4.8 1.04, 3.2 1.04, 3.2 1))",1,
FreshMart Banksia Grove,Aisle 1 - Coffee & Tea,Aisle 1,10,Beanline English Breakfast 100pk,Product,Beanline,1,"POLYGON ((3.235 1.04, 3.395 1.04, 3.395 1.2, 3.235 1.2, 3.235 1.04))",2,3100
FreshMart Banksia Grove,Aisle 1 - Coffee & Tea,Aisle 1,10,Roast & Co. Chai Latte 250g,Product,Roast & Co.,1,"POLYGON ((3.407 1.04, 3.507 1.04, 3.507 1.21, 3.407 1.21, 3.407 1.04))",2,2700
FreshMart Banksia Grove,Aisle 1 - Coffee & Tea,Aisle 1,10,FreshMart Essentials English Breakfast 100pk,Product,FreshMart Essentials,3,"POLYGON ((3.519 1.04, 3.999 1.04, 3.999 1.2, 3.519 1.2, 3.519 1.04))",2,8300
FreshMart Banksia Grove,Aisle 1 - Coffee & Tea,Aisle 1,10,Kettle Black Green Tea 50pk,Product,Kettle Black,3,"POLYGON ((4.011 1.04, 4.431 1.04, 4.431 1.19, 4.011 1.19, 4.011 1.04))",2,11400
FreshMart Banksia Grove,Aisle 1 - Coffee & Tea,Aisle 1,10,FreshMart Essentials Green Tea 50pk,Product,FreshMart Essentials,2,"POLYGON ((4.443 1.04, 4.723 1.04, 4.723 1.19, 4.443 1.19, 4.443 1.04))",2,4900
FreshMart Banksia Grove,Aisle 1 - Coffee & Tea,Aisle 1,10,Shelf 3 - Bay 10,Shelf,,,"POLYGON ((3.2 1.46, 4.8 1.46, 4.8 1.5, 3.2 1.5, 3.2 1.46))",1,
FreshMart Banksia Grove,Aisle 1 - Coffee & Tea,Aisle 1,10,Roast & Co. Instant Coffee 200g,Product,Roast & Co.,2,"POLYGON ((3.235 1.5, 3.415 1.5, 3.415 1.66, 3.235 1.66, 3.235 1.5))",2,8100
FreshMart Banksia Grove,Aisle 1 - Coffee & Tea,Aisle 1,10,Beanline Chai Latte 250g,Product,Beanline,2,"POLYGON ((3.427 1.5, 3.627 1.5, 3.627 1.67, 3.427 1.67, 3.427 1.5))",2,5400
FreshMart Banksia Grove,Aisle 1 - Coffee & Tea,Aisle 1,10,Beanline Coffee Pods 30pk,Product,Beanline,2,"POLYGON ((3.639 1.5, 3.959 1.5, 3.959 1.62, 3.639 1.62, 3.639 1.5))",2,7700
FreshMart Banksia Grove,Aisle 1 - Coffee & Tea,Aisle 1,10,FreshMart Essentials Instant Coffee 200g,Product,FreshMart Essentials,2,"POLYGON ((3.971 1.5, 4.151 1.5, 4.151 1.66, 3.971 1.66, 3.971 1.5))",2,7700
FreshMart Banksia Grove,Aisle 1 - Coffee & Tea,Aisle 1,10,FreshMart Essentials Ground Espresso 1kg,Product,FreshMart Essentials,3,"POLYGON ((4.163 1.5, 4.643 1.5, 4.643 1.74, 4.163 1.74, 4.163 1.5))",2,12000
FreshMart Banksia Grove,Aisle 1 - Coffee & Tea,Aisle 1,10,FreshMart Essentials Instant Coffee 200g,Product,FreshMart Essentials,1,"POLYGON ((4.655 1.5, 4.745 1.5, 4.745 1.66, 4.655 1.66, 4.655 1.5))",2,2600
FreshMart Banksia Grove,Aisle 1 - Coffee & Tea,Aisle 1,10,Shelf 4 - Bay 10,Shelf,,,"POLYGON ((3.2 1.86, 4.8 1.86, 4.8 1.9, 3.2 1.9, 3.2 1.86))",1,
FreshMart Banksia Grove,Aisle 1 - Coffee & Tea,Aisle 1,10,Roast & Co. Instant Coffee 200g,Product,Roast & Co.,3,"POLYGON ((3.235 1.9, 3.505 1.9, 3.505 2.06, 3.235 2.06, 3.235 1.9))",2,13400
FreshMart Banksia Grove,Aisle 1 - Coffee & Tea,Aisle 1,10,Kettle Black Instant Coffee 200g,Product,Kettle Black,3,"POLYGON ((3.517 1.9, 3.787 1.9, 3.787 2.06, 3.517 2.06, 3.517 1.9))",2,13400
FreshMart Banksia Grove,Aisle 1 - Coffee & Tea,Aisle 1,10,Roast & Co. Green Tea 50pk,Product,Roast & Co.,1,"POLYGON ((3.799 1.9, 3.939 1.9, 3.939 2.05, 3.799 2.05, 3.799 1.9))",2,3800
FreshMart Banksia Grove,Aisle 1 - Coffee & Tea,Aisle 1,10,Beanline English Breakfast 100pk,Product,Beanline,2,"POLYGON ((3.951 1.9, 4.271 1.9, 4.271 2.06, 3.951 2.06, 3.951 1.9))",2,6400
FreshMart Banksia Grove,Aisle 1 - Coffee & Tea,Aisle 1,10,Roast & Co. Chai Latte 250g,Product,Roast & Co.,1,"POLYGON ((4.283 1.9, 4.383 1.9, 4.383 2.07, 4.283 2.07, 4.283 1.9))",2,3800
FreshMart Banksia Grove,Aisle 1 - Coffee & Tea,Aisle 1,10,Beanline Green Tea 50pk,Product,Beanline,1,"POLYGON ((4.395 1.9, 4.535 1.9, 4.535 2.05, 4.395 2.05, 4.395 1.9))",2,4300
FreshMart Banksia Grove,Aisle 1 - Coffee & Tea,Aisle 1,10,Roast & Co. Coffee Pods 30pk,Product,Roast & Co.,1,"POLYGON ((4.547 1.9, 4.707 1.9, 4.707 2.02, 4.547 2.02, 4.547 1.9))",2,2600
FreshMart Banksia Grove,Aisle 2 - Chips & Snacks,Aisle 2,01,Bay Frame 01,Rack,,,"POLYGON ((0 0, 1.6 0, 1.6 2.2, 0 2.2, 0 0))",0,
FreshMart Banksia Grove,Aisle 2 - Chips & Snacks,Aisle 2,02,Bay Frame 02,Rack,,,"POLYGON ((1.6 0, 3.2 0, 3.2 2.2, 1.6 2.2, 1.6 0))",0,
FreshMart Banksia Grove,Aisle 2 - Chips & Snacks,Aisle 2,03,Bay Frame 03,Rack,,,"POLYGON ((3.2 0, 4.8 0, 4.8 2.2, 3.2 2.2, 3.2 0))",0,
FreshMart Banksia Grove,Aisle 2 - Chips & Snacks,Aisle 2,04,Bay Frame 04,Rack,,,"POLYGON ((4.8 0, 6.4 0, 6.4 2.2, 4.8 2.2, 4.8 0))",0,
FreshMart Banksia Grove,Aisle 2 - Chips & Snacks,Aisle 2,,Upright 1,Rack,,,"POLYGON ((0 0, 0.025 0, 0.025 2.2, 0 2.2, 0 0))",0,
FreshMart Banksia Grove,Aisle 2 - Chips & Snacks,Aisle 2,,Upright 2,Rack,,,"POLYGON ((1.575 0, 1.625 0, 1.625 2.2, 1.575 2.2, 1.575 0))",0,
FreshMart Banksia Grove,Aisle 2 - Chips & Snacks,Aisle 2,,Upright 3,Rack,,,"POLYGON ((3.175 0, 3.225 0, 3.225 2.2, 3.175 2.2, 3.175 0))",0,
FreshMart Banksia Grove,Aisle 2 - Chips & Snacks,Aisle 2,,Upright 4,Rack,,,"POLYGON ((4.775 0, 4.825 0, 4.825 2.2, 4.775 2.2, 4.775 0))",0,
FreshMart Banksia Grove,Aisle 2 - Chips & Snacks,Aisle 2,,Upright 5,Rack,,,"POLYGON ((6.375 0, 6.4 0, 6.4 2.2, 6.375 2.2, 6.375 0))",0,
FreshMart Banksia Grove,Aisle 2 - Chips & Snacks,Aisle 2,01,Base Deck - Bay 01,Base Deck,,,"POLYGON ((0 0, 1.6 0, 1.6 0.1, 0 0.1, 0 0))",1,
FreshMart Banksia Grove,Aisle 2 - Chips & Snacks,Aisle 2,01,FreshMart Essentials Rice Crackers 100g,Product,FreshMart Essentials,3,"POLYGON ((0.035 0.1, 0.515 0.1, 0.515 0.32, 0.035 0.32, 0.035 0.1))",2,9600
FreshMart Banksia Grove,Aisle 2 - Chips & Snacks,Aisle 2,01,Salt Sisters Potato Chips 175g,Product,Salt Sisters,3,"POLYGON ((0.527 0.1, 1.247 0.1, 1.247 0.43, 0.527 0.43, 0.527 0.1))",2,14300
FreshMart Banksia Grove,Aisle 2 - Chips & Snacks,Aisle 2,01,Salt Sisters Corn Chips 230g,Product,Salt Sisters,1,"POLYGON ((1.259 0.1, 1.489 0.1, 1.489 0.42, 1.259 0.42, 1.259 0.1))",2,2900
FreshMart Banksia Grove,Aisle 2 - Chips & Snacks,Aisle 2,01,Shelf 1 - Bay 01,Shelf,,,"POLYGON ((0 0.53, 1.6 0.53, 1.6 0.57, 0 0.57, 0 0.53))",1,
FreshMart Banksia Grove,Aisle 2 - Chips & Snacks,Aisle 2,01,FreshMart Essentials Potato Chips 175g,Product,FreshMart Essentials,3,"POLYGON ((0.035 0.57, 0.755 0.57, 0.755 0.9, 0.035 0.9, 0.035 0.57))",2,14100
FreshMart Banksia Grove,Aisle 2 - Chips & Snacks,Aisle 2,01,FreshMart Essentials Rice Crackers 100g,Product,FreshMart Essentials,2,"POLYGON ((0.767 0.57, 1.087 0.57, 1.087 0.79, 0.767 0.79, 0.767 0.57))",2,9100
FreshMart Banksia Grove,Aisle 2 - Chips & Snacks,Aisle 2,01,CrunchTime Veggie Straws 110g,Product,CrunchTime,2,"POLYGON ((1.099 0.57, 1.499 0.57, 1.499 0.85, 1.099 0.85, 1.099 0.57))",2,8600
FreshMart Banksia Grove,Aisle 2 - Chips & Snacks,Aisle 2,01,Shelf 2 - Bay 01,Shelf,,,"POLYGON ((0 1, 1.6 1, 1.6 1.04, 0 1.04, 0 1))",1,
FreshMart Banksia Grove,Aisle 2 - Chips & Snacks,Aisle 2,01,CrunchTime Potato Chips 175g,Product,CrunchTime,2,"POLYGON ((0.035 1.04, 0.515 1.04, 0.515 1.37, 0.035 1.37, 0.035 1.04))",2,6400
FreshMart Banksia Grove,Aisle 2 - Chips & Snacks,Aisle 2,01,Salt Sisters Rice Crackers 100g,Product,Salt Sisters,2,"POLYGON ((0.527 1.04, 0.847 1.04, 0.847 1.26, 0.527 1.26, 0.527 1.04))",2,6100
FreshMart Banksia Grove,Aisle 2 - Chips & Snacks,Aisle 2,01,CrunchTime Pretzel Twists 300g,Product,CrunchTime,2,"POLYGON ((0.859 1.04, 1.219 1.04, 1.219 1.31, 0.859 1.31, 0.859 1.04))",2,5100
FreshMart Banksia Grove,Aisle 2 - Chips & Snacks,Aisle 2,01,FreshMart Essentials Veggie Straws 110g,Product,FreshMart Essentials,1,"POLYGON ((1.231 1.04, 1.431 1.04, 1.431 1.32, 1.231 1.32, 1.231 1.04))",2,4600
FreshMart Banksia Grove,Aisle 2 - Chips & Snacks,Aisle 2,01,Shelf 3 - Bay 01,Shelf,,,"POLYGON ((0 1.46, 1.6 1.46, 1.6 1.5, 0 1.5, 0 1.46))",1,
FreshMart Banksia Grove,Aisle 2 - Chips & Snacks,Aisle 2,01,CrunchTime Popcorn 6pk,Product,CrunchTime,3,"POLYGON ((0.035 1.5, 0.815 1.5, 0.815 1.74, 0.035 1.74, 0.035 1.5))",2,8700
FreshMart Banksia Grove,Aisle 2 - Chips & Snacks,Aisle 2,01,PopLab Corn Chips 230g,Product,PopLab,1,"POLYGON ((0.827 1.5, 1.057 1.5, 1.057 1.82, 0.827 1.82, 0.827 1.5))",2,2500
FreshMart Banksia Grove,Aisle 2 - Chips & Snacks,Aisle 2,01,PopLab Popcorn 6pk,Product,PopLab,1,"POLYGON ((1.069 1.5, 1.329 1.5, 1.329 1.74, 1.069 1.74, 1.069 1.5))",2,4000
FreshMart Banksia Grove,Aisle 2 - Chips & Snacks,Aisle 2,01,Salt Sisters Pretzel Twists 300g,Product,Salt Sisters,1,"POLYGON ((1.341 1.5, 1.521 1.5, 1.521 1.77, 1.341 1.77, 1.341 1.5))",2,2900
FreshMart Banksia Grove,Aisle 2 - Chips & Snacks,Aisle 2,01,Shelf 4 - Bay 01,Shelf,,,"POLYGON ((0 1.86, 1.6 1.86, 1.6 1.9, 0 1.9, 0 1.86))",1,
FreshMart Banksia Grove,Aisle 2 - Chips & Snacks,Aisle 2,01,FreshMart Essentials Pretzel Twists 300g,Product,FreshMart Essentials,1,"POLYGON ((0.035 1.9, 0.215 1.9, 0.215 2.17, 0.035 2.17, 0.035 1.9))",2,4300
FreshMart Banksia Grove,Aisle 2 - Chips & Snacks,Aisle 2,01,FreshMart Essentials Pretzel Twists 300g,Product,FreshMart Essentials,1,"POLYGON ((0.227 1.9, 0.407 1.9, 0.407 2.17, 0.227 2.17, 0.227 1.9))",2,4600
FreshMart Banksia Grove,Aisle 2 - Chips & Snacks,Aisle 2,01,FreshMart Essentials Popcorn 6pk,Product,FreshMart Essentials,1,"POLYGON ((0.419 1.9, 0.679 1.9, 0.679 2.14, 0.419 2.14, 0.419 1.9))",2,2600
FreshMart Banksia Grove,Aisle 2 - Chips & Snacks,Aisle 2,01,CrunchTime Rice Crackers 100g,Product,CrunchTime,2,"POLYGON ((0.691 1.9, 1.011 1.9, 1.011 2.12, 0.691 2.12, 0.691 1.9))",2,5900
FreshMart Banksia Grove,Aisle 2 - Chips & Snacks,Aisle 2,01,CrunchTime Popcorn 6pk,Product,CrunchTime,1,"POLYGON ((1.023 1.9, 1.283 1.9, 1.283 2.14, 1.023 2.14, 1.023 1.9))",2,3800
FreshMart Banksia Grove,Aisle 2 - Chips & Snacks,Aisle 2,01,PopLab Rice Crackers 100g,Product,PopLab,1,"POLYGON ((1.295 1.9, 1.455 1.9, 1.455 2.12, 1.295 2.12, 1.295 1.9))",2,2900
FreshMart Banksia Grove,Aisle 2 - Chips & Snacks,Aisle 2,02,Base Deck - Bay 02,Base Deck,,,"POLYGON ((1.6 0, 3.2 0, 3.2 0.1, 1.6 0.1, 1.6 0))",1,
FreshMart Banksia Grove,Aisle 2 - Chips & Snacks,Aisle 2,02,FreshMart Essentials Potato Chips 175g,Product,FreshMart Essentials,1,"POLYGON ((1.635 0.1, 1.875 0.1, 1.875 0.43, 1.635 0.43, 1.635 0.1))",2,4800
FreshMart Banksia Grove,Aisle 2 - Chips & Snacks,Aisle 2,02,FreshMart Essentials Potato Chips 175g,Product,FreshMart Essentials,1,"POLYGON ((1.887 0.1, 2.127 0.1, 2.127 0.43, 1.887 0.43, 1.887 0.1))",2,3600
FreshMart Banksia Grove,Aisle 2 - Chips & Snacks,Aisle 2,02,PopLab Rice Crackers 100g,Product,PopLab,1,"POLYGON ((2.139 0.1, 2.299 0.1, 2.299 0.32, 2.139 0.32, 2.139 0.1))",2,2900
FreshMart Banksia Grove,Aisle 2 - Chips & Snacks,Aisle 2,02,PopLab Corn Chips 230g,Product,PopLab,1,"POLYGON ((2.311 0.1, 2.541 0.1, 2.541 0.42, 2.311 0.42, 2.311 0.1))",2,4300
FreshMart Banksia Grove,Aisle 2 - Chips & Snacks,Aisle 2,02,Salt Sisters Veggie Straws 110g,Product,Salt Sisters,3,"POLYGON ((2.553 0.1, 3.153 0.1, 3.153 0.38, 2.553 0.38, 2.553 0.1))",2,10800
FreshMart Banksia Grove,Aisle 2 - Chips & Snacks,Aisle 2,02,Shelf 1 - Bay 02,Shelf,,,"POLYGON ((1.6 0.53, 3.2 0.53, 3.2 0.57, 1.6 0.57, 1.6 0.53))",1,
FreshMart Banksia Grove,Aisle 2 - Chips & Snacks,Aisle 2,02,Salt Sisters Corn Chips 230g,Product,Salt Sisters,2,"POLYGON ((1.635 0.57, 2.095 0.57, 2.095 0.89, 1.635 0.89, 1.635 0.57))",2,8700
FreshMart Banksia Grove,Aisle 2 - Chips & Snacks,Aisle 2,02,Salt Sisters Veggie Straws 110g,Product,Salt Sisters,3,"POLYGON ((2.107 0.57, 2.707 0.57, 2.707 0.85, 2.107 0.85, 2.107 0.57))",2,9200
FreshMart Banksia Grove,Aisle 2 - Chips & Snacks,Aisle 2,02,Salt Sisters Pretzel Twists 300g,Product,Salt Sisters,1,"POLYGON ((2.719 0.57, 2.899 0.57, 2.899 0.84, 2.719 0.84, 2.719 0.57))",2,3800
FreshMart Banksia Grove,Aisle 2 - Chips & Snacks,Aisle 2,02,CrunchTime Veggie Straws 110g,Product,CrunchTime,1,"POLYGON ((2.911 0.57, 3.111 0.57, 3.111 0.85, 2.911 0.85, 2.911 0.57))",2,2800
FreshMart Banksia Grove,Aisle 2 - Chips & Snacks,Aisle 2,02,Shelf 2 - Bay 02,Shelf,,,"POLYGON ((1.6 1, 3.2 1, 3.2 1.04, 1.6 1.04, 1.6 1))",1,
FreshMart Banksia Grove,Aisle 2 - Chips & Snacks,Aisle 2,02,PopLab Potato Chips 175g,Product,PopLab,2,"POLYGON ((1.635 1.04, 2.115 1.04, 2.115 1.37, 1.635 1.37, 1.635 1.04))",2,7900
FreshMart Banksia Grove,Aisle 2 - Chips & Snacks,Aisle 2,02,Salt Sisters Corn Chips 230g,Product,Salt Sisters,2,"POLYGON ((2.127 1.04, 2.587 1.04, 2.587 1.36, 2.127 1.36, 2.127 1.04))",2,7400
FreshMart Banksia Grove,Aisle 2 - Chips & Snacks,Aisle 2,02,FreshMart Essentials Popcorn 6pk,Product,FreshMart Essentials,1,"POLYGON ((2.599 1.04, 2.859 1.04, 2.859 1.28, 2.599 1.28, 2.599 1.04))",2,3900
FreshMart Banksia Grove,Aisle 2 - Chips & Snacks,Aisle 2,02,Salt Sisters Pretzel Twists 300g,Product,Salt Sisters,1,"POLYGON ((2.871 1.04, 3.051 1.04, 3.051 1.31, 2.871 1.31, 2.871 1.04))",2,4400
FreshMart Banksia Grove,Aisle 2 - Chips & Snacks,Aisle 2,02,Shelf 3 - Bay 02,Shelf,,,"POLYGON ((1.6 1.46, 3.2 1.46, 3.2 1.5, 1.6 1.5, 1.6 1.46))",1,
FreshMart Banksia Grove,Aisle 2 - Chips & Snacks,Aisle 2,02,CrunchTime Corn Chips 230g,Product,CrunchTime,1,"POLYGON ((1.635 1.5, 1.865 1.5, 1.865 1.82, 1.635 1.82, 1.635 1.5))",2,4100
FreshMart Banksia Grove,Aisle 2 - Chips & Snacks,Aisle 2,02,CrunchTime Pretzel Twists 300g,Product,CrunchTime,2,"POLYGON ((1.877 1.5, 2.237 1.5, 2.237 1.77, 1.877 1.77, 1.877 1.5))",2,9200
FreshMart Banksia Grove,Aisle 2 - Chips & Snacks,Aisle 2,02,FreshMart Essentials Potato Chips 175g,Product,FreshMart Essentials,3,"POLYGON ((2.249 1.5, 2.969 1.5, 2.969 1.83, 2.249 1.83, 2.249 1.5))",2,8400
FreshMart Banksia Grove,Aisle 2 - Chips & Snacks,Aisle 2,02,Salt Sisters Rice Crackers 100g,Product,Salt Sisters,1,"POLYGON ((2.981 1.5, 3.141 1.5, 3.141 1.72, 2.981 1.72, 2.981 1.5))",2,4400
FreshMart Banksia Grove,Aisle 2 - Chips & Snacks,Aisle 2,02,Shelf 4 - Bay 02,Shelf,,,"POLYGON ((1.6 1.86, 3.2 1.86, 3.2 1.9, 1.6 1.9, 1.6 1.86))",1,
FreshMart Banksia Grove,Aisle 2 - Chips & Snacks,Aisle 2,02,FreshMart Essentials Pretzel Twists 300g,Product,FreshMart Essentials,1,"POLYGON ((1.635 1.9, 1.815 1.9, 1.815 2.17, 1.635 2.17, 1.635 1.9))",2,4000
FreshMart Banksia Grove,Aisle 2 - Chips & Snacks,Aisle 2,02,Salt Sisters Popcorn 6pk,Product,Salt Sisters,1,"POLYGON ((1.827 1.9, 2.087 1.9, 2.087 2.14, 1.827 2.14, 1.827 1.9))",2,4300
FreshMart Banksia Grove,Aisle 2 - Chips & Snacks,Aisle 2,02,PopLab Popcorn 6pk,Product,PopLab,3,"POLYGON ((2.099 1.9, 2.879 1.9, 2.879 2.14, 2.099 2.14, 2.099 1.9))",2,14000
FreshMart Banksia Grove,Aisle 2 - Chips & Snacks,Aisle 2,02,Salt Sisters Pretzel Twists 300g,Product,Salt Sisters,1,"POLYGON ((2.891 1.9, 3.071 1.9, 3.071 2.17, 2.891 2.17, 2.891 1.9))",2,3800
FreshMart Banksia Grove,Aisle 2 - Chips & Snacks,Aisle 2,03,Base Deck - Bay 03,Base Deck,,,"POLYGON ((3.2 0, 4.8 0, 4.8 0.1, 3.2 0.1, 3.2 0))",1,
FreshMart Banksia Grove,Aisle 2 - Chips & Snacks,Aisle 2,03,Salt Sisters Rice Crackers 100g,Product,Salt Sisters,3,"POLYGON ((3.235 0.1, 3.715 0.1, 3.715 0.32, 3.235 0.32, 3.235 0.1))",2,11800
FreshMart Banksia Grove,Aisle 2 - Chips & Snacks,Aisle 2,03,Salt Sisters Popcorn 6pk,Product,Salt Sisters,1,"POLYGON ((3.727 0.1, 3.987 0.1, 3.987 0.34, 3.727 0.34, 3.727 0.1))",2,3900
FreshMart Banksia Grove,Aisle 2 - Chips & Snacks,Aisle 2,03,Salt Sisters Corn Chips 230g,Product,Salt Sisters,2,"POLYGON ((3.999 0.1, 4.459 0.1, 4.459 0.42, 3.999 0.42, 3.999 0.1))",2,8800
FreshMart Banksia Grove,Aisle 2 - Chips & Snacks,Aisle 2,03,PopLab Potato Chips 175g,Product,PopLab,1,"POLYGON ((4.471 0.1, 4.711 0.1, 4.711 0.43, 4.471 0.43, 4.471 0.1))",2,2700
FreshMart Banksia Grove,Aisle 2 - Chips & Snacks,Aisle 2,03,Shelf 1 - Bay 03,Shelf,,,"POLYGON ((3.2 0.53, 4.8 0.53, 4.8 0.57, 3.2 0.57, 3.2 0.53))",1,
FreshMart Banksia Grove,Aisle 2 - Chips & Snacks,Aisle 2,03,FreshMart Essentials Rice Crackers 100g,Product,FreshMart Essentials,2,"POLYGON ((3.235 0.57, 3.555 0.57, 3.555 0.79, 3.235 0.79, 3.235 0.57))",2,6400
FreshMart Banksia Grove,Aisle 2 - Chips & Snacks,Aisle 2,03,CrunchTime Rice Crackers 100g,Product,CrunchTime,1,"POLYGON ((3.567 0.57, 3.727 0.57, 3.727 0.79, 3.567 0.79, 3.567 0.57))",2,4100
FreshMart Banksia Grove,Aisle 2 - Chips & Snacks,Aisle 2,03,FreshMart Essentials Corn Chips 230g,Product,FreshMart Essentials,2,"POLYGON ((3.739 0.57, 4.199 0.57, 4.199 0.89, 3.739 0.89, 3.739 0.57))",2,4900
FreshMart Banksia Grove,Aisle 2 - Chips & Snacks,Aisle 2,03,CrunchTime Corn Chips 230g,Product,CrunchTime,1,"POLYGON ((4.211 0.57, 4.441 0.57, 4.441 0.89, 4.211 0.89, 4.211 0.57))",2,2900
FreshMart Banksia Grove,Aisle 2 - Chips & Snacks,Aisle 2,03,CrunchTime Rice Crackers 100g,Product,CrunchTime,1,"POLYGON ((4.453 0.57, 4.613 0.57, 4.613 0.79, 4.453 0.79, 4.453 0.57))",2,4700
FreshMart Banksia Grove,Aisle 2 - Chips & Snacks,Aisle 2,03,Shelf 2 - Bay 03,Shelf,,,"POLYGON ((3.2 1, 4.8 1, 4.8 1.04, 3.2 1.04, 3.2 1))",1,
FreshMart Banksia Grove,Aisle 2 - Chips & Snacks,Aisle 2,03,PopLab Potato Chips 175g,Product,PopLab,3,"POLYGON ((3.235 1.04, 3.955 1.04, 3.955 1.37, 3.235 1.37, 3.235 1.04))",2,11400
FreshMart Banksia Grove,Aisle 2 - Chips & Snacks,Aisle 2,03,PopLab Veggie Straws 110g,Product,PopLab,1,"POLYGON ((3.967 1.04, 4.167 1.04, 4.167 1.32, 3.967 1.32, 3.967 1.04))",2,4400
FreshMart Banksia Grove,Aisle 2 - Chips & Snacks,Aisle 2,03,CrunchTime Rice Crackers 100g,Product,CrunchTime,1,"POLYGON ((4.179 1.04, 4.339 1.04, 4.339 1.26, 4.179 1.26, 4.179 1.04))",2,3700
FreshMart Banksia Grove,Aisle 2 - Chips & Snacks,Aisle 2,03,CrunchTime Potato Chips 175g,Product,CrunchTime,1,"POLYGON ((4.351 1.04, 4.591 1.04, 4.591 1.37, 4.351 1.37, 4.351 1.04))",2,2500
FreshMart Banksia Grove,Aisle 2 - Chips & Snacks,Aisle 2,03,PopLab Rice Crackers 100g,Product,PopLab,1,"POLYGON ((4.603 1.04, 4.763 1.04, 4.763 1.26, 4.603 1.26, 4.603 1.04))",2,3900
FreshMart Banksia Grove,Aisle 2 - Chips & Snacks,Aisle 2,03,Shelf 3 - Bay 03,Shelf,,,"POLYGON ((3.2 1.46, 4.8 1.46, 4.8 1.5, 3.2 1.5, 3.2 1.46))",1,
FreshMart Banksia Grove,Aisle 2 - Chips & Snacks,Aisle 2,03,PopLab Potato Chips 175g,Product,PopLab,1,"POLYGON ((3.235 1.5, 3.475 1.5, 3.475 1.83, 3.235 1.83, 3.235 1.5))",2,3500
FreshMart Banksia Grove,Aisle 2 - Chips & Snacks,Aisle 2,03,FreshMart Essentials Potato Chips 175g,Product,FreshMart Essentials,3,"POLYGON ((3.487 1.5, 4.207 1.5, 4.207 1.83, 3.487 1.83, 3.487 1.5))",2,13500
FreshMart Banksia Grove,Aisle 2 - Chips & Snacks,Aisle 2,03,CrunchTime Corn Chips 230g,Product,CrunchTime,1,"POLYGON ((4.219 1.5, 4.449 1.5, 4.449 1.82, 4.219 1.82, 4.219 1.5))",2,3200
FreshMart Banksia Grove,Aisle 2 - Chips & Snacks,Aisle 2,03,FreshMart Essentials Pretzel Twists 300g,Product,FreshMart Essentials,1,"POLYGON ((4.461 1.5, 4.641 1.5, 4.641 1.77, 4.461 1.77, 4.461 1.5))",2,2500
FreshMart Banksia Grove,Aisle 2 - Chips & Snacks,Aisle 2,03,Shelf 4 - Bay 03,Shelf,,,"POLYGON ((3.2 1.86, 4.8 1.86, 4.8 1.9, 3.2 1.9, 3.2 1.86))",1,
FreshMart Banksia Grove,Aisle 2 - Chips & Snacks,Aisle 2,03,PopLab Pretzel Twists 300g,Product,PopLab,2,"POLYGON ((3.235 1.9, 3.595 1.9, 3.595 2.17, 3.235 2.17, 3.235 1.9))",2,7300
FreshMart Banksia Grove,Aisle 2 - Chips & Snacks,Aisle 2,03,FreshMart Essentials Popcorn 6pk,Product,FreshMart Essentials,3,"POLYGON ((3.607 1.9, 4.387 1.9, 4.387 2.14, 3.607 2.14, 3.607 1.9))",2,8100
FreshMart Banksia Grove,Aisle 2 - Chips & Snacks,Aisle 2,03,PopLab Rice Crackers 100g,Product,PopLab,1,"POLYGON ((4.399 1.9, 4.559 1.9, 4.559 2.12, 4.399 2.12, 4.399 1.9))",2,4400
FreshMart Banksia Grove,Aisle 2 - Chips & Snacks,Aisle 2,03,PopLab Pretzel Twists 300g,Product,PopLab,1,"POLYGON ((4.571 1.9, 4.751 1.9, 4.751 2.17, 4.571 2.17, 4.571 1.9))",2,4600
FreshMart Banksia Grove,Aisle 2 - Chips & Snacks,Aisle 2,04,Base Deck - Bay 04,Base Deck,,,"POLYGON ((4.8 0, 6.4 0, 6.4 0.1, 4.8 0.1, 4.8 0))",1,
FreshMart Banksia Grove,Aisle 2 - Chips & Snacks,Aisle 2,04,FreshMart Essentials Corn Chips 230g,Product,FreshMart Essentials,3,"POLYGON ((4.835 0.1, 5.525 0.1, 5.525 0.42, 4.835 0.42, 4.835 0.1))",2,13000
FreshMart Banksia Grove,Aisle 2 - Chips & Snacks,Aisle 2,04,FreshMart Essentials Veggie Straws 110g,Product,FreshMart Essentials,3,"POLYGON ((5.537 0.1, 6.137 0.1, 6.137 0.38, 5.537 0.38, 5.537 0.1))",2,8000
FreshMart Banksia Grove,Aisle 2 - Chips & Snacks,Aisle 2,04,Salt Sisters Rice Crackers 100g,Product,Salt Sisters,1,"POLYGON ((6.149 0.1, 6.309 0.1, 6.309 0.32, 6.149 0.32, 6.149 0.1))",2,3300
FreshMart Banksia Grove,Aisle 2 - Chips & Snacks,Aisle 2,04,Shelf 1 - Bay 04,Shelf,,,"POLYGON ((4.8 0.53, 6.4 0.53, 6.4 0.57, 4.8 0.57, 4.8 0.53))",1,
FreshMart Banksia Grove,Aisle 2 - Chips & Snacks,Aisle 2,04,CrunchTime Popcorn 6pk,Product,CrunchTime,3,"POLYGON ((4.835 0.57, 5.615 0.57, 5.615 0.81, 4.835 0.81, 4.835 0.57))",2,10300
FreshMart Banksia Grove,Aisle 2 - Chips & Snacks,Aisle 2,04,PopLab Potato Chips 175g,Product,PopLab,1,"POLYGON ((5.627 0.57, 5.867 0.57, 5.867 0.9, 5.627 0.9, 5.627 0.57))",2,2600
FreshMart Banksia Grove,Aisle 2 - Chips & Snacks,Aisle 2,04,Salt Sisters Potato Chips 175g,Product,Salt Sisters,1,"POLYGON ((5.879 0.57, 6.119 0.57, 6.119 0.9, 5.879 0.9, 5.879 0.57))",2,3600
FreshMart Banksia Grove,Aisle 2 - Chips & Snacks,Aisle 2,04,CrunchTime Pretzel Twists 300g,Product,CrunchTime,1,"POLYGON ((6.131 0.57, 6.311 0.57, 6.311 0.84, 6.131 0.84, 6.131 0.57))",2,4100
FreshMart Banksia Grove,Aisle 2 - Chips & Snacks,Aisle 2,04,Shelf 2 - Bay 04,Shelf,,,"POLYGON ((4.8 1, 6.4 1, 6.4 1.04, 4.8 1.04, 4.8 1))",1,
FreshMart Banksia Grove,Aisle 2 - Chips & Snacks,Aisle 2,04,Salt Sisters Popcorn 6pk,Product,Salt Sisters,1,"POLYGON ((4.835 1.04, 5.095 1.04, 5.095 1.28, 4.835 1.28, 4.835 1.04))",2,4100
FreshMart Banksia Grove,Aisle 2 - Chips & Snacks,Aisle 2,04,PopLab Corn Chips 230g,Product,PopLab,3,"POLYGON ((5.107 1.04, 5.797 1.04, 5.797 1.36, 5.107 1.36, 5.107 1.04))",2,8600
FreshMart Banksia Grove,Aisle 2 - Chips & Snacks,Aisle 2,04,Salt Sisters Corn Chips 230g,Product,Salt Sisters,1,"POLYGON ((5.809 1.04, 6.039 1.04, 6.039 1.36, 5.809 1.36, 5.809 1.04))",2,2900
FreshMart Banksia Grove,Aisle 2 - Chips & Snacks,Aisle 2,04,Salt Sisters Corn Chips 230g,Product,Salt Sisters,1,"POLYGON ((6.051 1.04, 6.281 1.04, 6.281 1.36, 6.051 1.36, 6.051 1.04))",2,3700
FreshMart Banksia Grove,Aisle 2 - Chips & Snacks,Aisle 2,04,Shelf 3 - Bay 04,Shelf,,,"POLYGON ((4.8 1.46, 6.4 1.46, 6.4 1.5, 4.8 1.5, 4.8 1.46))",1,
FreshMart Banksia Grove,Aisle 2 - Chips & Snacks,Aisle 2,04,Salt Sisters Potato Chips 175g,Product,Salt Sisters,3,"POLYGON ((4.835 1.5, 5.555 1.5, 5.555 1.83, 4.835 1.83, 4.835 1.5))",2,10200
FreshMart Banksia Grove,Aisle 2 - Chips & Snacks,Aisle 2,04,PopLab Rice Crackers 100g,Product,PopLab,1,"POLYGON ((5.567 1.5, 5.727 1.5, 5.727 1.72, 5.567 1.72, 5.567 1.5))",2,2900
FreshMart Banksia Grove,Aisle 2 - Chips & Snacks,Aisle 2,04,Salt Sisters Corn Chips 230g,Product,Salt Sisters,1,"POLYGON ((5.739 1.5, 5.969 1.5, 5.969 1.82, 5.739 1.82, 5.739 1.5))",2,2700
FreshMart Banksia Grove,Aisle 2 - Chips & Snacks,Aisle 2,04,FreshMart Essentials Popcorn 6pk,Product,FreshMart Essentials,1,"POLYGON ((5.981 1.5, 6.241 1.5, 6.241 1.74, 5.981 1.74, 5.981 1.5))",2,3800
FreshMart Banksia Grove,Aisle 2 - Chips & Snacks,Aisle 2,04,Shelf 4 - Bay 04,Shelf,,,"POLYGON ((4.8 1.86, 6.4 1.86, 6.4 1.9, 4.8 1.9, 4.8 1.86))",1,
FreshMart Banksia Grove,Aisle 2 - Chips & Snacks,Aisle 2,04,CrunchTime Popcorn 6pk,Product,CrunchTime,1,"POLYGON ((4.835 1.9, 5.095 1.9, 5.095 2.14, 4.835 2.14, 4.835 1.9))",2,2500
FreshMart Banksia Grove,Aisle 2 - Chips & Snacks,Aisle 2,04,PopLab Rice Crackers 100g,Product,PopLab,2,"POLYGON ((5.107 1.9, 5.427 1.9, 5.427 2.12, 5.107 2.12, 5.107 1.9))",2,7900
FreshMart Banksia Grove,Aisle 2 - Chips & Snacks,Aisle 2,04,FreshMart Essentials Pretzel Twists 300g,Product,FreshMart Essentials,2,"POLYGON ((5.439 1.9, 5.799 1.9, 5.799 2.17, 5.439 2.17, 5.439 1.9))",2,8700
FreshMart Banksia Grove,Aisle 2 - Chips & Snacks,Aisle 2,04,FreshMart Essentials Pretzel Twists 300g,Product,FreshMart Essentials,1,"POLYGON ((5.811 1.9, 5.991 1.9, 5.991 2.17, 5.811 2.17, 5.811 1.9))",2,4100
FreshMart Banksia Grove,Aisle 2 - Chips & Snacks,Aisle 2,04,Salt Sisters Pretzel Twists 300g,Product,Salt Sisters,2,"POLYGON ((6.003 1.9, 6.363 1.9, 6.363 2.17, 6.003 2.17, 6.003 1.9))",2,6600
FreshMart Banksia Grove,Aisle 2 - Confectionery,Aisle 2,05,Bay Frame 05,Rack,,,"POLYGON ((0 0, 1.6 0, 1.6 2.2, 0 2.2, 0 0))",0,
FreshMart Banksia Grove,Aisle 2 - Confectionery,Aisle 2,06,Bay Frame 06,Rack,,,"POLYGON ((1.6 0, 3.2 0, 3.2 2.2, 1.6 2.2, 1.6 0))",0,
FreshMart Banksia Grove,Aisle 2 - Confectionery,Aisle 2,07,Bay Frame 07,Rack,,,"POLYGON ((3.2 0, 4.8 0, 4.8 2.2, 3.2 2.2, 3.2 0))",0,
FreshMart Banksia Grove,Aisle 2 - Confectionery,Aisle 2,,Upright 1,Rack,,,"POLYGON ((0 0, 0.025 0, 0.025 2.2, 0 2.2, 0 0))",0,
FreshMart Banksia Grove,Aisle 2 - Confectionery,Aisle 2,,Upright 2,Rack,,,"POLYGON ((1.575 0, 1.625 0, 1.625 2.2, 1.575 2.2, 1.575 0))",0,
FreshMart Banksia Grove,Aisle 2 - Confectionery,Aisle 2,,Upright 3,Rack,,,"POLYGON ((3.175 0, 3.225 0, 3.225 2.2, 3.175 2.2, 3.175 0))",0,
FreshMart Banksia Grove,Aisle 2 - Confectionery,Aisle 2,,Upright 4,Rack,,,"POLYGON ((4.775 0, 4.8 0, 4.8 2.2, 4.775 2.2, 4.775 0))",0,
FreshMart Banksia Grove,Aisle 2 - Confectionery,Aisle 2,05,Base Deck - Bay 05,Base Deck,,,"POLYGON ((0 0, 1.6 0, 1.6 0.1, 0 0.1, 0 0))",1,
FreshMart Banksia Grove,Aisle 2 - Confectionery,Aisle 2,05,ChocOro Dark Choc 70% 100g,Product,ChocOro,3,"POLYGON ((0.035 0.1, 0.485 0.1, 0.485 0.26, 0.035 0.26, 0.035 0.1))",2,9000
FreshMart Banksia Grove,Aisle 2 - Confectionery,Aisle 2,05,ChocOro Dark Choc 70% 100g,Product,ChocOro,1,"POLYGON ((0.497 0.1, 0.647 0.1, 0.647 0.26, 0.497 0.26, 0.497 0.1))",2,2400
FreshMart Banksia Grove,Aisle 2 - Confectionery,Aisle 2,05,ChocOro Caramel Bars 6pk,Product,ChocOro,2,"POLYGON ((0.659 0.1, 0.999 0.1, 0.999 0.22, 0.659 0.22, 0.659 0.1))",2,4800
FreshMart Banksia Grove,Aisle 2 - Confectionery,Aisle 2,05,FreshMart Essentials Milk Choc Block 180g,Product,FreshMart Essentials,1,"POLYGON ((1.011 0.1, 1.171 0.1, 1.171 0.3, 1.011 0.3, 1.011 0.1))",2,2700
FreshMart Banksia Grove,Aisle 2 - Confectionery,Aisle 2,05,FreshMart Essentials Mint Patties 200g,Product,FreshMart Essentials,1,"POLYGON ((1.183 0.1, 1.313 0.1, 1.313 0.27, 1.183 0.27, 1.183 0.1))",2,3600
FreshMart Banksia Grove,Aisle 2 - Confectionery,Aisle 2,05,FreshMart Essentials Dark Choc 70% 100g,Product,FreshMart Essentials,1,"POLYGON ((1.325 0.1, 1.475 0.1, 1.475 0.26, 1.325 0.26, 1.325 0.1))",2,3900
FreshMart Banksia Grove,Aisle 2 - Confectionery,Aisle 2,05,Shelf 1 - Bay 05,Shelf,,,"POLYGON ((0 0.53, 1.6 0.53, 1.6 0.57, 0 0.57, 0 0.53))",1,
FreshMart Banksia Grove,Aisle 2 - Confectionery,Aisle 2,05,Jelly Junction Party Mix 1kg,Product,Jelly Junction,1,"POLYGON ((0.035 0.57, 0.255 0.57, 0.255 0.85, 0.035 0.85, 0.035 0.57))",2,2700
FreshMart Banksia Grove,Aisle 2 - Confectionery,Aisle 2,05,Mint Royale Party Mix 1kg,Product,Mint Royale,3,"POLYGON ((0.267 0.57, 0.927 0.57, 0.927 0.85, 0.267 0.85, 0.267 0.57))",2,8800
FreshMart Banksia Grove,Aisle 2 - Confectionery,Aisle 2,05,Mint Royale Mint Patties 200g,Product,Mint Royale,3,"POLYGON ((0.939 0.57, 1.329 0.57, 1.329 0.74, 0.939 0.74, 0.939 0.57))",2,10600
FreshMart Banksia Grove,Aisle 2 - Confectionery,Aisle 2,05,Mint Royale Gummy Bears 220g,Product,Mint Royale,1,"POLYGON ((1.341 0.57, 1.481 0.57, 1.481 0.76, 1.341 0.76, 1.341 0.57))",2,2500
FreshMart Banksia Grove,Aisle 2 - Confectionery,Aisle 2,05,Shelf 2 - Bay 05,Shelf,,,"POLYGON ((0 1, 1.6 1, 1.6 1.04, 0 1.04, 0 1))",1,
FreshMart Banksia Grove,Aisle 2 - Confectionery,Aisle 2,05,Mint Royale Mint Patties 200g,Product,Mint Royale,1,"POLYGON ((0.035 1.04, 0.165 1.04, 0.165 1.21, 0.035 1.21, 0.035 1.04))",2,3300
FreshMart Banksia Grove,Aisle 2 - Confectionery,Aisle 2,05,Jelly Junction Milk Choc Block 180g,Product,Jelly Junction,2,"POLYGON ((0.177 1.04, 0.497 1.04, 0.497 1.24, 0.177 1.24, 0.177 1.04))",2,4800
FreshMart Banksia Grove,Aisle 2 - Confectionery,Aisle 2,05,ChocOro Milk Choc Block 180g,Product,ChocOro,2,"POLYGON ((0.509 1.04, 0.829 1.04, 0.829 1.24, 0.509 1.24, 0.509 1.04))",2,7600
FreshMart Banksia Grove,Aisle 2 - Confectionery,Aisle 2,05,FreshMart Essentials Dark Choc 70% 100g,Product,FreshMart Essentials,3,"POLYGON ((0.841 1.04, 1.291 1.04, 1.291 1.2, 0.841 1.2, 0.841 1.04))",2,9500
FreshMart Banksia Grove,Aisle 2 - Confectionery,Aisle 2,05,FreshMart Essentials Mint Patties 200g,Product,FreshMart Essentials,2,"POLYGON ((1.303 1.04, 1.563 1.04, 1.563 1.21, 1.303 1.21, 1.303 1.04))",2,8900
FreshMart Banksia Grove,Aisle 2 - Confectionery,Aisle 2,05,Shelf 3 - Bay 05,Shelf,,,"POLYGON ((0 1.46, 1.6 1.46, 1.6 1.5, 0 1.5, 0 1.46))",1,
FreshMart Banksia Grove,Aisle 2 - Confectionery,Aisle 2,05,Jelly Junction Mint Patties 200g,Product,Jelly Junction,1,"POLYGON ((0.035 1.5, 0.165 1.5, 0.165 1.67, 0.035 1.67, 0.035 1.5))",2,4500
FreshMart Banksia Grove,Aisle 2 - Confectionery,Aisle 2,05,ChocOro Party Mix 1kg,Product,ChocOro,1,"POLYGON ((0.177 1.5, 0.397 1.5, 0.397 1.78, 0.177 1.78, 0.177 1.5))",2,3900
FreshMart Banksia Grove,Aisle 2 - Confectionery,Aisle 2,05,ChocOro Milk Choc Block 180g,Product,ChocOro,2,"POLYGON ((0.409 1.5, 0.729 1.5, 0.729 1.7, 0.409 1.7, 0.409 1.5))",2,9000
FreshMart Banksia Grove,Aisle 2 - Confectionery,Aisle 2,05,FreshMart Essentials Mint Patties 200g,Product,FreshMart Essentials,2,"POLYGON ((0.741 1.5, 1.001 1.5, 1.001 1.67, 0.741 1.67, 0.741 1.5))",2,5200
FreshMart Banksia Grove,Aisle 2 - Confectionery,Aisle 2,05,Jelly Junction Gummy Bears 220g,Product,Jelly Junction,3,"POLYGON ((1.013 1.5, 1.433 1.5, 1.433 1.69, 1.013 1.69, 1.013 1.5))",2,11400
FreshMart Banksia Grove,Aisle 2 - Confectionery,Aisle 2,05,Shelf 4 - Bay 05,Shelf,,,"POLYGON ((0 1.86, 1.6 1.86, 1.6 1.9, 0 1.9, 0 1.86))",1,
FreshMart Banksia Grove,Aisle 2 - Confectionery,Aisle 2,05,FreshMart Essentials Dark Choc 70% 100g,Product,FreshMart Essentials,3,"POLYGON ((0.035 1.9, 0.485 1.9, 0.485 2.06, 0.035 2.06, 0.035 1.9))",2,12500
FreshMart Banksia Grove,Aisle 2 - Confectionery,Aisle 2,05,Jelly Junction Mint Patties 200g,Product,Jelly Junction,2,"POLYGON ((0.497 1.9, 0.757 1.9, 0.757 2.07, 0.497 2.07, 0.497 1.9))",2,5700
FreshMart Banksia Grove,Aisle 2 - Confectionery,Aisle 2,05,FreshMart Essentials Milk Choc Block 180g,Product,FreshMart Essentials,2,"POLYGON ((0.769 1.9, 1.089 1.9, 1.089 2.1, 0.769 2.1, 0.769 1.9))",2,8400
FreshMart Banksia Grove,Aisle 2 - Confectionery,Aisle 2,05,Mint Royale Caramel Bars 6pk,Product,Mint Royale,1,"POLYGON ((1.101 1.9, 1.271 1.9, 1.271 2.02, 1.101 2.02, 1.101 1.9))",2,3900
FreshMart Banksia Grove,Aisle 2 - Confectionery,Aisle 2,05,ChocOro Gummy Bears 220g,Product,ChocOro,1,"POLYGON ((1.283 1.9, 1.423 1.9, 1.423 2.09, 1.283 2.09, 1.283 1.9))",2,3300
FreshMart Banksia Grove,Aisle 2 - Confectionery,Aisle 2,05,Mint Royale Mint Patties 200g,Product,Mint Royale,1,"POLYGON ((1.435 1.9, 1.565 1.9, 1.565 2.07, 1.435 2.07, 1.435 1.9))",2,2200
FreshMart Banksia Grove,Aisle 2 - Confectionery,Aisle 2,06,Base Deck - Bay 06,Base Deck,,,"POLYGON ((1.6 0, 3.2 0, 3.2 0.1, 1.6 0.1, 1.6 0))",1,
FreshMart Banksia Grove,Aisle 2 - Confectionery,Aisle 2,06,ChocOro Milk Choc Block 180g,Product,ChocOro,3,"POLYGON ((1.635 0.1, 2.115 0.1, 2.115 0.3, 1.635 0.3, 1.635 0.1))",2,13000
FreshMart Banksia Grove,Aisle 2 - Confectionery,Aisle 2,06,ChocOro Milk Choc Block 180g,Product,ChocOro,3,"POLYGON ((2.127 0.1, 2.607 0.1, 2.607 0.3, 2.127 0.3, 2.127 0.1))",2,8500
FreshMart Banksia Grove,Aisle 2 - Confectionery,Aisle 2,06,Mint Royale Gummy Bears 220g,Product,Mint Royale,3,"POLYGON ((2.619 0.1, 3.039 0.1, 3.039 0.29, 2.619 0.29, 2.619 0.1))",2,9300
FreshMart Banksia Grove,Aisle 2 - Confectionery,Aisle 2,06,Shelf 1 - Bay 06,Shelf,,,"POLYGON ((1.6 0.53, 3.2 0.53, 3.2 0.57, 1.6 0.57, 1.6 0.53))",1,
FreshMart Banksia Grove,Aisle 2 - Confectionery,Aisle 2,06,ChocOro Dark Choc 70% 100g,Product,ChocOro,1,"POLYGON ((1.635 0.57, 1.785 0.57, 1.785 0.73, 1.635 0.73, 1.635 0.57))",2,3000
FreshMart Banksia Grove,Aisle 2 - Confectionery,Aisle 2,06,FreshMart Essentials Mint Patties 200g,Product,FreshMart Essentials,1,"POLYGON ((1.797 0.57, 1.927 0.57, 1.927 0.74, 1.797 0.74, 1.797 0.57))",2,3700
FreshMart Banksia Grove,Aisle 2 - Confectionery,Aisle 2,06,Mint Royale Mint Patties 200g,Product,Mint Royale,2,"POLYGON ((1.939 0.57, 2.199 0.57, 2.199 0.74, 1.939 0.74, 1.939 0.57))",2,5400
FreshMart Banksia Grove,Aisle 2 - Confectionery,Aisle 2,06,ChocOro Dark Choc 70% 100g,Product,ChocOro,3,"POLYGON ((2.211 0.57, 2.661 0.57, 2.661 0.73, 2.211 0.73, 2.211 0.57))",2,9500
FreshMart Banksia Grove,Aisle 2 - Confectionery,Aisle 2,06,Mint Royale Dark Choc 70% 100g,Product,Mint Royale,2,"POLYGON ((2.673 0.57, 2.973 0.57, 2.973 0.73, 2.673 0.73, 2.673 0.57))",2,8000
FreshMart Banksia Grove,Aisle 2 - Confectionery,Aisle 2,06,FreshMart Essentials Milk Choc Block 180g,Product,FreshMart Essentials,1,"POLYGON ((2.985 0.57, 3.145 0.57, 3.145 0.77, 2.985 0.77, 2.985 0.57))",2,3700
FreshMart Banksia Grove,Aisle 2 - Confectionery,Aisle 2,06,Shelf 2 - Bay 06,Shelf,,,"POLYGON ((1.6 1, 3.2 1, 3.2 1.04, 1.6 1.04, 1.6 1))",1,
FreshMart Banksia Grove,Aisle 2 - Confectionery,Aisle 2,06,ChocOro Gummy Bears 220g,Product,ChocOro,3,"POLYGON ((1.635 1.04, 2.055 1.04, 2.055 1.23, 1.635 1.23, 1.635 1.04))",2,13000
FreshMart Banksia Grove,Aisle 2 - Confectionery,Aisle 2,06,ChocOro Dark Choc 70% 100g,Product,ChocOro,3,"POLYGON ((2.067 1.04, 2.517 1.04, 2.517 1.2, 2.067 1.2, 2.067 1.04))",2,10800
FreshMart Banksia Grove,Aisle 2 - Confectionery,Aisle 2,06,Mint Royale Mint Patties 200g,Product,Mint Royale,3,"POLYGON ((2.529 1.04, 2.919 1.04, 2.919 1.21, 2.529 1.21, 2.529 1.04))",2,12400
FreshMart Banksia Grove,Aisle 2 - Confectionery,Aisle 2,06,Jelly Junction Dark Choc 70% 100g,Product,Jelly Junction,1,"POLYGON ((2.931 1.04, 3.081 1.04, 3.081 1.2, 2.931 1.2, 2.931 1.04))",2,4500
FreshMart Banksia Grove,Aisle 2 - Confectionery,Aisle 2,06,Shelf 3 - Bay 06,Shelf,,,"POLYGON ((1.6 1.46, 3.2 1.46, 3.2 1.5, 1.6 1.5, 1.6 1.46))",1,
FreshMart Banksia Grove,Aisle 2 - Confectionery,Aisle 2,06,FreshMart Essentials Milk Choc Block 180g,Product,FreshMart Essentials,1,"POLYGON ((1.635 1.5, 1.795 1.5, 1.795 1.7, 1.635 1.7, 1.635 1.5))",2,2400
FreshMart Banksia Grove,Aisle 2 - Confectionery,Aisle 2,06,Mint Royale Gummy Bears 220g,Product,Mint Royale,3,"POLYGON ((1.807 1.5, 2.227 1.5, 2.227 1.69, 1.807 1.69, 1.807 1.5))",2,7300
FreshMart Banksia Grove,Aisle 2 - Confectionery,Aisle 2,06,ChocOro Dark Choc 70% 100g,Product,ChocOro,2,"POLYGON ((2.239 1.5, 2.539 1.5, 2.539 1.66, 2.239 1.66, 2.239 1.5))",2,6700
FreshMart Banksia Grove,Aisle 2 - Confectionery,Aisle 2,06,ChocOro Caramel Bars 6pk,Product,ChocOro,1,"POLYGON ((2.551 1.5, 2.721 1.5, 2.721 1.62, 2.551 1.62, 2.551 1.5))",2,3500
FreshMart Banksia Grove,Aisle 2 - Confectionery,Aisle 2,06,Jelly Junction Mint Patties 200g,Product,Jelly Junction,3,"POLYGON ((2.733 1.5, 3.123 1.5, 3.123 1.67, 2.733 1.67, 2.733 1.5))",2,12200
FreshMart Banksia Grove,Aisle 2 - Confectionery,Aisle 2,06,Shelf 4 - Bay 06,Shelf,,,"POLYGON ((1.6 1.86, 3.2 1.86, 3.2 1.9, 1.6 1.9, 1.6 1.86))",1,
FreshMart Banksia Grove,Aisle 2 - Confectionery,Aisle 2,06,FreshMart Essentials Milk Choc Block 180g,Product,FreshMart Essentials,1,"POLYGON ((1.635 1.9, 1.795 1.9, 1.795 2.1, 1.635 2.1, 1.635 1.9))",2,2200
FreshMart Banksia Grove,Aisle 2 - Confectionery,Aisle 2,06,FreshMart Essentials Gummy Bears 220g,Product,FreshMart Essentials,1,"POLYGON ((1.807 1.9, 1.947 1.9, 1.947 2.09, 1.807 2.09, 1.807 1.9))",2,2200
FreshMart Banksia Grove,Aisle 2 - Confectionery,Aisle 2,06,Mint Royale Mint Patties 200g,Product,Mint Royale,2,"POLYGON ((1.959 1.9, 2.219 1.9, 2.219 2.07, 1.959 2.07, 1.959 1.9))",2,6100
FreshMart Banksia Grove,Aisle 2 - Confectionery,Aisle 2,06,FreshMart Essentials Caramel Bars 6pk,Product,FreshMart Essentials,2,"POLYGON ((2.231 1.9, 2.571 1.9, 2.571 2.02, 2.231 2.02, 2.231 1.9))",2,8300
FreshMart Banksia Grove,Aisle 2 - Confectionery,Aisle 2,06,Jelly Junction Dark Choc 70% 100g,Product,Jelly Junction,2,"POLYGON ((2.583 1.9, 2.883 1.9, 2.883 2.06, 2.583 2.06, 2.583 1.9))",2,6700
FreshMart Banksia Grove,Aisle 2 - Confectionery,Aisle 2,06,FreshMart Essentials Gummy Bears 220g,Product,FreshMart Essentials,1,"POLYGON ((2.895 1.9, 3.035 1.9, 3.035 2.09, 2.895 2.09, 2.895 1.9))",2,4100
FreshMart Banksia Grove,Aisle 2 - Confectionery,Aisle 2,07,Base Deck - Bay 07,Base Deck,,,"POLYGON ((3.2 0, 4.8 0, 4.8 0.1, 3.2 0.1, 3.2 0))",1,
FreshMart Banksia Grove,Aisle 2 - Confectionery,Aisle 2,07,Mint Royale Caramel Bars 6pk,Product,Mint Royale,2,"POLYGON ((3.235 0.1, 3.575 0.1, 3.575 0.22, 3.235 0.22, 3.235 0.1))",2,6300
FreshMart Banksia Grove,Aisle 2 - Confectionery,Aisle 2,07,Jelly Junction Mint Patties 200g,Product,Jelly Junction,2,"POLYGON ((3.587 0.1, 3.847 0.1, 3.847 0.27, 3.587 0.27, 3.587 0.1))",2,7300
FreshMart Banksia Grove,Aisle 2 - Confectionery,Aisle 2,07,Mint Royale Milk Choc Block 180g,Product,Mint Royale,1,"POLYGON ((3.859 0.1, 4.019 0.1, 4.019 0.3, 3.859 0.3, 3.859 0.1))",2,4500
FreshMart Banksia Grove,Aisle 2 - Confectionery,Aisle 2,07,Jelly Junction Dark Choc 70% 100g,Product,Jelly Junction,1,"POLYGON ((4.031 0.1, 4.181 0.1, 4.181 0.26, 4.031 0.26, 4.031 0.1))",2,3200
FreshMart Banksia Grove,Aisle 2 - Confectionery,Aisle 2,07,ChocOro Gummy Bears 220g,Product,ChocOro,2,"POLYGON ((4.193 0.1, 4.473 0.1, 4.473 0.29, 4.193 0.29, 4.193 0.1))",2,4800
FreshMart Banksia Grove,Aisle 2 - Confectionery,Aisle 2,07,FreshMart Essentials Gummy Bears 220g,Product,FreshMart Essentials,1,"POLYGON ((4.485 0.1, 4.625 0.1, 4.625 0.29, 4.485 0.29, 4.485 0.1))",2,2700
FreshMart Banksia Grove,Aisle 2 - Confectionery,Aisle 2,07,Shelf 1 - Bay 07,Shelf,,,"POLYGON ((3.2 0.53, 4.8 0.53, 4.8 0.57, 3.2 0.57, 3.2 0.53))",1,
FreshMart Banksia Grove,Aisle 2 - Confectionery,Aisle 2,07,Mint Royale Dark Choc 70% 100g,Product,Mint Royale,1,"POLYGON ((3.235 0.57, 3.385 0.57, 3.385 0.73, 3.235 0.73, 3.235 0.57))",2,2500
FreshMart Banksia Grove,Aisle 2 - Confectionery,Aisle 2,07,FreshMart Essentials Caramel Bars 6pk,Product,FreshMart Essentials,2,"POLYGON ((3.397 0.57, 3.737 0.57, 3.737 0.69, 3.397 0.69, 3.397 0.57))",2,7400
FreshMart Banksia Grove,Aisle 2 - Confectionery,Aisle 2,07,ChocOro Caramel Bars 6pk,Product,ChocOro,1,"POLYGON ((3.749 0.57, 3.919 0.57, 3.919 0.69, 3.749 0.69, 3.749 0.57))",2,3000
FreshMart Banksia Grove,Aisle 2 - Confectionery,Aisle 2,07,Jelly Junction Mint Patties 200g,Product,Jelly Junction,1,"POLYGON ((3.931 0.57, 4.061 0.57, 4.061 0.74, 3.931 0.74, 3.931 0.57))",2,3500
FreshMart Banksia Grove,Aisle 2 - Confectionery,Aisle 2,07,ChocOro Party Mix 1kg,Product,ChocOro,1,"POLYGON ((4.073 0.57, 4.293 0.57, 4.293 0.85, 4.073 0.85, 4.073 0.57))",2,4400
FreshMart Banksia Grove,Aisle 2 - Confectionery,Aisle 2,07,FreshMart Essentials Gummy Bears 220g,Product,FreshMart Essentials,3,"POLYGON ((4.305 0.57, 4.725 0.57, 4.725 0.76, 4.305 0.76, 4.305 0.57))",2,9100
FreshMart Banksia Grove,Aisle 2 - Confectionery,Aisle 2,07,Shelf 2 - Bay 07,Shelf,,,"POLYGON ((3.2 1, 4.8 1, 4.8 1.04, 3.2 1.04, 3.2 1))",1,
FreshMart Banksia Grove,Aisle 2 - Confectionery,Aisle 2,07,Mint Royale Gummy Bears 220g,Product,Mint Royale,3,"POLYGON ((3.235 1.04, 3.655 1.04, 3.655 1.23, 3.235 1.23, 3.235 1.04))",2,9800
FreshMart Banksia Grove,Aisle 2 - Confectionery,Aisle 2,07,ChocOro Caramel Bars 6pk,Product,ChocOro,1,"POLYGON ((3.667 1.04, 3.837 1.04, 3.837 1.16, 3.667 1.16, 3.667 1.04))",2,3600
FreshMart Banksia Grove,Aisle 2 - Confectionery,Aisle 2,07,ChocOro Mint Patties 200g,Product,ChocOro,2,"POLYGON ((3.849 1.04, 4.109 1.04, 4.109 1.21, 3.849 1.21, 3.849 1.04))",2,6400
FreshMart Banksia Grove,Aisle 2 - Confectionery,Aisle 2,07,ChocOro Dark Choc 70% 100g,Product,ChocOro,3,"POLYGON ((4.121 1.04, 4.571 1.04, 4.571 1.2, 4.121 1.2, 4.121 1.04))",2,10200
FreshMart Banksia Grove,Aisle 2 - Confectionery,Aisle 2,07,Mint Royale Caramel Bars 6pk,Product,Mint Royale,1,"POLYGON ((4.583 1.04, 4.753 1.04, 4.753 1.16, 4.583 1.16, 4.583 1.04))",2,2500
FreshMart Banksia Grove,Aisle 2 - Confectionery,Aisle 2,07,Shelf 3 - Bay 07,Shelf,,,"POLYGON ((3.2 1.46, 4.8 1.46, 4.8 1.5, 3.2 1.5, 3.2 1.46))",1,
FreshMart Banksia Grove,Aisle 2 - Confectionery,Aisle 2,07,Jelly Junction Mint Patties 200g,Product,Jelly Junction,3,"POLYGON ((3.235 1.5, 3.625 1.5, 3.625 1.67, 3.235 1.67, 3.235 1.5))",2,7100
FreshMart Banksia Grove,Aisle 2 - Confectionery,Aisle 2,07,Jelly Junction Mint Patties 200g,Product,Jelly Junction,3,"POLYGON ((3.637 1.5, 4.027 1.5, 4.027 1.67, 3.637 1.67, 3.637 1.5))",2,10800
FreshMart Banksia Grove,Aisle 2 - Confectionery,Aisle 2,07,FreshMart Essentials Milk Choc Block 180g,Product,FreshMart Essentials,3,"POLYGON ((4.039 1.5, 4.519 1.5, 4.519 1.7, 4.039 1.7, 4.039 1.5))",2,12300
FreshMart Banksia Grove,Aisle 2 - Confectionery,Aisle 2,07,Mint Royale Milk Choc Block 180g,Product,Mint Royale,1,"POLYGON ((4.531 1.5, 4.691 1.5, 4.691 1.7, 4.531 1.7, 4.531 1.5))",2,2700
FreshMart Banksia Grove,Aisle 2 - Confectionery,Aisle 2,07,Shelf 4 - Bay 07,Shelf,,,"POLYGON ((3.2 1.86, 4.8 1.86, 4.8 1.9, 3.2 1.9, 3.2 1.86))",1,
FreshMart Banksia Grove,Aisle 2 - Confectionery,Aisle 2,07,Mint Royale Caramel Bars 6pk,Product,Mint Royale,3,"POLYGON ((3.235 1.9, 3.745 1.9, 3.745 2.02, 3.235 2.02, 3.235 1.9))",2,12400
FreshMart Banksia Grove,Aisle 2 - Confectionery,Aisle 2,07,FreshMart Essentials Caramel Bars 6pk,Product,FreshMart Essentials,2,"POLYGON ((3.757 1.9, 4.097 1.9, 4.097 2.02, 3.757 2.02, 3.757 1.9))",2,4500
FreshMart Banksia Grove,Aisle 2 - Confectionery,Aisle 2,07,Jelly Junction Milk Choc Block 180g,Product,Jelly Junction,1,"POLYGON ((4.109 1.9, 4.269 1.9, 4.269 2.1, 4.109 2.1, 4.109 1.9))",2,4300
FreshMart Banksia Grove,Aisle 2 - Confectionery,Aisle 2,07,Mint Royale Gummy Bears 220g,Product,Mint Royale,1,"POLYGON ((4.281 1.9, 4.421 1.9, 4.421 2.09, 4.281 2.09, 4.281 1.9))",2,2600
FreshMart Banksia Grove,Aisle 2 - Confectionery,Aisle 2,07,FreshMart Essentials Dark Choc 70% 100g,Product,FreshMart Essentials,2,"POLYGON ((4.433 1.9, 4.733 1.9, 4.733 2.06, 4.433 2.06, 4.433 1.9))",2,4800
FreshMart Banksia Grove,Aisle 2 - Biscuits,Aisle 2,08,Bay Frame 08,Rack,,,"POLYGON ((0 0, 1.6 0, 1.6 2.2, 0 2.2, 0 0))",0,
FreshMart Banksia Grove,Aisle 2 - Biscuits,Aisle 2,09,Bay Frame 09,Rack,,,"POLYGON ((1.6 0, 3.2 0, 3.2 2.2, 1.6 2.2, 1.6 0))",0,
FreshMart Banksia Grove,Aisle 2 - Biscuits,Aisle 2,10,Bay Frame 10,Rack,,,"POLYGON ((3.2 0, 4.8 0, 4.8 2.2, 3.2 2.2, 3.2 0))",0,
FreshMart Banksia Grove,Aisle 2 - Biscuits,Aisle 2,,Upright 1,Rack,,,"POLYGON ((0 0, 0.025 0, 0.025 2.2, 0 2.2, 0 0))",0,
FreshMart Banksia Grove,Aisle 2 - Biscuits,Aisle 2,,Upright 2,Rack,,,"POLYGON ((1.575 0, 1.625 0, 1.625 2.2, 1.575 2.2, 1.575 0))",0,
FreshMart Banksia Grove,Aisle 2 - Biscuits,Aisle 2,,Upright 3,Rack,,,"POLYGON ((3.175 0, 3.225 0, 3.225 2.2, 3.175 2.2, 3.175 0))",0,
FreshMart Banksia Grove,Aisle 2 - Biscuits,Aisle 2,,Upright 4,Rack,,,"POLYGON ((4.775 0, 4.8 0, 4.8 2.2, 4.775 2.2, 4.775 0))",0,
FreshMart Banksia Grove,Aisle 2 - Biscuits,Aisle 2,08,Base Deck - Bay 08,Base Deck,,,"POLYGON ((0 0, 1.6 0, 1.6 0.1, 0 0.1, 0 0))",1,
FreshMart Banksia Grove,Aisle 2 - Biscuits,Aisle 2,08,Crumbly's Shortbread Fingers 200g,Product,Crumbly's,2,"POLYGON ((0.035 0.1, 0.355 0.1, 0.355 0.2, 0.035 0.2, 0.035 0.1))",2,5300
FreshMart Banksia Grove,Aisle 2 - Biscuits,Aisle 2,08,Crumbly's Wafer Rolls 150g,Product,Crumbly's,1,"POLYGON ((0.367 0.1, 0.457 0.1, 0.457 0.32, 0.367 0.32, 0.367 0.1))",2,2800
FreshMart Banksia Grove,Aisle 2 - Biscuits,Aisle 2,08,FreshMart Essentials Choc Chip Cookies 300g,Product,FreshMart Essentials,3,"POLYGON ((0.469 0.1, 1.009 0.1, 1.009 0.2, 0.469 0.2, 0.469 0.1))",2,7800
FreshMart Banksia Grove,Aisle 2 - Biscuits,Aisle 2,08,Crumbly's Cream Sandwich 250g,Product,Crumbly's,3,"POLYGON ((1.021 0.1, 1.531 0.1, 1.531 0.19, 1.021 0.19, 1.021 0.1))",2,6000
FreshMart Banksia Grove,Aisle 2 - Biscuits,Aisle 2,08,Shelf 1 - Bay 08,Shelf,,,"POLYGON ((0 0.53, 1.6 0.53, 1.6 0.57, 0 0.57, 0 0.53))",1,
FreshMart Banksia Grove,Aisle 2 - Biscuits,Aisle 2,08,Tea Companion Cream Sandwich 250g,Product,Tea Companion,1,"POLYGON ((0.035 0.57, 0.205 0.57, 0.205 0.66, 0.035 0.66, 0.035 0.57))",2,3500
FreshMart Banksia Grove,Aisle 2 - Biscuits,Aisle 2,08,Tea Companion Wafer Rolls 150g,Product,Tea Companion,3,"POLYGON ((0.217 0.57, 0.487 0.57, 0.487 0.79, 0.217 0.79, 0.217 0.57))",2,9900
FreshMart Banksia Grove,Aisle 2 - Biscuits,Aisle 2,08,FreshMart Essentials Choc Chip Cookies 300g,Product,FreshMart Essentials,2,"POLYGON ((0.499 0.57, 0.859 0.57, 0.859 0.67, 0.499 0.67, 0.499 0.57))",2,4700
FreshMart Banksia Grove,Aisle 2 - Biscuits,Aisle 2,08,Bake Bros. Wafer Rolls 150g,Product,Bake Bros.,3,"POLYGON ((0.871 0.57, 1.141 0.57, 1.141 0.79, 0.871 0.79, 0.871 0.57))",2,5700
FreshMart Banksia Grove,Aisle 2 - Biscuits,Aisle 2,08,Bake Bros. Choc Chip Cookies 300g,Product,Bake Bros.,1,"POLYGON ((1.153 0.57, 1.333 0.57, 1.333 0.67, 1.153 0.67, 1.153 0.57))",2,2100
FreshMart Banksia Grove,Aisle 2 - Biscuits,Aisle 2,08,Crumbly's Wafer Rolls 150g,Product,Crumbly's,1,"POLYGON ((1.345 0.57, 1.435 0.57, 1.435 0.79, 1.345 0.79, 1.345 0.57))",2,3000
FreshMart Banksia Grove,Aisle 2 - Biscuits,Aisle 2,08,Bake Bros. Wafer Rolls 150g,Product,Bake Bros.,1,"POLYGON ((1.447 0.57, 1.537 0.57, 1.537 0.79, 1.447 0.79, 1.447 0.57))",2,2400
FreshMart Banksia Grove,Aisle 2 - Biscuits,Aisle 2,08,Shelf 2 - Bay 08,Shelf,,,"POLYGON ((0 1, 1.6 1, 1.6 1.04, 0 1.04, 0 1))",1,
FreshMart Banksia Grove,Aisle 2 - Biscuits,Aisle 2,08,Bake Bros. Shortbread Fingers 200g,Product,Bake Bros.,3,"POLYGON ((0.035 1.04, 0.515 1.04, 0.515 1.14, 0.035 1.14, 0.035 1.04))",2,8500
FreshMart Banksia Grove,Aisle 2 - Biscuits,Aisle 2,08,Bake Bros. Cream Sandwich 250g,Product,Bake Bros.,1,"POLYGON ((0.527 1.04, 0.697 1.04, 0.697 1.13, 0.527 1.13, 0.527 1.04))",2,3400
FreshMart Banksia Grove,Aisle 2 - Biscuits,Aisle 2,08,FreshMart Essentials Choc Chip Cookies 300g,Product,FreshMart Essentials,1,"POLYGON ((0.709 1.04, 0.889 1.04, 0.889 1.14, 0.709 1.14, 0.709 1.04))",2,2700
FreshMart Banksia Grove,Aisle 2 - Biscuits,Aisle 2,08,Crumbly's Digestives 400g,Product,Crumbly's,1,"POLYGON ((0.901 1.04, 1.081 1.04, 1.081 1.15, 0.901 1.15, 0.901 1.04))",2,2400
FreshMart Banksia Grove,Aisle 2 - Biscuits,Aisle 2,08,Tea Companion Water Crackers 125g,Product,Tea Companion,2,"POLYGON ((1.093 1.04, 1.393 1.04, 1.393 1.24, 1.093 1.24, 1.093 1.04))",2,5500
FreshMart Banksia Grove,Aisle 2 - Biscuits,Aisle 2,08,Crumbly's Wafer Rolls 150g,Product,Crumbly's,1,"POLYGON ((1.405 1.04, 1.495 1.04, 1.495 1.26, 1.405 1.26, 1.405 1.04))",2,3500
FreshMart Banksia Grove,Aisle 2 - Biscuits,Aisle 2,08,Shelf 3 - Bay 08,Shelf,,,"POLYGON ((0 1.46, 1.6 1.46, 1.6 1.5, 0 1.5, 0 1.46))",1,
FreshMart Banksia Grove,Aisle 2 - Biscuits,Aisle 2,08,Bake Bros. Choc Chip Cookies 300g,Product,Bake Bros.,3,"POLYGON ((0.035 1.5, 0.575 1.5, 0.575 1.6, 0.035 1.6, 0.035 1.5))",2,8200
FreshMart Banksia Grove,Aisle 2 - Biscuits,Aisle 2,08,Bake Bros. Shortbread Fingers 200g,Product,Bake Bros.,1,"POLYGON ((0.587 1.5, 0.747 1.5, 0.747 1.6, 0.587 1.6, 0.587 1.5))",2,2500
FreshMart Banksia Grove,Aisle 2 - Biscuits,Aisle 2,08,Crumbly's Digestives 400g,Product,Crumbly's,3,"POLYGON ((0.759 1.5, 1.299 1.5, 1.299 1.61, 0.759 1.61, 0.759 1.5))",2,6300
FreshMart Banksia Grove,Aisle 2 - Biscuits,Aisle 2,08,Tea Companion Water Crackers 125g,Product,Tea Companion,1,"POLYGON ((1.311 1.5, 1.461 1.5, 1.461 1.7, 1.311 1.7, 1.311 1.5))",2,2700
FreshMart Banksia Grove,Aisle 2 - Biscuits,Aisle 2,08,Tea Companion Wafer Rolls 150g,Product,Tea Companion,1,"POLYGON ((1.473 1.5, 1.563 1.5, 1.563 1.72, 1.473 1.72, 1.473 1.5))",2,1900
FreshMart Banksia Grove,Aisle 2 - Biscuits,Aisle 2,08,Shelf 4 - Bay 08,Shelf,,,"POLYGON ((0 1.86, 1.6 1.86, 1.6 1.9, 0 1.9, 0 1.86))",1,
FreshMart Banksia Grove,Aisle 2 - Biscuits,Aisle 2,08,FreshMart Essentials Shortbread Fingers 200g,Product,FreshMart Essentials,2,"POLYGON ((0.035 1.9, 0.355 1.9, 0.355 2, 0.035 2, 0.035 1.9))",2,6600
FreshMart Banksia Grove,Aisle 2 - Biscuits,Aisle 2,08,Bake Bros. Wafer Rolls 150g,Product,Bake Bros.,1,"POLYGON ((0.367 1.9, 0.457 1.9, 0.457 2.12, 0.367 2.12, 0.367 1.9))",2,2300
FreshMart Banksia Grove,Aisle 2 - Biscuits,Aisle 2,08,Bake Bros. Wafer Rolls 150g,Product,Bake Bros.,1,"POLYGON ((0.469 1.9, 0.559 1.9, 0.559 2.12, 0.469 2.12, 0.469 1.9))",2,3400
FreshMart Banksia Grove,Aisle 2 - Biscuits,Aisle 2,08,Crumbly's Shortbread Fingers 200g,Product,Crumbly's,1,"POLYGON ((0.571 1.9, 0.731 1.9, 0.731 2, 0.571 2, 0.571 1.9))",2,2700
FreshMart Banksia Grove,Aisle 2 - Biscuits,Aisle 2,08,FreshMart Essentials Shortbread Fingers 200g,Product,FreshMart Essentials,2,"POLYGON ((0.743 1.9, 1.063 1.9, 1.063 2, 0.743 2, 0.743 1.9))",2,4100
FreshMart Banksia Grove,Aisle 2 - Biscuits,Aisle 2,08,Crumbly's Cream Sandwich 250g,Product,Crumbly's,2,"POLYGON ((1.075 1.9, 1.415 1.9, 1.415 1.99, 1.075 1.99, 1.075 1.9))",2,6000
FreshMart Banksia Grove,Aisle 2 - Biscuits,Aisle 2,08,Bake Bros. Wafer Rolls 150g,Product,Bake Bros.,1,"POLYGON ((1.427 1.9, 1.517 1.9, 1.517 2.12, 1.427 2.12, 1.427 1.9))",2,2900
FreshMart Banksia Grove,Aisle 2 - Biscuits,Aisle 2,09,Base Deck - Bay 09,Base Deck,,,"POLYGON ((1.6 0, 3.2 0, 3.2 0.1, 1.6 0.1, 1.6 0))",1,
FreshMart Banksia Grove,Aisle 2 - Biscuits,Aisle 2,09,Tea Companion Wafer Rolls 150g,Product,Tea Companion,3,"POLYGON ((1.635 0.1, 1.905 0.1, 1.905 0.32, 1.635 0.32, 1.635 0.1))",2,8600
FreshMart Banksia Grove,Aisle 2 - Biscuits,Aisle 2,09,Crumbly's Cream Sandwich 250g,Product,Crumbly's,3,"POLYGON ((1.917 0.1, 2.427 0.1, 2.427 0.19, 1.917 0.19, 1.917 0.1))",2,11400
FreshMart Banksia Grove,Aisle 2 - Biscuits,Aisle 2,09,Crumbly's Water Crackers 125g,Product,Crumbly's,1,"POLYGON ((2.439 0.1, 2.589 0.1, 2.589 0.3, 2.439 0.3, 2.439 0.1))",2,2100
FreshMart Banksia Grove,Aisle 2 - Biscuits,Aisle 2,09,Bake Bros. Digestives 400g,Product,Bake Bros.,3,"POLYGON ((2.601 0.1, 3.141 0.1, 3.141 0.21, 2.601 0.21, 2.601 0.1))",2,9800
FreshMart Banksia Grove,Aisle 2 - Biscuits,Aisle 2,09,Shelf 1 - Bay 09,Shelf,,,"POLYGON ((1.6 0.53, 3.2 0.53, 3.2 0.57, 1.6 0.57, 1.6 0.53))",1,
FreshMart Banksia Grove,Aisle 2 - Biscuits,Aisle 2,09,Tea Companion Water Crackers 125g,Product,Tea Companion,3,"POLYGON ((1.635 0.57, 2.085 0.57, 2.085 0.77, 1.635 0.77, 1.635 0.57))",2,7000
FreshMart Banksia Grove,Aisle 2 - Biscuits,Aisle 2,09,FreshMart Essentials Cream Sandwich 250g,Product,FreshMart Essentials,1,"POLYGON ((2.097 0.57, 2.267 0.57, 2.267 0.66, 2.097 0.66, 2.097 0.57))",2,2900
FreshMart Banksia Grove,Aisle 2 - Biscuits,Aisle 2,09,Crumbly's Shortbread Fingers 200g,Product,Crumbly's,1,"POLYGON ((2.279 0.57, 2.439 0.57, 2.439 0.67, 2.279 0.67, 2.279 0.57))",2,3500
FreshMart Banksia Grove,Aisle 2 - Biscuits,Aisle 2,09,Crumbly's Cream Sandwich 250g,Product,Crumbly's,1,"POLYGON ((2.451 0.57, 2.621 0.57, 2.621 0.66, 2.451 0.66, 2.451 0.57))",2,2700
FreshMart Banksia Grove,Aisle 2 - Biscuits,Aisle 2,09,Tea Companion Shortbread Fingers 200g,Product,Tea Companion,1,"POLYGON ((2.633 0.57, 2.793 0.57, 2.793 0.67, 2.633 0.67, 2.633 0.57))",2,2700
FreshMart Banksia Grove,Aisle 2 - Biscuits,Aisle 2,09,Crumbly's Choc Chip Cookies 300g,Product,Crumbly's,1,"POLYGON ((2.805 0.57, 2.985 0.57, 2.985 0.67, 2.805 0.67, 2.805 0.57))",2,2900
FreshMart Banksia Grove,Aisle 2 - Biscuits,Aisle 2,09,Crumbly's Water Crackers 125g,Product,Crumbly's,1,"POLYGON ((2.997 0.57, 3.147 0.57, 3.147 0.77, 2.997 0.77, 2.997 0.57))",2,3500
FreshMart Banksia Grove,Aisle 2 - Biscuits,Aisle 2,09,Shelf 2 - Bay 09,Shelf,,,"POLYGON ((1.6 1, 3.2 1, 3.2 1.04, 1.6 1.04, 1.6 1))",1,
FreshMart Banksia Grove,Aisle 2 - Biscuits,Aisle 2,09,Tea Companion Wafer Rolls 150g,Product,Tea Companion,1,"POLYGON ((1.635 1.04, 1.725 1.04, 1.725 1.26, 1.635 1.26, 1.635 1.04))",2,3200
FreshMart Banksia Grove,Aisle 2 - Biscuits,Aisle 2,09,Bake Bros. Choc Chip Cookies 300g,Product,Bake Bros.,3,"POLYGON ((1.737 1.04, 2.277 1.04, 2.277 1.14, 1.737 1.14, 1.737 1.04))",2,9100
FreshMart Banksia Grove,Aisle 2 - Biscuits,Aisle 2,09,Bake Bros. Choc Chip Cookies 300g,Product,Bake Bros.,1,"POLYGON ((2.289 1.04, 2.469 1.04, 2.469 1.14, 2.289 1.14, 2.289 1.04))",2,1800
FreshMart Banksia Grove,Aisle 2 - Biscuits,Aisle 2,09,Tea Companion Water Crackers 125g,Product,Tea Companion,1,"POLYGON ((2.481 1.04, 2.631 1.04, 2.631 1.24, 2.481 1.24, 2.481 1.04))",2,3000
FreshMart Banksia Grove,Aisle 2 - Biscuits,Aisle 2,09,FreshMart Essentials Wafer Rolls 150g,Product,FreshMart Essentials,1,"POLYGON ((2.643 1.04, 2.733 1.04, 2.733 1.26, 2.643 1.26, 2.643 1.04))",2,2900
FreshMart Banksia Grove,Aisle 2 - Biscuits,Aisle 2,09,Tea Companion Wafer Rolls 150g,Product,Tea Companion,1,"POLYGON ((2.745 1.04, 2.835 1.04, 2.835 1.26, 2.745 1.26, 2.745 1.04))",2,2800
FreshMart Banksia Grove,Aisle 2 - Biscuits,Aisle 2,09,Bake Bros. Wafer Rolls 150g,Product,Bake Bros.,1,"POLYGON ((2.847 1.04, 2.937 1.04, 2.937 1.26, 2.847 1.26, 2.847 1.04))",2,3100
FreshMart Banksia Grove,Aisle 2 - Biscuits,Aisle 2,09,FreshMart Essentials Wafer Rolls 150g,Product,FreshMart Essentials,2,"POLYGON ((2.949 1.04, 3.129 1.04, 3.129 1.26, 2.949 1.26, 2.949 1.04))",2,7100
FreshMart Banksia Grove,Aisle 2 - Biscuits,Aisle 2,09,Shelf 3 - Bay 09,Shelf,,,"POLYGON ((1.6 1.46, 3.2 1.46, 3.2 1.5, 1.6 1.5, 1.6 1.46))",1,
FreshMart Banksia Grove,Aisle 2 - Biscuits,Aisle 2,09,Tea Companion Digestives 400g,Product,Tea Companion,1,"POLYGON ((1.635 1.5, 1.815 1.5, 1.815 1.61, 1.635 1.61, 1.635 1.5))",2,3600
FreshMart Banksia Grove,Aisle 2 - Biscuits,Aisle 2,09,Bake Bros. Digestives 400g,Product,Bake Bros.,1,"POLYGON ((1.827 1.5, 2.007 1.5, 2.007 1.61, 1.827 1.61, 1.827 1.5))",2,1900
FreshMart Banksia Grove,Aisle 2 - Biscuits,Aisle 2,09,Bake Bros. Shortbread Fingers 200g,Product,Bake Bros.,2,"POLYGON ((2.019 1.5, 2.339 1.5, 2.339 1.6, 2.019 1.6, 2.019 1.5))",2,7200
FreshMart Banksia Grove,Aisle 2 - Biscuits,Aisle 2,09,Bake Bros. Water Crackers 125g,Product,Bake Bros.,3,"POLYGON ((2.351 1.5, 2.801 1.5, 2.801 1.7, 2.351 1.7, 2.351 1.5))",2,10500
FreshMart Banksia Grove,Aisle 2 - Biscuits,Aisle 2,09,Bake Bros. Water Crackers 125g,Product,Bake Bros.,2,"POLYGON ((2.813 1.5, 3.113 1.5, 3.113 1.7, 2.813 1.7, 2.813 1.5))",2,3800
FreshMart Banksia Grove,Aisle 2 - Biscuits,Aisle 2,09,Shelf 4 - Bay 09,Shelf,,,"POLYGON ((1.6 1.86, 3.2 1.86, 3.2 1.9, 1.6 1.9, 1.6 1.86))",1,
FreshMart Banksia Grove,Aisle 2 - Biscuits,Aisle 2,09,Bake Bros. Shortbread Fingers 200g,Product,Bake Bros.,2,"POLYGON ((1.635 1.9, 1.955 1.9, 1.955 2, 1.635 2, 1.635 1.9))",2,5700
FreshMart Banksia Grove,Aisle 2 - Biscuits,Aisle 2,09,Bake Bros. Digestives 400g,Product,Bake Bros.,3,"POLYGON ((1.967 1.9, 2.507 1.9, 2.507 2.01, 1.967 2.01, 1.967 1.9))",2,10600
FreshMart Banksia Grove,Aisle 2 - Biscuits,Aisle 2,09,Crumbly's Cream Sandwich 250g,Product,Crumbly's,2,"POLYGON ((2.519 1.9, 2.859 1.9, 2.859 1.99, 2.519 1.99, 2.519 1.9))",2,3700
FreshMart Banksia Grove,Aisle 2 - Biscuits,Aisle 2,09,Crumbly's Cream Sandwich 250g,Product,Crumbly's,1,"POLYGON ((2.871 1.9, 3.041 1.9, 3.041 1.99, 2.871 1.99, 2.871 1.9))",2,2900
FreshMart Banksia Grove,Aisle 2 - Biscuits,Aisle 2,09,Bake Bros. Wafer Rolls 150g,Product,Bake Bros.,1,"POLYGON ((3.053 1.9, 3.143 1.9, 3.143 2.12, 3.053 2.12, 3.053 1.9))",2,2500
FreshMart Banksia Grove,Aisle 2 - Biscuits,Aisle 2,10,Base Deck - Bay 10,Base Deck,,,"POLYGON ((3.2 0, 4.8 0, 4.8 0.1, 3.2 0.1, 3.2 0))",1,
FreshMart Banksia Grove,Aisle 2 - Biscuits,Aisle 2,10,Tea Companion Wafer Rolls 150g,Product,Tea Companion,1,"POLYGON ((3.235 0.1, 3.325 0.1, 3.325 0.32, 3.235 0.32, 3.235 0.1))",2,1800
FreshMart Banksia Grove,Aisle 2 - Biscuits,Aisle 2,10,Crumbly's Digestives 400g,Product,Crumbly's,2,"POLYGON ((3.337 0.1, 3.697 0.1, 3.697 0.21, 3.337 0.21, 3.337 0.1))",2,7200
FreshMart Banksia Grove,Aisle 2 - Biscuits,Aisle 2,10,Bake Bros. Water Crackers 125g,Product,Bake Bros.,1,"POLYGON ((3.709 0.1, 3.859 0.1, 3.859 0.3, 3.709 0.3, 3.709 0.1))",2,2900
FreshMart Banksia Grove,Aisle 2 - Biscuits,Aisle 2,10,Crumbly's Water Crackers 125g,Product,Crumbly's,2,"POLYGON ((3.871 0.1, 4.171 0.1, 4.171 0.3, 3.871 0.3, 3.871 0.1))",2,4100
FreshMart Banksia Grove,Aisle 2 - Biscuits,Aisle 2,10,FreshMart Essentials Digestives 400g,Product,FreshMart Essentials,2,"POLYGON ((4.183 0.1, 4.543 0.1, 4.543 0.21, 4.183 0.21, 4.183 0.1))",2,3900
FreshMart Banksia Grove,Aisle 2 - Biscuits,Aisle 2,10,Tea Companion Water Crackers 125g,Product,Tea Companion,1,"POLYGON ((4.555 0.1, 4.705 0.1, 4.705 0.3, 4.555 0.3, 4.555 0.1))",2,2500
FreshMart Banksia Grove,Aisle 2 - Biscuits,Aisle 2,10,Shelf 1 - Bay 10,Shelf,,,"POLYGON ((3.2 0.53, 4.8 0.53, 4.8 0.57, 3.2 0.57, 3.2 0.53))",1,
FreshMart Banksia Grove,Aisle 2 - Biscuits,Aisle 2,10,Tea Companion Choc Chip Cookies 300g,Product,Tea Companion,1,"POLYGON ((3.235 0.57, 3.415 0.57, 3.415 0.67, 3.235 0.67, 3.235 0.57))",2,2200
FreshMart Banksia Grove,Aisle 2 - Biscuits,Aisle 2,10,FreshMart Essentials Shortbread Fingers 200g,Product,FreshMart Essentials,2,"POLYGON ((3.427 0.57, 3.747 0.57, 3.747 0.67, 3.427 0.67, 3.427 0.57))",2,5600
FreshMart Banksia Grove,Aisle 2 - Biscuits,Aisle 2,10,Tea Companion Shortbread Fingers 200g,Product,Tea Companion,2,"POLYGON ((3.759 0.57, 4.079 0.57, 4.079 0.67, 3.759 0.67, 3.759 0.57))",2,3900
FreshMart Banksia Grove,Aisle 2 - Biscuits,Aisle 2,10,Tea Companion Digestives 400g,Product,Tea Companion,2,"POLYGON ((4.091 0.57, 4.451 0.57, 4.451 0.68, 4.091 0.68, 4.091 0.57))",2,7400
FreshMart Banksia Grove,Aisle 2 - Biscuits,Aisle 2,10,Bake Bros. Choc Chip Cookies 300g,Product,Bake Bros.,1,"POLYGON ((4.463 0.57, 4.643 0.57, 4.643 0.67, 4.463 0.67, 4.463 0.57))",2,3600
FreshMart Banksia Grove,Aisle 2 - Biscuits,Aisle 2,10,Tea Companion Wafer Rolls 150g,Product,Tea Companion,1,"POLYGON ((4.655 0.57, 4.745 0.57, 4.745 0.79, 4.655 0.79, 4.655 0.57))",2,2300
FreshMart Banksia Grove,Aisle 2 - Biscuits,Aisle 2,10,Shelf 2 - Bay 10,Shelf,,,"POLYGON ((3.2 1, 4.8 1, 4.8 1.04, 3.2 1.04, 3.2 1))",1,
FreshMart Banksia Grove,Aisle 2 - Biscuits,Aisle 2,10,Crumbly's Water Crackers 125g,Product,Crumbly's,1,"POLYGON ((3.235 1.04, 3.385 1.04, 3.385 1.24, 3.235 1.24, 3.235 1.04))",2,3100
FreshMart Banksia Grove,Aisle 2 - Biscuits,Aisle 2,10,Bake Bros. Digestives 400g,Product,Bake Bros.,1,"POLYGON ((3.397 1.04, 3.577 1.04, 3.577 1.15, 3.397 1.15, 3.397 1.04))",2,2000
FreshMart Banksia Grove,Aisle 2 - Biscuits,Aisle 2,10,Crumbly's Cream Sandwich 250g,Product,Crumbly's,3,"POLYGON ((3.589 1.04, 4.099 1.04, 4.099 1.13, 3.589 1.13, 3.589 1.04))",2,10300
FreshMart Banksia Grove,Aisle 2 - Biscuits,Aisle 2,10,Bake Bros. Shortbread Fingers 200g,Product,Bake Bros.,3,"POLYGON ((4.111 1.04, 4.591 1.04, 4.591 1.14, 4.111 1.14, 4.111 1.04))",2,6300
FreshMart Banksia Grove,Aisle 2 - Biscuits,Aisle 2,10,Tea Companion Water Crackers 125g,Product,Tea Companion,1,"POLYGON ((4.603 1.04, 4.753 1.04, 4.753 1.24, 4.603 1.24, 4.603 1.04))",2,3600
FreshMart Banksia Grove,Aisle 2 - Biscuits,Aisle 2,10,Shelf 3 - Bay 10,Shelf,,,"POLYGON ((3.2 1.46, 4.8 1.46, 4.8 1.5, 3.2 1.5, 3.2 1.46))",1,
FreshMart Banksia Grove,Aisle 2 - Biscuits,Aisle 2,10,Tea Companion Water Crackers 125g,Product,Tea Companion,3,"POLYGON ((3.235 1.5, 3.685 1.5, 3.685 1.7, 3.235 1.7, 3.235 1.5))",2,7600
FreshMart Banksia Grove,Aisle 2 - Biscuits,Aisle 2,10,Tea Companion Wafer Rolls 150g,Product,Tea Companion,3,"POLYGON ((3.697 1.5, 3.967 1.5, 3.967 1.72, 3.697 1.72, 3.697 1.5))",2,9000
FreshMart Banksia Grove,Aisle 2 - Biscuits,Aisle 2,10,Bake Bros. Water Crackers 125g,Product,Bake Bros.,2,"POLYGON ((3.979 1.5, 4.279 1.5, 4.279 1.7, 3.979 1.7, 3.979 1.5))",2,5500
FreshMart Banksia Grove,Aisle 2 - Biscuits,Aisle 2,10,Crumbly's Cream Sandwich 250g,Product,Crumbly's,2,"POLYGON ((4.291 1.5, 4.631 1.5, 4.631 1.59, 4.291 1.59, 4.291 1.5))",2,6700
FreshMart Banksia Grove,Aisle 2 - Biscuits,Aisle 2,10,Bake Bros. Wafer Rolls 150g,Product,Bake Bros.,1,"POLYGON ((4.643 1.5, 4.733 1.5, 4.733 1.72, 4.643 1.72, 4.643 1.5))",2,3300
FreshMart Banksia Grove,Aisle 2 - Biscuits,Aisle 2,10,Shelf 4 - Bay 10,Shelf,,,"POLYGON ((3.2 1.86, 4.8 1.86, 4.8 1.9, 3.2 1.9, 3.2 1.86))",1,
FreshMart Banksia Grove,Aisle 2 - Biscuits,Aisle 2,10,Crumbly's Water Crackers 125g,Product,Crumbly's,1,"POLYGON ((3.235 1.9, 3.385 1.9, 3.385 2.1, 3.235 2.1, 3.235 1.9))",2,3600
FreshMart Banksia Grove,Aisle 2 - Biscuits,Aisle 2,10,Crumbly's Water Crackers 125g,Product,Crumbly's,2,"POLYGON ((3.397 1.9, 3.697 1.9, 3.697 2.1, 3.397 2.1, 3.397 1.9))",2,5200
FreshMart Banksia Grove,Aisle 2 - Biscuits,Aisle 2,10,Bake Bros. Cream Sandwich 250g,Product,Bake Bros.,3,"POLYGON ((3.709 1.9, 4.219 1.9, 4.219 1.99, 3.709 1.99, 3.709 1.9))",2,8200
FreshMart Banksia Grove,Aisle 2 - Biscuits,Aisle 2,10,Tea Companion Choc Chip Cookies 300g,Product,Tea Companion,2,"POLYGON ((4.231 1.9, 4.591 1.9, 4.591 2, 4.231 2, 4.231 1.9))",2,5500
FreshMart Banksia Grove,Aisle 2 - Biscuits,Aisle 2,10,Tea Companion Wafer Rolls 150g,Product,Tea Companion,1,"POLYGON ((4.603 1.9, 4.693 1.9, 4.693 2.12, 4.603 2.12, 4.603 1.9))",2,2900
FreshMart Banksia Grove,Aisle 3 - Pasta & Sauces,Aisle 3,01,Bay Frame 01,Rack,,,"POLYGON ((0 0, 1.6 0, 1.6 2.2, 0 2.2, 0 0))",0,
FreshMart Banksia Grove,Aisle 3 - Pasta & Sauces,Aisle 3,02,Bay Frame 02,Rack,,,"POLYGON ((1.6 0, 3.2 0, 3.2 2.2, 1.6 2.2, 1.6 0))",0,
FreshMart Banksia Grove,Aisle 3 - Pasta & Sauces,Aisle 3,03,Bay Frame 03,Rack,,,"POLYGON ((3.2 0, 4.8 0, 4.8 2.2, 3.2 2.2, 3.2 0))",0,
FreshMart Banksia Grove,Aisle 3 - Pasta & Sauces,Aisle 3,,Upright 1,Rack,,,"POLYGON ((0 0, 0.025 0, 0.025 2.2, 0 2.2, 0 0))",0,
FreshMart Banksia Grove,Aisle 3 - Pasta & Sauces,Aisle 3,,Upright 2,Rack,,,"POLYGON ((1.575 0, 1.625 0, 1.625 2.2, 1.575 2.2, 1.575 0))",0,
FreshMart Banksia Grove,Aisle 3 - Pasta & Sauces,Aisle 3,,Upright 3,Rack,,,"POLYGON ((3.175 0, 3.225 0, 3.225 2.2, 3.175 2.2, 3.175 0))",0,
FreshMart Banksia Grove,Aisle 3 - Pasta & Sauces,Aisle 3,,Upright 4,Rack,,,"POLYGON ((4.775 0, 4.8 0, 4.8 2.2, 4.775 2.2, 4.775 0))",0,
FreshMart Banksia Grove,Aisle 3 - Pasta & Sauces,Aisle 3,01,Base Deck - Bay 01,Base Deck,,,"POLYGON ((0 0, 1.6 0, 1.6 0.1, 0 0.1, 0 0))",1,
FreshMart Banksia Grove,Aisle 3 - Pasta & Sauces,Aisle 3,01,Mama Rosa Pesto Genovese 190g,Product,Mama Rosa,1,"POLYGON ((0.035 0.1, 0.105 0.1, 0.105 0.2, 0.035 0.2, 0.035 0.1))",2,3300
FreshMart Banksia Grove,Aisle 3 - Pasta & Sauces,Aisle 3,01,FreshMart Essentials Penne 500g,Product,FreshMart Essentials,2,"POLYGON ((0.117 0.1, 0.357 0.1, 0.357 0.34, 0.117 0.34, 0.117 0.1))",2,3400
FreshMart Banksia Grove,Aisle 3 - Pasta & Sauces,Aisle 3,01,FreshMart Essentials Penne 500g,Product,FreshMart Essentials,1,"POLYGON ((0.369 0.1, 0.489 0.1, 0.489 0.34, 0.369 0.34, 0.369 0.1))",2,3300
FreshMart Banksia Grove,Aisle 3 - Pasta & Sauces,Aisle 3,01,Mama Rosa Pesto Genovese 190g,Product,Mama Rosa,1,"POLYGON ((0.501 0.1, 0.571 0.1, 0.571 0.2, 0.501 0.2, 0.501 0.1))",2,3400
FreshMart Banksia Grove,Aisle 3 - Pasta & Sauces,Aisle 3,01,FreshMart Essentials Penne 500g,Product,FreshMart Essentials,2,"POLYGON ((0.583 0.1, 0.823 0.1, 0.823 0.34, 0.583 0.34, 0.583 0.1))",2,3300
FreshMart Banksia Grove,Aisle 3 - Pasta & Sauces,Aisle 3,01,Al Dente Co. Arrabbiata Sauce 500g,Product,Al Dente Co.,2,"POLYGON ((0.835 0.1, 1.015 0.1, 1.015 0.26, 0.835 0.26, 0.835 0.1))",2,5700
FreshMart Banksia Grove,Aisle 3 - Pasta & Sauces,Aisle 3,01,Mama Rosa Pasta Sauce Basil 500g,Product,Mama Rosa,2,"POLYGON ((1.027 0.1, 1.207 0.1, 1.207 0.26, 1.027 0.26, 1.027 0.1))",2,4400
FreshMart Banksia Grove,Aisle 3 - Pasta & Sauces,Aisle 3,01,Mama Rosa Penne 500g,Product,Mama Rosa,1,"POLYGON ((1.219 0.1, 1.339 0.1, 1.339 0.34, 1.219 0.34, 1.219 0.1))",2,2700
FreshMart Banksia Grove,Aisle 3 - Pasta & Sauces,Aisle 3,01,Casa Bella Arrabbiata Sauce 500g,Product,Casa Bella,1,"POLYGON ((1.351 0.1, 1.441 0.1, 1.441 0.26, 1.351 0.26, 1.351 0.1))",2,2000
FreshMart Banksia Grove,Aisle 3 - Pasta & Sauces,Aisle 3,01,Casa Bella Spaghetti 500g,Product,Casa Bella,1,"POLYGON ((1.453 0.1, 1.523 0.1, 1.523 0.4, 1.453 0.4, 1.453 0.1))",2,3000
FreshMart Banksia Grove,Aisle 3 - Pasta & Sauces,Aisle 3,01,Shelf 1 - Bay 01,Shelf,,,"POLYGON ((0 0.53, 1.6 0.53, 1.6 0.57, 0 0.57, 0 0.53))",1,
FreshMart Banksia Grove,Aisle 3 - Pasta & Sauces,Aisle 3,01,Al Dente Co. Lasagne Sheets 375g,Product,Al Dente Co.,1,"POLYGON ((0.035 0.57, 0.215 0.57, 0.215 0.79, 0.035 0.79, 0.035 0.57))",2,2600
FreshMart Banksia Grove,Aisle 3 - Pasta & Sauces,Aisle 3,01,Al Dente Co. Pesto Genovese 190g,Product,Al Dente Co.,3,"POLYGON ((0.227 0.57, 0.437 0.57, 0.437 0.67, 0.227 0.67, 0.227 0.57))",2,9000
FreshMart Banksia Grove,Aisle 3 - Pasta & Sauces,Aisle 3,01,FreshMart Essentials Pesto Genovese 190g,Product,FreshMart Essentials,1,"POLYGON ((0.449 0.57, 0.519 0.57, 0.519 0.67, 0.449 0.67, 0.449 0.57))",2,2800
FreshMart Banksia Grove,Aisle 3 - Pasta & Sauces,Aisle 3,01,Casa Bella Penne 500g,Product,Casa Bella,2,"POLYGON ((0.531 0.57, 0.771 0.57, 0.771 0.81, 0.531 0.81, 0.531 0.57))",2,6200
FreshMart Banksia Grove,Aisle 3 - Pasta & Sauces,Aisle 3,01,Mama Rosa Pesto Genovese 190g,Product,Mama Rosa,1,"POLYGON ((0.783 0.57, 0.853 0.57, 0.853 0.67, 0.783 0.67, 0.783 0.57))",2,3100
FreshMart Banksia Grove,Aisle 3 - Pasta & Sauces,Aisle 3,01,Mama Rosa Lasagne Sheets 375g,Product,Mama Rosa,3,"POLYGON ((0.865 0.57, 1.405 0.57, 1.405 0.79, 0.865 0.79, 0.865 0.57))",2,6400
FreshMart Banksia Grove,Aisle 3 - Pasta & Sauces,Aisle 3,01,Al Dente Co. Penne 500g,Product,Al Dente Co.,1,"POLYGON ((1.417 0.57, 1.537 0.57, 1.537 0.81, 1.417 0.81, 1.417 0.57))",2,2900
FreshMart Banksia Grove,Aisle 3 - Pasta & Sauces,Aisle 3,01,Shelf 2 - Bay 01,Shelf,,,"POLYGON ((0 1, 1.6 1, 1.6 1.04, 0 1.04, 0 1))",1,
FreshMart Banksia Grove,Aisle 3 - Pasta & Sauces,Aisle 3,01,Mama Rosa Spaghetti 500g,Product,Mama Rosa,2,"POLYGON ((0.035 1.04, 0.175 1.04, 0.175 1.34, 0.035 1.34, 0.035 1.04))",2,3300
FreshMart Banksia Grove,Aisle 3 - Pasta & Sauces,Aisle 3,01,Casa Bella Pesto Genovese 190g,Product,Casa Bella,2,"POLYGON ((0.187 1.04, 0.327 1.04, 0.327 1.14, 0.187 1.14, 0.187 1.04))",2,5100
FreshMart Banksia Grove,Aisle 3 - Pasta & Sauces,Aisle 3,01,Casa Bella Spaghetti 500g,Product,Casa Bella,3,"POLYGON ((0.339 1.04, 0.549 1.04, 0.549 1.34, 0.339 1.34, 0.339 1.04))",2,10100
FreshMart Banksia Grove,Aisle 3 - Pasta & Sauces,Aisle 3,01,FreshMart Essentials Lasagne Sheets 375g,Product,FreshMart Essentials,2,"POLYGON ((0.561 1.04, 0.921 1.04, 0.921 1.26, 0.561 1.26, 0.561 1.04))",2,5500
FreshMart Banksia Grove,Aisle 3 - Pasta & Sauces,Aisle 3,01,Casa Bella Penne 500g,Product,Casa Bella,2,"POLYGON ((0.933 1.04, 1.173 1.04, 1.173 1.28, 0.933 1.28, 0.933 1.04))",2,4100
FreshMart Banksia Grove,Aisle 3 - Pasta & Sauces,Aisle 3,01,Al Dente Co. Arrabbiata Sauce 500g,Product,Al Dente Co.,1,"POLYGON ((1.185 1.04, 1.275 1.04, 1.275 1.2, 1.185 1.2, 1.185 1.04))",2,1800
FreshMart Banksia Grove,Aisle 3 - Pasta & Sauces,Aisle 3,01,FreshMart Essentials Spaghetti 500g,Product,FreshMart Essentials,3,"POLYGON ((1.287 1.04, 1.497 1.04, 1.497 1.34, 1.287 1.34, 1.287 1.04))",2,9400
FreshMart Banksia Grove,Aisle 3 - Pasta & Sauces,Aisle 3,01,Shelf 3 - Bay 01,Shelf,,,"POLYGON ((0 1.46, 1.6 1.46, 1.6 1.5, 0 1.5, 0 1.46))",1,
FreshMart Banksia Grove,Aisle 3 - Pasta & Sauces,Aisle 3,01,Casa Bella Arrabbiata Sauce 500g,Product,Casa Bella,3,"POLYGON ((0.035 1.5, 0.305 1.5, 0.305 1.66, 0.035 1.66, 0.035 1.5))",2,7100
FreshMart Banksia Grove,Aisle 3 - Pasta & Sauces,Aisle 3,01,FreshMart Essentials Lasagne Sheets 375g,Product,FreshMart Essentials,1,"POLYGON ((0.317 1.5, 0.497 1.5, 0.497 1.72, 0.317 1.72, 0.317 1.5))",2,2400
FreshMart Banksia Grove,Aisle 3 - Pasta & Sauces,Aisle 3,01,Casa Bella Spaghetti 500g,Product,Casa Bella,2,"POLYGON ((0.509 1.5, 0.649 1.5, 0.649 1.8, 0.509 1.8, 0.509 1.5))",2,4000
FreshMart Banksia Grove,Aisle 3 - Pasta & Sauces,Aisle 3,01,Al Dente Co. Pesto Genovese 190g,Product,Al Dente Co.,3,"POLYGON ((0.661 1.5, 0.871 1.5, 0.871 1.6, 0.661 1.6, 0.661 1.5))",2,7000
FreshMart Banksia Grove,Aisle 3 - Pasta & Sauces,Aisle 3,01,Casa Bella Spaghetti 500g,Product,Casa Bella,2,"POLYGON ((0.883 1.5, 1.023 1.5, 1.023 1.8, 0.883 1.8, 0.883 1.5))",2,6200
FreshMart Banksia Grove,Aisle 3 - Pasta & Sauces,Aisle 3,01,Casa Bella Pasta Sauce Basil 500g,Product,Casa Bella,2,"POLYGON ((1.035 1.5, 1.215 1.5, 1.215 1.66, 1.035 1.66, 1.035 1.5))",2,3900
FreshMart Banksia Grove,Aisle 3 - Pasta & Sauces,Aisle 3,01,Al Dente Co. Spaghetti 500g,Product,Al Dente Co.,2,"POLYGON ((1.227 1.5, 1.367 1.5, 1.367 1.8, 1.227 1.8, 1.227 1.5))",2,4100
FreshMart Banksia Grove,Aisle 3 - Pasta & Sauces,Aisle 3,01,FreshMart Essentials Pesto Genovese 190g,Product,FreshMart Essentials,1,"POLYGON ((1.379 1.5, 1.449 1.5, 1.449 1.6, 1.379 1.6, 1.379 1.5))",2,2200
FreshMart Banksia Grove,Aisle 3 - Pasta & Sauces,Aisle 3,01,Casa Bella Spaghetti 500g,Product,Casa Bella,1,"POLYGON ((1.461 1.5, 1.531 1.5, 1.531 1.8, 1.461 1.8, 1.461 1.5))",2,2700
FreshMart Banksia Grove,Aisle 3 - Pasta & Sauces,Aisle 3,01,Shelf 4 - Bay 01,Shelf,,,"POLYGON ((0 1.86, 1.6 1.86, 1.6 1.9, 0 1.9, 0 1.86))",1,
FreshMart Banksia Grove,Aisle 3 - Pasta & Sauces,Aisle 3,01,Mama Rosa Pasta Sauce Basil 500g,Product,Mama Rosa,2,"POLYGON ((0.035 1.9, 0.215 1.9, 0.215 2.06, 0.035 2.06, 0.035 1.9))",2,6100
FreshMart Banksia Grove,Aisle 3 - Pasta & Sauces,Aisle 3,01,Casa Bella Penne 500g,Product,Casa Bella,2,"POLYGON ((0.227 1.9, 0.467 1.9, 0.467 2.14, 0.227 2.14, 0.227 1.9))",2,6500
FreshMart Banksia Grove,Aisle 3 - Pasta & Sauces,Aisle 3,01,Casa Bella Lasagne Sheets 375g,Product,Casa Bella,1,"POLYGON ((0.479 1.9, 0.659 1.9, 0.659 2.12, 0.479 2.12, 0.479 1.9))",2,2300
FreshMart Banksia Grove,Aisle 3 - Pasta & Sauces,Aisle 3,01,Mama Rosa Arrabbiata Sauce 500g,Product,Mama Rosa,2,"POLYGON ((0.671 1.9, 0.851 1.9, 0.851 2.06, 0.671 2.06, 0.671 1.9))",2,4800
FreshMart Banksia Grove,Aisle 3 - Pasta & Sauces,Aisle 3,01,FreshMart Essentials Pesto Genovese 190g,Product,FreshMart Essentials,3,"POLYGON ((0.863 1.9, 1.073 1.9, 1.073 2, 0.863 2, 0.863 1.9))",2,7500
FreshMart Banksia Grove,Aisle 3 - Pasta & Sauces,Aisle 3,01,Mama Rosa Lasagne Sheets 375g,Product,Mama Rosa,2,"POLYGON ((1.085 1.9, 1.445 1.9, 1.445 2.12, 1.085 2.12, 1.085 1.9))",2,4300
FreshMart Banksia Grove,Aisle 3 - Pasta & Sauces,Aisle 3,01,Casa Bella Arrabbiata Sauce 500g,Product,Casa Bella,1,"POLYGON ((1.457 1.9, 1.547 1.9, 1.547 2.06, 1.457 2.06, 1.457 1.9))",2,2400
FreshMart Banksia Grove,Aisle 3 - Pasta & Sauces,Aisle 3,02,Base Deck - Bay 02,Base Deck,,,"POLYGON ((1.6 0, 3.2 0, 3.2 0.1, 1.6 0.1, 1.6 0))",1,
FreshMart Banksia Grove,Aisle 3 - Pasta & Sauces,Aisle 3,02,Al Dente Co. Pasta Sauce Basil 500g,Product,Al Dente Co.,3,"POLYGON ((1.635 0.1, 1.905 0.1, 1.905 0.26, 1.635 0.26, 1.635 0.1))",2,6500
FreshMart Banksia Grove,Aisle 3 - Pasta & Sauces,Aisle 3,02,Mama Rosa Arrabbiata Sauce 500g,Product,Mama Rosa,3,"POLYGON ((1.917 0.1, 2.187 0.1, 2.187 0.26, 1.917 0.26, 1.917 0.1))",2,6200
FreshMart Banksia Grove,Aisle 3 - Pasta & Sauces,Aisle 3,02,FreshMart Essentials Spaghetti 500g,Product,FreshMart Essentials,1,"POLYGON ((2.199 0.1, 2.269 0.1, 2.269 0.4, 2.199 0.4, 2.199 0.1))",2,1800
FreshMart Banksia Grove,Aisle 3 - Pasta & Sauces,Aisle 3,02,Mama Rosa Penne 500g,Product,Mama Rosa,3,"POLYGON ((2.281 0.1, 2.641 0.1, 2.641 0.34, 2.281 0.34, 2.281 0.1))",2,8000
FreshMart Banksia Grove,Aisle 3 - Pasta & Sauces,Aisle 3,02,Mama Rosa Arrabbiata Sauce 500g,Product,Mama Rosa,2,"POLYGON ((2.653 0.1, 2.833 0.1, 2.833 0.26, 2.653 0.26, 2.653 0.1))",2,3700
FreshMart Banksia Grove,Aisle 3 - Pasta & Sauces,Aisle 3,02,Al Dente Co. Arrabbiata Sauce 500g,Product,Al Dente Co.,3,"POLYGON ((2.845 0.1, 3.115 0.1, 3.115 0.26, 2.845 0.26, 2.845 0.1))",2,6700
FreshMart Banksia Grove,Aisle 3 - Pasta & Sauces,Aisle 3,02,Shelf 1 - Bay 02,Shelf,,,"POLYGON ((1.6 0.53, 3.2 0.53, 3.2 0.57, 1.6 0.57, 1.6 0.53))",1,
FreshMart Banksia Grove,Aisle 3 - Pasta & Sauces,Aisle 3,02,FreshMart Essentials Pesto Genovese 190g,Product,FreshMart Essentials,1,"POLYGON ((1.635 0.57, 1.705 0.57, 1.705 0.67, 1.635 0.67, 1.635 0.57))",2,3400
FreshMart Banksia Grove,Aisle 3 - Pasta & Sauces,Aisle 3,02,Casa Bella Penne 500g,Product,Casa Bella,1,"POLYGON ((1.717 0.57, 1.837 0.57, 1.837 0.81, 1.717 0.81, 1.717 0.57))",2,2100
FreshMart Banksia Grove,Aisle 3 - Pasta & Sauces,Aisle 3,02,Casa Bella Arrabbiata Sauce 500g,Product,Casa Bella,3,"POLYGON ((1.849 0.57, 2.119 0.57, 2.119 0.73, 1.849 0.73, 1.849 0.57))",2,8400
FreshMart Banksia Grove,Aisle 3 - Pasta & Sauces,Aisle 3,02,Casa Bella Penne 500g,Product,Casa Bella,1,"POLYGON ((2.131 0.57, 2.251 0.57, 2.251 0.81, 2.131 0.81, 2.131 0.57))",2,3300
FreshMart Banksia Grove,Aisle 3 - Pasta & Sauces,Aisle 3,02,Al Dente Co. Spaghetti 500g,Product,Al Dente Co.,1,"POLYGON ((2.263 0.57, 2.333 0.57, 2.333 0.87, 2.263 0.87, 2.263 0.57))",2,2500
FreshMart Banksia Grove,Aisle 3 - Pasta & Sauces,Aisle 3,02,Mama Rosa Arrabbiata Sauce 500g,Product,Mama Rosa,2,"POLYGON ((2.345 0.57, 2.525 0.57, 2.525 0.73, 2.345 0.73, 2.345 0.57))",2,4900
FreshMart Banksia Grove,Aisle 3 - Pasta & Sauces,Aisle 3,02,Mama Rosa Pesto Genovese 190g,Product,Mama Rosa,2,"POLYGON ((2.537 0.57, 2.677 0.57, 2.677 0.67, 2.537 0.67, 2.537 0.57))",2,5100
FreshMart Banksia Grove,Aisle 3 - Pasta & Sauces,Aisle 3,02,Casa Bella Lasagne Sheets 375g,Product,Casa Bella,2,"POLYGON ((2.689 0.57, 3.049 0.57, 3.049 0.79, 2.689 0.79, 2.689 0.57))",2,4400
FreshMart Banksia Grove,Aisle 3 - Pasta & Sauces,Aisle 3,02,Al Dente Co. Spaghetti 500g,Product,Al Dente Co.,1,"POLYGON ((3.061 0.57, 3.131 0.57, 3.131 0.87, 3.061 0.87, 3.061 0.57))",2,3000
FreshMart Banksia Grove,Aisle 3 - Pasta & Sauces,Aisle 3,02,Shelf 2 - Bay 02,Shelf,,,"POLYGON ((1.6 1, 3.2 1, 3.2 1.04, 1.6 1.04, 1.6 1))",1,
FreshMart Banksia Grove,Aisle 3 - Pasta & Sauces,Aisle 3,02,Al Dente Co. Pasta Sauce Basil 500g,Product,Al Dente Co.,1,"POLYGON ((1.635 1.04, 1.725 1.04, 1.725 1.2, 1.635 1.2, 1.635 1.04))",2,2000
FreshMart Banksia Grove,Aisle 3 - Pasta & Sauces,Aisle 3,02,Casa Bella Arrabbiata Sauce 500g,Product,Casa Bella,1,"POLYGON ((1.737 1.04, 1.827 1.04, 1.827 1.2, 1.737 1.2, 1.737 1.04))",2,3200
FreshMart Banksia Grove,Aisle 3 - Pasta & Sauces,Aisle 3,02,FreshMart Essentials Spaghetti 500g,Product,FreshMart Essentials,3,"POLYGON ((1.839 1.04, 2.049 1.04, 2.049 1.34, 1.839 1.34, 1.839 1.04))",2,5000
FreshMart Banksia Grove,Aisle 3 - Pasta & Sauces,Aisle 3,02,Mama Rosa Arrabbiata Sauce 500g,Product,Mama Rosa,2,"POLYGON ((2.061 1.04, 2.241 1.04, 2.241 1.2, 2.061 1.2, 2.061 1.04))",2,4600
FreshMart Banksia Grove,Aisle 3 - Pasta & Sauces,Aisle 3,02,Mama Rosa Spaghetti 500g,Product,Mama Rosa,1,"POLYGON ((2.253 1.04, 2.323 1.04, 2.323 1.34, 2.253 1.34, 2.253 1.04))",2,1900
FreshMart Banksia Grove,Aisle 3 - Pasta & Sauces,Aisle 3,02,FreshMart Essentials Penne 500g,Product,FreshMart Essentials,3,"POLYGON ((2.335 1.04, 2.695 1.04, 2.695 1.28, 2.335 1.28, 2.335 1.04))",2,5500
FreshMart Banksia Grove,Aisle 3 - Pasta & Sauces,Aisle 3,02,Casa Bella Spaghetti 500g,Product,Casa Bella,3,"POLYGON ((2.707 1.04, 2.917 1.04, 2.917 1.34, 2.707 1.34, 2.707 1.04))",2,7300
FreshMart Banksia Grove,Aisle 3 - Pasta & Sauces,Aisle 3,02,FreshMart Essentials Lasagne Sheets 375g,Product,FreshMart Essentials,1,"POLYGON ((2.929 1.04, 3.109 1.04, 3.109 1.26, 2.929 1.26, 2.929 1.04))",2,2300
FreshMart Banksia Grove,Aisle 3 - Pasta & Sauces,Aisle 3,02,Shelf 3 - Bay 02,Shelf,,,"POLYGON ((1.6 1.46, 3.2 1.46, 3.2 1.5, 1.6 1.5, 1.6 1.46))",1,
FreshMart Banksia Grove,Aisle 3 - Pasta & Sauces,Aisle 3,02,Casa Bella Penne 500g,Product,Casa Bella,2,"POLYGON ((1.635 1.5, 1.875 1.5, 1.875 1.74, 1.635 1.74, 1.635 1.5))",2,3500
FreshMart Banksia Grove,Aisle 3 - Pasta & Sauces,Aisle 3,02,Mama Rosa Pasta Sauce Basil 500g,Product,Mama Rosa,1,"POLYGON ((1.887 1.5, 1.977 1.5, 1.977 1.66, 1.887 1.66, 1.887 1.5))",2,2500
FreshMart Banksia Grove,Aisle 3 - Pasta & Sauces,Aisle 3,02,Al Dente Co. Pesto Genovese 190g,Product,Al Dente Co.,3,"POLYGON ((1.989 1.5, 2.199 1.5, 2.199 1.6, 1.989 1.6, 1.989 1.5))",2,5500
FreshMart Banksia Grove,Aisle 3 - Pasta & Sauces,Aisle 3,02,FreshMart Essentials Spaghetti 500g,Product,FreshMart Essentials,3,"POLYGON ((2.211 1.5, 2.421 1.5, 2.421 1.8, 2.211 1.8, 2.211 1.5))",2,6000
FreshMart Banksia Grove,Aisle 3 - Pasta & Sauces,Aisle 3,02,Mama Rosa Lasagne Sheets 375g,Product,Mama Rosa,1,"POLYGON ((2.433 1.5, 2.613 1.5, 2.613 1.72, 2.433 1.72, 2.433 1.5))",2,3200
FreshMart Banksia Grove,Aisle 3 - Pasta & Sauces,Aisle 3,02,Mama Rosa Pesto Genovese 190g,Product,Mama Rosa,1,"POLYGON ((2.625 1.5, 2.695 1.5, 2.695 1.6, 2.625 1.6, 2.625 1.5))",2,3100
FreshMart Banksia Grove,Aisle 3 - Pasta & Sauces,Aisle 3,02,Mama Rosa Penne 500g,Product,Mama Rosa,2,"POLYGON ((2.707 1.5, 2.947 1.5, 2.947 1.74, 2.707 1.74, 2.707 1.5))",2,3800
FreshMart Banksia Grove,Aisle 3 - Pasta & Sauces,Aisle 3,02,Casa Bella Arrabbiata Sauce 500g,Product,Casa Bella,1,"POLYGON ((2.959 1.5, 3.049 1.5, 3.049 1.66, 2.959 1.66, 2.959 1.5))",2,2300
FreshMart Banksia Grove,Aisle 3 - Pasta & Sauces,Aisle 3,02,Al Dente Co. Spaghetti 500g,Product,Al Dente Co.,1,"POLYGON ((3.061 1.5, 3.131 1.5, 3.131 1.8, 3.061 1.8, 3.061 1.5))",2,2100
FreshMart Banksia Grove,Aisle 3 - Pasta & Sauces,Aisle 3,02,Shelf 4 - Bay 02,Shelf,,,"POLYGON ((1.6 1.86, 3.2 1.86, 3.2 1.9, 1.6 1.9, 1.6 1.86))",1,
FreshMart Banksia Grove,Aisle 3 - Pasta & Sauces,Aisle 3,02,Al Dente Co. Penne 500g,Product,Al Dente Co.,3,"POLYGON ((1.635 1.9, 1.995 1.9, 1.995 2.14, 1.635 2.14, 1.635 1.9))",2,8700
FreshMart Banksia Grove,Aisle 3 - Pasta & Sauces,Aisle 3,02,FreshMart Essentials Pesto Genovese 190g,Product,FreshMart Essentials,1,"POLYGON ((2.007 1.9, 2.077 1.9, 2.077 2, 2.007 2, 2.007 1.9))",2,1900
FreshMart Banksia Grove,Aisle 3 - Pasta & Sauces,Aisle 3,02,FreshMart Essentials Lasagne Sheets 375g,Product,FreshMart Essentials,1,"POLYGON ((2.089 1.9, 2.269 1.9, 2.269 2.12, 2.089 2.12, 2.089 1.9))",2,2800
FreshMart Banksia Grove,Aisle 3 - Pasta & Sauces,Aisle 3,02,FreshMart Essentials Pesto Genovese 190g,Product,FreshMart Essentials,2,"POLYGON ((2.281 1.9, 2.421 1.9, 2.421 2, 2.281 2, 2.281 1.9))",2,5100
FreshMart Banksia Grove,Aisle 3 - Pasta & Sauces,Aisle 3,02,Mama Rosa Penne 500g,Product,Mama Rosa,3,"POLYGON ((2.433 1.9, 2.793 1.9, 2.793 2.14, 2.433 2.14, 2.433 1.9))",2,5300
FreshMart Banksia Grove,Aisle 3 - Pasta & Sauces,Aisle 3,02,Casa Bella Lasagne Sheets 375g,Product,Casa Bella,1,"POLYGON ((2.805 1.9, 2.985 1.9, 2.985 2.12, 2.805 2.12, 2.805 1.9))",2,3300
FreshMart Banksia Grove,Aisle 3 - Pasta & Sauces,Aisle 3,02,Mama Rosa Pasta Sauce Basil 500g,Product,Mama Rosa,1,"POLYGON ((2.997 1.9, 3.087 1.9, 3.087 2.06, 2.997 2.06, 2.997 1.9))",2,2500
FreshMart Banksia Grove,Aisle 3 - Pasta & Sauces,Aisle 3,03,Base Deck - Bay 03,Base Deck,,,"POLYGON ((3.2 0, 4.8 0, 4.8 0.1, 3.2 0.1, 3.2 0))",1,
FreshMart Banksia Grove,Aisle 3 - Pasta & Sauces,Aisle 3,03,Mama Rosa Spaghetti 500g,Product,Mama Rosa,1,"POLYGON ((3.235 0.1, 3.305 0.1, 3.305 0.4, 3.235 0.4, 3.235 0.1))",2,3100
FreshMart Banksia Grove,Aisle 3 - Pasta & Sauces,Aisle 3,03,FreshMart Essentials Pesto Genovese 190g,Product,FreshMart Essentials,3,"POLYGON ((3.317 0.1, 3.527 0.1, 3.527 0.2, 3.317 0.2, 3.317 0.1))",2,4900
FreshMart Banksia Grove,Aisle 3 - Pasta & Sauces,Aisle 3,03,Al Dente Co. Pasta Sauce Basil 500g,Product,Al Dente Co.,2,"POLYGON ((3.539 0.1, 3.719 0.1, 3.719 0.26, 3.539 0.26, 3.539 0.1))",2,4700
FreshMart Banksia Grove,Aisle 3 - Pasta & Sauces,Aisle 3,03,FreshMart Essentials Pasta Sauce Basil 500g,Product,FreshMart Essentials,2,"POLYGON ((3.731 0.1, 3.911 0.1, 3.911 0.26, 3.731 0.26, 3.731 0.1))",2,4200
FreshMart Banksia Grove,Aisle 3 - Pasta & Sauces,Aisle 3,03,Al Dente Co. Pasta Sauce Basil 500g,Product,Al Dente Co.,2,"POLYGON ((3.923 0.1, 4.103 0.1, 4.103 0.26, 3.923 0.26, 3.923 0.1))",2,4200
FreshMart Banksia Grove,Aisle 3 - Pasta & Sauces,Aisle 3,03,Al Dente Co. Lasagne Sheets 375g,Product,Al Dente Co.,3,"POLYGON ((4.115 0.1, 4.655 0.1, 4.655 0.32, 4.115 0.32, 4.115 0.1))",2,9100
FreshMart Banksia Grove,Aisle 3 - Pasta & Sauces,Aisle 3,03,Al Dente Co. Arrabbiata Sauce 500g,Product,Al Dente Co.,1,"POLYGON ((4.667 0.1, 4.757 0.1, 4.757 0.26, 4.667 0.26, 4.667 0.1))",2,3300
FreshMart Banksia Grove,Aisle 3 - Pasta & Sauces,Aisle 3,03,Shelf 1 - Bay 03,Shelf,,,"POLYGON ((3.2 0.53, 4.8 0.53, 4.8 0.57, 3.2 0.57, 3.2 0.53))",1,
FreshMart Banksia Grove,Aisle 3 - Pasta & Sauces,Aisle 3,03,Casa Bella Penne 500g,Product,Casa Bella,1,"POLYGON ((3.235 0.57, 3.355 0.57, 3.355 0.81, 3.235 0.81, 3.235 0.57))",2,2800
FreshMart Banksia Grove,Aisle 3 - Pasta & Sauces,Aisle 3,03,Mama Rosa Arrabbiata Sauce 500g,Product,Mama Rosa,2,"POLYGON ((3.367 0.57, 3.547 0.57, 3.547 0.73, 3.367 0.73, 3.367 0.57))",2,6000
FreshMart Banksia Grove,Aisle 3 - Pasta & Sauces,Aisle 3,03,Casa Bella Lasagne Sheets 375g,Product,Casa Bella,2,"POLYGON ((3.559 0.57, 3.919 0.57, 3.919 0.79, 3.559 0.79, 3.559 0.57))",2,4300
FreshMart Banksia Grove,Aisle 3 - Pasta & Sauces,Aisle 3,03,Mama Rosa Penne 500g,Product,Mama Rosa,1,"POLYGON ((3.931 0.57, 4.051 0.57, 4.051 0.81, 3.931 0.81, 3.931 0.57))",2,2900
FreshMart Banksia Grove,Aisle 3 - Pasta & Sauces,Aisle 3,03,Mama Rosa Penne 500g,Product,Mama Rosa,1,"POLYGON ((4.063 0.57, 4.183 0.57, 4.183 0.81, 4.063 0.81, 4.063 0.57))",2,2800
FreshMart Banksia Grove,Aisle 3 - Pasta & Sauces,Aisle 3,03,Casa Bella Pasta Sauce Basil 500g,Product,Casa Bella,1,"POLYGON ((4.195 0.57, 4.285 0.57, 4.285 0.73, 4.195 0.73, 4.195 0.57))",2,2400
FreshMart Banksia Grove,Aisle 3 - Pasta & Sauces,Aisle 3,03,Al Dente Co. Spaghetti 500g,Product,Al Dente Co.,2,"POLYGON ((4.297 0.57, 4.437 0.57, 4.437 0.87, 4.297 0.87, 4.297 0.57))",2,6300
FreshMart Banksia Grove,Aisle 3 - Pasta & Sauces,Aisle 3,03,Al Dente Co. Pesto Genovese 190g,Product,Al Dente Co.,3,"POLYGON ((4.449 0.57, 4.659 0.57, 4.659 0.67, 4.449 0.67, 4.449 0.57))",2,5900
FreshMart Banksia Grove,Aisle 3 - Pasta & Sauces,Aisle 3,03,FreshMart Essentials Pasta Sauce Basil 500g,Product,FreshMart Essentials,1,"POLYGON ((4.671 0.57, 4.761 0.57, 4.761 0.73, 4.671 0.73, 4.671 0.57))",2,3300
FreshMart Banksia Grove,Aisle 3 - Pasta & Sauces,Aisle 3,03,Shelf 2 - Bay 03,Shelf,,,"POLYGON ((3.2 1, 4.8 1, 4.8 1.04, 3.2 1.04, 3.2 1))",1,
FreshMart Banksia Grove,Aisle 3 - Pasta & Sauces,Aisle 3,03,Al Dente Co. Pesto Genovese 190g,Product,Al Dente Co.,3,"POLYGON ((3.235 1.04, 3.445 1.04, 3.445 1.14, 3.235 1.14, 3.235 1.04))",2,6700
FreshMart Banksia Grove,Aisle 3 - Pasta & Sauces,Aisle 3,03,FreshMart Essentials Penne 500g,Product,FreshMart Essentials,1,"POLYGON ((3.457 1.04, 3.577 1.04, 3.577 1.28, 3.457 1.28, 3.457 1.04))",2,3300
FreshMart Banksia Grove,Aisle 3 - Pasta & Sauces,Aisle 3,03,Al Dente Co. Lasagne Sheets 375g,Product,Al Dente Co.,3,"POLYGON ((3.589 1.04, 4.129 1.04, 4.129 1.26, 3.589 1.26, 3.589 1.04))",2,5300
FreshMart Banksia Grove,Aisle 3 - Pasta & Sauces,Aisle 3,03,Al Dente Co. Arrabbiata Sauce 500g,Product,Al Dente Co.,3,"POLYGON ((4.141 1.04, 4.411 1.04, 4.411 1.2, 4.141 1.2, 4.141 1.04))",2,5100
FreshMart Banksia Grove,Aisle 3 - Pasta & Sauces,Aisle 3,03,Mama Rosa Pasta Sauce Basil 500g,Product,Mama Rosa,1,"POLYGON ((4.423 1.04, 4.513 1.04, 4.513 1.2, 4.423 1.2, 4.423 1.04))",2,1800
FreshMart Banksia Grove,Aisle 3 - Pasta & Sauces,Aisle 3,03,Mama Rosa Pesto Genovese 190g,Product,Mama Rosa,1,"POLYGON ((4.525 1.04, 4.595 1.04, 4.595 1.14, 4.525 1.14, 4.525 1.04))",2,2200
FreshMart Banksia Grove,Aisle 3 - Pasta & Sauces,Aisle 3,03,Casa Bella Pesto Genovese 190g,Product,Casa Bella,2,"POLYGON ((4.607 1.04, 4.747 1.04, 4.747 1.14, 4.607 1.14, 4.607 1.04))",2,4600
FreshMart Banksia Grove,Aisle 3 - Pasta & Sauces,Aisle 3,03,Shelf 3 - Bay 03,Shelf,,,"POLYGON ((3.2 1.46, 4.8 1.46, 4.8 1.5, 3.2 1.5, 3.2 1.46))",1,
FreshMart Banksia Grove,Aisle 3 - Pasta & Sauces,Aisle 3,03,FreshMart Essentials Penne 500g,Product,FreshMart Essentials,2,"POLYGON ((3.235 1.5, 3.475 1.5, 3.475 1.74, 3.235 1.74, 3.235 1.5))",2,5400
FreshMart Banksia Grove,Aisle 3 - Pasta & Sauces,Aisle 3,03,Casa Bella Spaghetti 500g,Product,Casa Bella,3,"POLYGON ((3.487 1.5, 3.697 1.5, 3.697 1.8, 3.487 1.8, 3.487 1.5))",2,5700
FreshMart Banksia Grove,Aisle 3 - Pasta & Sauces,Aisle 3,03,Mama Rosa Penne 500g,Product,Mama Rosa,1,"POLYGON ((3.709 1.5, 3.829 1.5, 3.829 1.74, 3.709 1.74, 3.709 1.5))",2,2600
FreshMart Banksia Grove,Aisle 3 - Pasta & Sauces,Aisle 3,03,Casa Bella Arrabbiata Sauce 500g,Product,Casa Bella,2,"POLYGON ((3.841 1.5, 4.021 1.5, 4.021 1.66, 3.841 1.66, 3.841 1.5))",2,3800
FreshMart Banksia Grove,Aisle 3 - Pasta & Sauces,Aisle 3,03,Casa Bella Pasta Sauce Basil 500g,Product,Casa Bella,3,"POLYGON ((4.033 1.5, 4.303 1.5, 4.303 1.66, 4.033 1.66, 4.033 1.5))",2,5600
FreshMart Banksia Grove,Aisle 3 - Pasta & Sauces,Aisle 3,03,Mama Rosa Arrabbiata Sauce 500g,Product,Mama Rosa,3,"POLYGON ((4.315 1.5, 4.585 1.5, 4.585 1.66, 4.315 1.66, 4.315 1.5))",2,10200
FreshMart Banksia Grove,Aisle 3 - Pasta & Sauces,Aisle 3,03,FreshMart Essentials Pasta Sauce Basil 500g,Product,FreshMart Essentials,1,"POLYGON ((4.597 1.5, 4.687 1.5, 4.687 1.66, 4.597 1.66, 4.597 1.5))",2,3100
FreshMart Banksia Grove,Aisle 3 - Pasta & Sauces,Aisle 3,03,Shelf 4 - Bay 03,Shelf,,,"POLYGON ((3.2 1.86, 4.8 1.86, 4.8 1.9, 3.2 1.9, 3.2 1.86))",1,
FreshMart Banksia Grove,Aisle 3 - Pasta & Sauces,Aisle 3,03,FreshMart Essentials Arrabbiata Sauce 500g,Product,FreshMart Essentials,1,"POLYGON ((3.235 1.9, 3.325 1.9, 3.325 2.06, 3.235 2.06, 3.235 1.9))",2,3300
FreshMart Banksia Grove,Aisle 3 - Pasta & Sauces,Aisle 3,03,Casa Bella Lasagne Sheets 375g,Product,Casa Bella,1,"POLYGON ((3.337 1.9, 3.517 1.9, 3.517 2.12, 3.337 2.12, 3.337 1.9))",2,2300
FreshMart Banksia Grove,Aisle 3 - Pasta & Sauces,Aisle 3,03,Casa Bella Pasta Sauce Basil 500g,Product,Casa Bella,3,"POLYGON ((3.529 1.9, 3.799 1.9, 3.799 2.06, 3.529 2.06, 3.529 1.9))",2,9500
FreshMart Banksia Grove,Aisle 3 - Pasta & Sauces,Aisle 3,03,FreshMart Essentials Penne 500g,Product,FreshMart Essentials,1,"POLYGON ((3.811 1.9, 3.931 1.9, 3.931 2.14, 3.811 2.14, 3.811 1.9))",2,2400
FreshMart Banksia Grove,Aisle 3 - Pasta & Sauces,Aisle 3,03,Casa Bella Pasta Sauce Basil 500g,Product,Casa Bella,2,"POLYGON ((3.943 1.9, 4.123 1.9, 4.123 2.06, 3.943 2.06, 3.943 1.9))",2,3400
FreshMart Banksia Grove,Aisle 3 - Pasta & Sauces,Aisle 3,03,Mama Rosa Pasta Sauce Basil 500g,Product,Mama Rosa,2,"POLYGON ((4.135 1.9, 4.315 1.9, 4.315 2.06, 4.135 2.06, 4.135 1.9))",2,6000
FreshMart Banksia Grove,Aisle 3 - Pasta & Sauces,Aisle 3,03,FreshMart Essentials Arrabbiata Sauce 500g,Product,FreshMart Essentials,2,"POLYGON ((4.327 1.9, 4.507 1.9, 4.507 2.06, 4.327 2.06, 4.327 1.9))",2,6400
FreshMart Banksia Grove,Aisle 3 - Pasta & Sauces,Aisle 3,03,Al Dente Co. Penne 500g,Product,Al Dente Co.,2,"POLYGON ((4.519 1.9, 4.759 1.9, 4.759 2.14, 4.519 2.14, 4.519 1.9))",2,4400
FreshMart Banksia Grove,Aisle 3 - Rice & Grains,Aisle 3,04,Bay Frame 04,Rack,,,"POLYGON ((0 0, 1.6 0, 1.6 2.2, 0 2.2, 0 0))",0,
FreshMart Banksia Grove,Aisle 3 - Rice & Grains,Aisle 3,05,Bay Frame 05,Rack,,,"POLYGON ((1.6 0, 3.2 0, 3.2 2.2, 1.6 2.2, 1.6 0))",0,
FreshMart Banksia Grove,Aisle 3 - Rice & Grains,Aisle 3,06,Bay Frame 06,Rack,,,"POLYGON ((3.2 0, 4.8 0, 4.8 2.2, 3.2 2.2, 3.2 0))",0,
FreshMart Banksia Grove,Aisle 3 - Rice & Grains,Aisle 3,,Upright 1,Rack,,,"POLYGON ((0 0, 0.025 0, 0.025 2.2, 0 2.2, 0 0))",0,
FreshMart Banksia Grove,Aisle 3 - Rice & Grains,Aisle 3,,Upright 2,Rack,,,"POLYGON ((1.575 0, 1.625 0, 1.625 2.2, 1.575 2.2, 1.575 0))",0,
FreshMart Banksia Grove,Aisle 3 - Rice & Grains,Aisle 3,,Upright 3,Rack,,,"POLYGON ((3.175 0, 3.225 0, 3.225 2.2, 3.175 2.2, 3.175 0))",0,
FreshMart Banksia Grove,Aisle 3 - Rice & Grains,Aisle 3,,Upright 4,Rack,,,"POLYGON ((4.775 0, 4.8 0, 4.8 2.2, 4.775 2.2, 4.775 0))",0,
FreshMart Banksia Grove,Aisle 3 - Rice & Grains,Aisle 3,04,Base Deck - Bay 04,Base Deck,,,"POLYGON ((0 0, 1.6 0, 1.6 0.1, 0 0.1, 0 0))",1,
FreshMart Banksia Grove,Aisle 3 - Rice & Grains,Aisle 3,04,Grain Trust Basmati Rice 2kg,Product,Grain Trust,1,"POLYGON ((0.035 0.1, 0.215 0.1, 0.215 0.36, 0.035 0.36, 0.035 0.1))",2,1700
FreshMart Banksia Grove,Aisle 3 - Rice & Grains,Aisle 3,04,Wok Star Quinoa Tricolour 500g,Product,Wok Star,2,"POLYGON ((0.227 0.1, 0.487 0.1, 0.487 0.28, 0.227 0.28, 0.227 0.1))",2,3200
FreshMart Banksia Grove,Aisle 3 - Rice & Grains,Aisle 3,04,Grain Trust Couscous 500g,Product,Grain Trust,2,"POLYGON ((0.499 0.1, 0.739 0.1, 0.739 0.27, 0.499 0.27, 0.499 0.1))",2,5700
FreshMart Banksia Grove,Aisle 3 - Rice & Grains,Aisle 3,04,FreshMart Essentials Basmati Rice 2kg,Product,FreshMart Essentials,3,"POLYGON ((0.751 0.1, 1.291 0.1, 1.291 0.36, 0.751 0.36, 0.751 0.1))",2,6600
FreshMart Banksia Grove,Aisle 3 - Rice & Grains,Aisle 3,04,Grain Trust Couscous 500g,Product,Grain Trust,2,"POLYGON ((1.303 0.1, 1.543 0.1, 1.543 0.27, 1.303 0.27, 1.303 0.1))",2,5300
FreshMart Banksia Grove,Aisle 3 - Rice & Grains,Aisle 3,04,Shelf 1 - Bay 04,Shelf,,,"POLYGON ((0 0.53, 1.6 0.53, 1.6 0.57, 0 0.57, 0 0.53))",1,
FreshMart Banksia Grove,Aisle 3 - Rice & Grains,Aisle 3,04,Grain Trust Noodle Cakes 5pk,Product,Grain Trust,3,"POLYGON ((0.035 0.57, 0.545 0.57, 0.545 0.71, 0.035 0.71, 0.035 0.57))",2,8500
FreshMart Banksia Grove,Aisle 3 - Rice & Grains,Aisle 3,04,FreshMart Essentials Brown Rice Cups 2pk,Product,FreshMart Essentials,3,"POLYGON ((0.557 0.57, 0.977 0.57, 0.977 0.67, 0.557 0.67, 0.557 0.57))",2,5800
FreshMart Banksia Grove,Aisle 3 - Rice & Grains,Aisle 3,04,Wok Star Noodle Cakes 5pk,Product,Wok Star,3,"POLYGON ((0.989 0.57, 1.499 0.57, 1.499 0.71, 0.989 0.71, 0.989 0.57))",2,7400
FreshMart Banksia Grove,Aisle 3 - Rice & Grains,Aisle 3,04,Shelf 2 - Bay 04,Shelf,,,"POLYGON ((0 1, 1.6 1, 1.6 1.04, 0 1.04, 0 1))",1,
FreshMart Banksia Grove,Aisle 3 - Rice & Grains,Aisle 3,04,FreshMart Essentials Basmati Rice 2kg,Product,FreshMart Essentials,1,"POLYGON ((0.035 1.04, 0.215 1.04, 0.215 1.3, 0.035 1.3, 0.035 1.04))",2,3100
FreshMart Banksia Grove,Aisle 3 - Rice & Grains,Aisle 3,04,Golden Paddy Brown Rice Cups 2pk,Product,Golden Paddy,3,"POLYGON ((0.227 1.04, 0.647 1.04, 0.647 1.14, 0.227 1.14, 0.227 1.04))",2,7900
FreshMart Banksia Grove,Aisle 3 - Rice & Grains,Aisle 3,04,Golden Paddy Couscous 500g,Product,Golden Paddy,2,"POLYGON ((0.659 1.04, 0.899 1.04, 0.899 1.21, 0.659 1.21, 0.659 1.04))",2,5300
FreshMart Banksia Grove,Aisle 3 - Rice & Grains,Aisle 3,04,Golden Paddy Quinoa Tricolour 500g,Product,Golden Paddy,2,"POLYGON ((0.911 1.04, 1.171 1.04, 1.171 1.22, 0.911 1.22, 0.911 1.04))",2,5600
FreshMart Banksia Grove,Aisle 3 - Rice & Grains,Aisle 3,04,FreshMart Essentials Noodle Cakes 5pk,Product,FreshMart Essentials,2,"POLYGON ((1.183 1.04, 1.523 1.04, 1.523 1.18, 1.183 1.18, 1.183 1.04))",2,3200
FreshMart Banksia Grove,Aisle 3 - Rice & Grains,Aisle 3,04,Shelf 3 - Bay 04,Shelf,,,"POLYGON ((0 1.46, 1.6 1.46, 1.6 1.5, 0 1.5, 0 1.46))",1,
FreshMart Banksia Grove,Aisle 3 - Rice & Grains,Aisle 3,04,Golden Paddy Noodle Cakes 5pk,Product,Golden Paddy,2,"POLYGON ((0.035 1.5, 0.375 1.5, 0.375 1.64, 0.035 1.64, 0.035 1.5))",2,3800
FreshMart Banksia Grove,Aisle 3 - Rice & Grains,Aisle 3,04,Grain Trust Quinoa Tricolour 500g,Product,Grain Trust,3,"POLYGON ((0.387 1.5, 0.777 1.5, 0.777 1.68, 0.387 1.68, 0.387 1.5))",2,4700
FreshMart Banksia Grove,Aisle 3 - Rice & Grains,Aisle 3,04,Grain Trust Basmati Rice 2kg,Product,Grain Trust,2,"POLYGON ((0.789 1.5, 1.149 1.5, 1.149 1.76, 0.789 1.76, 0.789 1.5))",2,5000
FreshMart Banksia Grove,Aisle 3 - Rice & Grains,Aisle 3,04,Grain Trust Brown Rice Cups 2pk,Product,Grain Trust,1,"POLYGON ((1.161 1.5, 1.301 1.5, 1.301 1.6, 1.161 1.6, 1.161 1.5))",2,1900
FreshMart Banksia Grove,Aisle 3 - Rice & Grains,Aisle 3,04,Grain Trust Basmati Rice 2kg,Product,Grain Trust,1,"POLYGON ((1.313 1.5, 1.493 1.5, 1.493 1.76, 1.313 1.76, 1.313 1.5))",2,1500
FreshMart Banksia Grove,Aisle 3 - Rice & Grains,Aisle 3,04,Shelf 4 - Bay 04,Shelf,,,"POLYGON ((0 1.86, 1.6 1.86, 1.6 1.9, 0 1.9, 0 1.86))",1,
FreshMart Banksia Grove,Aisle 3 - Rice & Grains,Aisle 3,04,Grain Trust Jasmine Rice 1kg,Product,Grain Trust,2,"POLYGON ((0.035 1.9, 0.315 1.9, 0.315 2.1, 0.035 2.1, 0.035 1.9))",2,3300
FreshMart Banksia Grove,Aisle 3 - Rice & Grains,Aisle 3,04,FreshMart Essentials Brown Rice Cups 2pk,Product,FreshMart Essentials,1,"POLYGON ((0.327 1.9, 0.467 1.9, 0.467 2, 0.327 2, 0.327 1.9))",2,3100
FreshMart Banksia Grove,Aisle 3 - Rice & Grains,Aisle 3,04,Golden Paddy Basmati Rice 2kg,Product,Golden Paddy,3,"POLYGON ((0.479 1.9, 1.019 1.9, 1.019 2.16, 0.479 2.16, 0.479 1.9))",2,7400
FreshMart Banksia Grove,Aisle 3 - Rice & Grains,Aisle 3,04,Grain Trust Basmati Rice 2kg,Product,Grain Trust,2,"POLYGON ((1.031 1.9, 1.391 1.9, 1.391 2.16, 1.031 2.16, 1.031 1.9))",2,5400
FreshMart Banksia Grove,Aisle 3 - Rice & Grains,Aisle 3,04,FreshMart Essentials Couscous 500g,Product,FreshMart Essentials,1,"POLYGON ((1.403 1.9, 1.523 1.9, 1.523 2.07, 1.403 2.07, 1.403 1.9))",2,2500
FreshMart Banksia Grove,Aisle 3 - Rice & Grains,Aisle 3,05,Base Deck - Bay 05,Base Deck,,,"POLYGON ((1.6 0, 3.2 0, 3.2 0.1, 1.6 0.1, 1.6 0))",1,
FreshMart Banksia Grove,Aisle 3 - Rice & Grains,Aisle 3,05,Golden Paddy Jasmine Rice 1kg,Product,Golden Paddy,1,"POLYGON ((1.635 0.1, 1.775 0.1, 1.775 0.3, 1.635 0.3, 1.635 0.1))",2,2500
FreshMart Banksia Grove,Aisle 3 - Rice & Grains,Aisle 3,05,FreshMart Essentials Couscous 500g,Product,FreshMart Essentials,2,"POLYGON ((1.787 0.1, 2.027 0.1, 2.027 0.27, 1.787 0.27, 1.787 0.1))",2,3300
FreshMart Banksia Grove,Aisle 3 - Rice & Grains,Aisle 3,05,FreshMart Essentials Brown Rice Cups 2pk,Product,FreshMart Essentials,3,"POLYGON ((2.039 0.1, 2.459 0.1, 2.459 0.2, 2.039 0.2, 2.039 0.1))",2,5700
FreshMart Banksia Grove,Aisle 3 - Rice & Grains,Aisle 3,05,Golden Paddy Basmati Rice 2kg,Product,Golden Paddy,2,"POLYGON ((2.471 0.1, 2.831 0.1, 2.831 0.36, 2.471 0.36, 2.471 0.1))",2,6200
FreshMart Banksia Grove,Aisle 3 - Rice & Grains,Aisle 3,05,Grain Trust Couscous 500g,Product,Grain Trust,1,"POLYGON ((2.843 0.1, 2.963 0.1, 2.963 0.27, 2.843 0.27, 2.843 0.1))",2,1800
FreshMart Banksia Grove,Aisle 3 - Rice & Grains,Aisle 3,05,Golden Paddy Brown Rice Cups 2pk,Product,Golden Paddy,1,"POLYGON ((2.975 0.1, 3.115 0.1, 3.115 0.2, 2.975 0.2, 2.975 0.1))",2,2900
FreshMart Banksia Grove,Aisle 3 - Rice & Grains,Aisle 3,05,Shelf 1 - Bay 05,Shelf,,,"POLYGON ((1.6 0.53, 3.2 0.53, 3.2 0.57, 1.6 0.57, 1.6 0.53))",1,
FreshMart Banksia Grove,Aisle 3 - Rice & Grains,Aisle 3,05,FreshMart Essentials Couscous 500g,Product,FreshMart Essentials,2,"POLYGON ((1.635 0.57, 1.875 0.57, 1.875 0.74, 1.635 0.74, 1.635 0.57))",2,5000
FreshMart Banksia Grove,Aisle 3 - Rice & Grains,Aisle 3,05,FreshMart Essentials Jasmine Rice 1kg,Product,FreshMart Essentials,2,"POLYGON ((1.887 0.57, 2.167 0.57, 2.167 0.77, 1.887 0.77, 1.887 0.57))",2,3600
FreshMart Banksia Grove,Aisle 3 - Rice & Grains,Aisle 3,05,Golden Paddy Noodle Cakes 5pk,Product,Golden Paddy,2,"POLYGON ((2.179 0.57, 2.519 0.57, 2.519 0.71, 2.179 0.71, 2.179 0.57))",2,5900
FreshMart Banksia Grove,Aisle 3 - Rice & Grains,Aisle 3,05,FreshMart Essentials Jasmine Rice 1kg,Product,FreshMart Essentials,1,"POLYGON ((2.531 0.57, 2.671 0.57, 2.671 0.77, 2.531 0.77, 2.531 0.57))",2,2900
FreshMart Banksia Grove,Aisle 3 - Rice & Grains,Aisle 3,05,Golden Paddy Quinoa Tricolour 500g,Product,Golden Paddy,1,"POLYGON ((2.683 0.57, 2.813 0.57, 2.813 0.75, 2.683 0.75, 2.683 0.57))",2,2900
FreshMart Banksia Grove,Aisle 3 - Rice & Grains,Aisle 3,05,Golden Paddy Couscous 500g,Product,Golden Paddy,2,"POLYGON ((2.825 0.57, 3.065 0.57, 3.065 0.74, 2.825 0.74, 2.825 0.57))",2,4800
FreshMart Banksia Grove,Aisle 3 - Rice & Grains,Aisle 3,05,Shelf 2 - Bay 05,Shelf,,,"POLYGON ((1.6 1, 3.2 1, 3.2 1.04, 1.6 1.04, 1.6 1))",1,
FreshMart Banksia Grove,Aisle 3 - Rice & Grains,Aisle 3,05,Grain Trust Basmati Rice 2kg,Product,Grain Trust,2,"POLYGON ((1.635 1.04, 1.995 1.04, 1.995 1.3, 1.635 1.3, 1.635 1.04))",2,3300
FreshMart Banksia Grove,Aisle 3 - Rice & Grains,Aisle 3,05,Grain Trust Noodle Cakes 5pk,Product,Grain Trust,1,"POLYGON ((2.007 1.04, 2.177 1.04, 2.177 1.18, 2.007 1.18, 2.007 1.04))",2,3100
FreshMart Banksia Grove,Aisle 3 - Rice & Grains,Aisle 3,05,Golden Paddy Quinoa Tricolour 500g,Product,Golden Paddy,2,"POLYGON ((2.189 1.04, 2.449 1.04, 2.449 1.22, 2.189 1.22, 2.189 1.04))",2,5000
FreshMart Banksia Grove,Aisle 3 - Rice & Grains,Aisle 3,05,Wok Star Couscous 500g,Product,Wok Star,1,"POLYGON ((2.461 1.04, 2.581 1.04, 2.581 1.21, 2.461 1.21, 2.461 1.04))",2,2100
FreshMart Banksia Grove,Aisle 3 - Rice & Grains,Aisle 3,05,Golden Paddy Couscous 500g,Product,Golden Paddy,1,"POLYGON ((2.593 1.04, 2.713 1.04, 2.713 1.21, 2.593 1.21, 2.593 1.04))",2,3000
FreshMart Banksia Grove,Aisle 3 - Rice & Grains,Aisle 3,05,FreshMart Essentials Quinoa Tricolour 500g,Product,FreshMart Essentials,2,"POLYGON ((2.725 1.04, 2.985 1.04, 2.985 1.22, 2.725 1.22, 2.725 1.04))",2,3800
FreshMart Banksia Grove,Aisle 3 - Rice & Grains,Aisle 3,05,Grain Trust Brown Rice Cups 2pk,Product,Grain Trust,1,"POLYGON ((2.997 1.04, 3.137 1.04, 3.137 1.14, 2.997 1.14, 2.997 1.04))",2,1700
FreshMart Banksia Grove,Aisle 3 - Rice & Grains,Aisle 3,05,Shelf 3 - Bay 05,Shelf,,,"POLYGON ((1.6 1.46, 3.2 1.46, 3.2 1.5, 1.6 1.5, 1.6 1.46))",1,
FreshMart Banksia Grove,Aisle 3 - Rice & Grains,Aisle 3,05,FreshMart Essentials Couscous 500g,Product,FreshMart Essentials,2,"POLYGON ((1.635 1.5, 1.875 1.5, 1.875 1.67, 1.635 1.67, 1.635 1.5))",2,5100
FreshMart Banksia Grove,Aisle 3 - Rice & Grains,Aisle 3,05,Golden Paddy Jasmine Rice 1kg,Product,Golden Paddy,3,"POLYGON ((1.887 1.5, 2.307 1.5, 2.307 1.7, 1.887 1.7, 1.887 1.5))",2,5400
FreshMart Banksia Grove,Aisle 3 - Rice & Grains,Aisle 3,05,Golden Paddy Jasmine Rice 1kg,Product,Golden Paddy,2,"POLYGON ((2.319 1.5, 2.599 1.5, 2.599 1.7, 2.319 1.7, 2.319 1.5))",2,6000
FreshMart Banksia Grove,Aisle 3 - Rice & Grains,Aisle 3,05,Grain Trust Couscous 500g,Product,Grain Trust,1,"POLYGON ((2.611 1.5, 2.731 1.5, 2.731 1.67, 2.611 1.67, 2.611 1.5))",2,2500
FreshMart Banksia Grove,Aisle 3 - Rice & Grains,Aisle 3,05,Grain Trust Couscous 500g,Product,Grain Trust,2,"POLYGON ((2.743 1.5, 2.983 1.5, 2.983 1.67, 2.743 1.67, 2.743 1.5))",2,3400
FreshMart Banksia Grove,Aisle 3 - Rice & Grains,Aisle 3,05,FreshMart Essentials Brown Rice Cups 2pk,Product,FreshMart Essentials,1,"POLYGON ((2.995 1.5, 3.135 1.5, 3.135 1.6, 2.995 1.6, 2.995 1.5))",2,3100
FreshMart Banksia Grove,Aisle 3 - Rice & Grains,Aisle 3,05,Shelf 4 - Bay 05,Shelf,,,"POLYGON ((1.6 1.86, 3.2 1.86, 3.2 1.9, 1.6 1.9, 1.6 1.86))",1,
FreshMart Banksia Grove,Aisle 3 - Rice & Grains,Aisle 3,05,Wok Star Jasmine Rice 1kg,Product,Wok Star,3,"POLYGON ((1.635 1.9, 2.055 1.9, 2.055 2.1, 1.635 2.1, 1.635 1.9))",2,6400
FreshMart Banksia Grove,Aisle 3 - Rice & Grains,Aisle 3,05,Wok Star Noodle Cakes 5pk,Product,Wok Star,1,"POLYGON ((2.067 1.9, 2.237 1.9, 2.237 2.04, 2.067 2.04, 2.067 1.9))",2,2400
FreshMart Banksia Grove,Aisle 3 - Rice & Grains,Aisle 3,05,Wok Star Quinoa Tricolour 500g,Product,Wok Star,3,"POLYGON ((2.249 1.9, 2.639 1.9, 2.639 2.08, 2.249 2.08, 2.249 1.9))",2,8000
FreshMart Banksia Grove,Aisle 3 - Rice & Grains,Aisle 3,05,Grain Trust Brown Rice Cups 2pk,Product,Grain Trust,1,"POLYGON ((2.651 1.9, 2.791 1.9, 2.791 2, 2.651 2, 2.651 1.9))",2,1800
FreshMart Banksia Grove,Aisle 3 - Rice & Grains,Aisle 3,05,Wok Star Couscous 500g,Product,Wok Star,1,"POLYGON ((2.803 1.9, 2.923 1.9, 2.923 2.07, 2.803 2.07, 2.803 1.9))",2,3100
FreshMart Banksia Grove,Aisle 3 - Rice & Grains,Aisle 3,05,Golden Paddy Noodle Cakes 5pk,Product,Golden Paddy,1,"POLYGON ((2.935 1.9, 3.105 1.9, 3.105 2.04, 2.935 2.04, 2.935 1.9))",2,2600
FreshMart Banksia Grove,Aisle 3 - Rice & Grains,Aisle 3,06,Base Deck - Bay 06,Base Deck,,,"POLYGON ((3.2 0, 4.8 0, 4.8 0.1, 3.2 0.1, 3.2 0))",1,
FreshMart Banksia Grove,Aisle 3 - Rice & Grains,Aisle 3,06,FreshMart Essentials Basmati Rice 2kg,Product,FreshMart Essentials,3,"POLYGON ((3.235 0.1, 3.775 0.1, 3.775 0.36, 3.235 0.36, 3.235 0.1))",2,7600
FreshMart Banksia Grove,Aisle 3 - Rice & Grains,Aisle 3,06,FreshMart Essentials Couscous 500g,Product,FreshMart Essentials,2,"POLYGON ((3.787 0.1, 4.027 0.1, 4.027 0.27, 3.787 0.27, 3.787 0.1))",2,5100
FreshMart Banksia Grove,Aisle 3 - Rice & Grains,Aisle 3,06,FreshMart Essentials Couscous 500g,Product,FreshMart Essentials,2,"POLYGON ((4.039 0.1, 4.279 0.1, 4.279 0.27, 4.039 0.27, 4.039 0.1))",2,5500
FreshMart Banksia Grove,Aisle 3 - Rice & Grains,Aisle 3,06,Golden Paddy Quinoa Tricolour 500g,Product,Golden Paddy,1,"POLYGON ((4.291 0.1, 4.421 0.1, 4.421 0.28, 4.291 0.28, 4.291 0.1))",2,1700
FreshMart Banksia Grove,Aisle 3 - Rice & Grains,Aisle 3,06,Wok Star Noodle Cakes 5pk,Product,Wok Star,1,"POLYGON ((4.433 0.1, 4.603 0.1, 4.603 0.24, 4.433 0.24, 4.433 0.1))",2,3100
FreshMart Banksia Grove,Aisle 3 - Rice & Grains,Aisle 3,06,Grain Trust Jasmine Rice 1kg,Product,Grain Trust,1,"POLYGON ((4.615 0.1, 4.755 0.1, 4.755 0.3, 4.615 0.3, 4.615 0.1))",2,1600
FreshMart Banksia Grove,Aisle 3 - Rice & Grains,Aisle 3,06,Shelf 1 - Bay 06,Shelf,,,"POLYGON ((3.2 0.53, 4.8 0.53, 4.8 0.57, 3.2 0.57, 3.2 0.53))",1,
FreshMart Banksia Grove,Aisle 3 - Rice & Grains,Aisle 3,06,Wok Star Basmati Rice 2kg,Product,Wok Star,2,"POLYGON ((3.235 0.57, 3.595 0.57, 3.595 0.83, 3.235 0.83, 3.235 0.57))",2,4400
FreshMart Banksia Grove,Aisle 3 - Rice & Grains,Aisle 3,06,Wok Star Basmati Rice 2kg,Product,Wok Star,1,"POLYGON ((3.607 0.57, 3.787 0.57, 3.787 0.83, 3.607 0.83, 3.607 0.57))",2,3000
FreshMart Banksia Grove,Aisle 3 - Rice & Grains,Aisle 3,06,FreshMart Essentials Quinoa Tricolour 500g,Product,FreshMart Essentials,3,"POLYGON ((3.799 0.57, 4.189 0.57, 4.189 0.75, 3.799 0.75, 3.799 0.57))",2,7100
FreshMart Banksia Grove,Aisle 3 - Rice & Grains,Aisle 3,06,FreshMart Essentials Couscous 500g,Product,FreshMart Essentials,3,"POLYGON ((4.201 0.57, 4.561 0.57, 4.561 0.74, 4.201 0.74, 4.201 0.57))",2,4700
FreshMart Banksia Grove,Aisle 3 - Rice & Grains,Aisle 3,06,Golden Paddy Basmati Rice 2kg,Product,Golden Paddy,1,"POLYGON ((4.573 0.57, 4.753 0.57, 4.753 0.83, 4.573 0.83, 4.573 0.57))",2,1700
FreshMart Banksia Grove,Aisle 3 - Rice & Grains,Aisle 3,06,Shelf 2 - Bay 06,Shelf,,,"POLYGON ((3.2 1, 4.8 1, 4.8 1.04, 3.2 1.04, 3.2 1))",1,
FreshMart Banksia Grove,Aisle 3 - Rice & Grains,Aisle 3,06,Grain Trust Noodle Cakes 5pk,Product,Grain Trust,3,"POLYGON ((3.235 1.04, 3.745 1.04, 3.745 1.18, 3.235 1.18, 3.235 1.04))",2,7300
FreshMart Banksia Grove,Aisle 3 - Rice & Grains,Aisle 3,06,Golden Paddy Brown Rice Cups 2pk,Product,Golden Paddy,1,"POLYGON ((3.757 1.04, 3.897 1.04, 3.897 1.14, 3.757 1.14, 3.757 1.04))",2,2300
FreshMart Banksia Grove,Aisle 3 - Rice & Grains,Aisle 3,06,FreshMart Essentials Brown Rice Cups 2pk,Product,FreshMart Essentials,3,"POLYGON ((3.909 1.04, 4.329 1.04, 4.329 1.14, 3.909 1.14, 3.909 1.04))",2,6200
FreshMart Banksia Grove,Aisle 3 - Rice & Grains,Aisle 3,06,FreshMart Essentials Basmati Rice 2kg,Product,FreshMart Essentials,2,"POLYGON ((4.341 1.04, 4.701 1.04, 4.701 1.3, 4.341 1.3, 4.341 1.04))",2,5100
FreshMart Banksia Grove,Aisle 3 - Rice & Grains,Aisle 3,06,Shelf 3 - Bay 06,Shelf,,,"POLYGON ((3.2 1.46, 4.8 1.46, 4.8 1.5, 3.2 1.5, 3.2 1.46))",1,
FreshMart Banksia Grove,Aisle 3 - Rice & Grains,Aisle 3,06,Grain Trust Noodle Cakes 5pk,Product,Grain Trust,1,"POLYGON ((3.235 1.5, 3.405 1.5, 3.405 1.64, 3.235 1.64, 3.235 1.5))",2,3100
FreshMart Banksia Grove,Aisle 3 - Rice & Grains,Aisle 3,06,FreshMart Essentials Quinoa Tricolour 500g,Product,FreshMart Essentials,1,"POLYGON ((3.417 1.5, 3.547 1.5, 3.547 1.68, 3.417 1.68, 3.417 1.5))",2,2600
FreshMart Banksia Grove,Aisle 3 - Rice & Grains,Aisle 3,06,FreshMart Essentials Basmati Rice 2kg,Product,FreshMart Essentials,2,"POLYGON ((3.559 1.5, 3.919 1.5, 3.919 1.76, 3.559 1.76, 3.559 1.5))",2,5400
FreshMart Banksia Grove,Aisle 3 - Rice & Grains,Aisle 3,06,Grain Trust Jasmine Rice 1kg,Product,Grain Trust,2,"POLYGON ((3.931 1.5, 4.211 1.5, 4.211 1.7, 3.931 1.7, 3.931 1.5))",2,5400
FreshMart Banksia Grove,Aisle 3 - Rice & Grains,Aisle 3,06,Golden Paddy Couscous 500g,Product,Golden Paddy,1,"POLYGON ((4.223 1.5, 4.343 1.5, 4.343 1.67, 4.223 1.67, 4.223 1.5))",2,3000
FreshMart Banksia Grove,Aisle 3 - Rice & Grains,Aisle 3,06,FreshMart Essentials Basmati Rice 2kg,Product,FreshMart Essentials,1,"POLYGON ((4.355 1.5, 4.535 1.5, 4.535 1.76, 4.355 1.76, 4.355 1.5))",2,2800
FreshMart Banksia Grove,Aisle 3 - Rice & Grains,Aisle 3,06,Wok Star Quinoa Tricolour 500g,Product,Wok Star,1,"POLYGON ((4.547 1.5, 4.677 1.5, 4.677 1.68, 4.547 1.68, 4.547 1.5))",2,2800
FreshMart Banksia Grove,Aisle 3 - Rice & Grains,Aisle 3,06,Shelf 4 - Bay 06,Shelf,,,"POLYGON ((3.2 1.86, 4.8 1.86, 4.8 1.9, 3.2 1.9, 3.2 1.86))",1,
FreshMart Banksia Grove,Aisle 3 - Rice & Grains,Aisle 3,06,Grain Trust Noodle Cakes 5pk,Product,Grain Trust,2,"POLYGON ((3.235 1.9, 3.575 1.9, 3.575 2.04, 3.235 2.04, 3.235 1.9))",2,6100
FreshMart Banksia Grove,Aisle 3 - Rice & Grains,Aisle 3,06,Golden Paddy Basmati Rice 2kg,Product,Golden Paddy,1,"POLYGON ((3.587 1.9, 3.767 1.9, 3.767 2.16, 3.587 2.16, 3.587 1.9))",2,2300
FreshMart Banksia Grove,Aisle 3 - Rice & Grains,Aisle 3,06,Golden Paddy Couscous 500g,Product,Golden Paddy,2,"POLYGON ((3.779 1.9, 4.019 1.9, 4.019 2.07, 3.779 2.07, 3.779 1.9))",2,3100
FreshMart Banksia Grove,Aisle 3 - Rice & Grains,Aisle 3,06,Grain Trust Jasmine Rice 1kg,Product,Grain Trust,3,"POLYGON ((4.031 1.9, 4.451 1.9, 4.451 2.1, 4.031 2.1, 4.031 1.9))",2,5200
FreshMart Banksia Grove,Aisle 3 - Rice & Grains,Aisle 3,06,Golden Paddy Brown Rice Cups 2pk,Product,Golden Paddy,2,"POLYGON ((4.463 1.9, 4.743 1.9, 4.743 2, 4.463 2, 4.463 1.9))",2,5600
FreshMart Banksia Grove,Aisle 3 - Canned Goods,Aisle 3,07,Bay Frame 07,Rack,,,"POLYGON ((0 0, 1.6 0, 1.6 2.2, 0 2.2, 0 0))",0,
FreshMart Banksia Grove,Aisle 3 - Canned Goods,Aisle 3,08,Bay Frame 08,Rack,,,"POLYGON ((1.6 0, 3.2 0, 3.2 2.2, 1.6 2.2, 1.6 0))",0,
FreshMart Banksia Grove,Aisle 3 - Canned Goods,Aisle 3,09,Bay Frame 09,Rack,,,"POLYGON ((3.2 0, 4.8 0, 4.8 2.2, 3.2 2.2, 3.2 0))",0,
FreshMart Banksia Grove,Aisle 3 - Canned Goods,Aisle 3,10,Bay Frame 10,Rack,,,"POLYGON ((4.8 0, 6.4 0, 6.4 2.2, 4.8 2.2, 4.8 0))",0,
FreshMart Banksia Grove,Aisle 3 - Canned Goods,Aisle 3,,Upright 1,Rack,,,"POLYGON ((0 0, 0.025 0, 0.025 2.2, 0 2.2, 0 0))",0,
FreshMart Banksia Grove,Aisle 3 - Canned Goods,Aisle 3,,Upright 2,Rack,,,"POLYGON ((1.575 0, 1.625 0, 1.625 2.2, 1.575 2.2, 1.575 0))",0,
FreshMart Banksia Grove,Aisle 3 - Canned Goods,Aisle 3,,Upright 3,Rack,,,"POLYGON ((3.175 0, 3.225 0, 3.225 2.2, 3.175 2.2, 3.175 0))",0,
FreshMart Banksia Grove,Aisle 3 - Canned Goods,Aisle 3,,Upright 4,Rack,,,"POLYGON ((4.775 0, 4.825 0, 4.825 2.2, 4.775 2.2, 4.775 0))",0,
FreshMart Banksia Grove,Aisle 3 - Canned Goods,Aisle 3,,Upright 5,Rack,,,"POLYGON ((6.375 0, 6.4 0, 6.4 2.2, 6.375 2.2, 6.375 0))",0,
FreshMart Banksia Grove,Aisle 3 - Canned Goods,Aisle 3,07,Base Deck - Bay 07,Base Deck,,,"POLYGON ((0 0, 1.6 0, 1.6 0.1, 0 0.1, 0 0))",1,
FreshMart Banksia Grove,Aisle 3 - Canned Goods,Aisle 3,07,FreshMart Essentials Diced Tomatoes 400g,Product,FreshMart Essentials,3,"POLYGON ((0.035 0.1, 0.26 0.1, 0.26 0.21, 0.035 0.21, 0.035 0.1))",2,8300
FreshMart Banksia Grove,Aisle 3 - Canned Goods,Aisle 3,07,Harvest Tin Corn Kernels 410g,Product,Harvest Tin,2,"POLYGON ((0.272 0.1, 0.422 0.1, 0.422 0.21, 0.272 0.21, 0.272 0.1))",2,5200
FreshMart Banksia Grove,Aisle 3 - Canned Goods,Aisle 3,07,FreshMart Essentials Coconut Milk 400ml,Product,FreshMart Essentials,2,"POLYGON ((0.434 0.1, 0.584 0.1, 0.584 0.21, 0.434 0.21, 0.434 0.1))",2,5300
FreshMart Banksia Grove,Aisle 3 - Canned Goods,Aisle 3,07,Pantry Pride Tuna Chunks 185g,Product,Pantry Pride,3,"POLYGON ((0.596 0.1, 0.851 0.1, 0.851 0.15, 0.596 0.15, 0.596 0.1))",2,4300
FreshMart Banksia Grove,Aisle 3 - Canned Goods,Aisle 3,07,Pantry Pride Corn Kernels 410g,Product,Pantry Pride,3,"POLYGON ((0.863 0.1, 1.088 0.1, 1.088 0.21, 0.863 0.21, 0.863 0.1))",2,7100
FreshMart Banksia Grove,Aisle 3 - Canned Goods,Aisle 3,07,Pantry Pride Coconut Milk 400ml,Product,Pantry Pride,1,"POLYGON ((1.1 0.1, 1.175 0.1, 1.175 0.21, 1.1 0.21, 1.1 0.1))",2,2000
FreshMart Banksia Grove,Aisle 3 - Canned Goods,Aisle 3,07,Harvest Tin Corn Kernels 410g,Product,Harvest Tin,3,"POLYGON ((1.187 0.1, 1.412 0.1, 1.412 0.21, 1.187 0.21, 1.187 0.1))",2,6500
FreshMart Banksia Grove,Aisle 3 - Canned Goods,Aisle 3,07,Sea Cliff Baked Beans 555g,Product,Sea Cliff,1,"POLYGON ((1.424 0.1, 1.504 0.1, 1.504 0.22, 1.424 0.22, 1.424 0.1))",2,1900
FreshMart Banksia Grove,Aisle 3 - Canned Goods,Aisle 3,07,Shelf 1 - Bay 07,Shelf,,,"POLYGON ((0 0.53, 1.6 0.53, 1.6 0.57, 0 0.57, 0 0.53))",1,
FreshMart Banksia Grove,Aisle 3 - Canned Goods,Aisle 3,07,Pantry Pride Chickpeas 420g,Product,Pantry Pride,3,"POLYGON ((0.035 0.57, 0.26 0.57, 0.26 0.68, 0.035 0.68, 0.035 0.57))",2,4500
FreshMart Banksia Grove,Aisle 3 - Canned Goods,Aisle 3,07,Harvest Tin Tuna Chunks 185g,Product,Harvest Tin,3,"POLYGON ((0.272 0.57, 0.527 0.57, 0.527 0.62, 0.272 0.62, 0.272 0.57))",2,4500
FreshMart Banksia Grove,Aisle 3 - Canned Goods,Aisle 3,07,FreshMart Essentials Baked Beans 555g,Product,FreshMart Essentials,1,"POLYGON ((0.539 0.57, 0.619 0.57, 0.619 0.69, 0.539 0.69, 0.539 0.57))",2,2800
FreshMart Banksia Grove,Aisle 3 - Canned Goods,Aisle 3,07,FreshMart Essentials Corn Kernels 410g,Product,FreshMart Essentials,1,"POLYGON ((0.631 0.57, 0.706 0.57, 0.706 0.68, 0.631 0.68, 0.631 0.57))",2,1800
FreshMart Banksia Grove,Aisle 3 - Canned Goods,Aisle 3,07,Harvest Tin Baked Beans 555g,Product,Harvest Tin,1,"POLYGON ((0.718 0.57, 0.798 0.57, 0.798 0.69, 0.718 0.69, 0.718 0.57))",2,2500
FreshMart Banksia Grove,Aisle 3 - Canned Goods,Aisle 3,07,FreshMart Essentials Corn Kernels 410g,Product,FreshMart Essentials,1,"POLYGON ((0.81 0.57, 0.885 0.57, 0.885 0.68, 0.81 0.68, 0.81 0.57))",2,2000
FreshMart Banksia Grove,Aisle 3 - Canned Goods,Aisle 3,07,Pantry Pride Diced Tomatoes 400g,Product,Pantry Pride,1,"POLYGON ((0.897 0.57, 0.972 0.57, 0.972 0.68, 0.897 0.68, 0.897 0.57))",2,1900
FreshMart Banksia Grove,Aisle 3 - Canned Goods,Aisle 3,07,Pantry Pride Tuna Chunks 185g,Product,Pantry Pride,1,"POLYGON ((0.984 0.57, 1.069 0.57, 1.069 0.62, 0.984 0.62, 0.984 0.57))",2,2200
FreshMart Banksia Grove,Aisle 3 - Canned Goods,Aisle 3,07,Sea Cliff Diced Tomatoes 400g,Product,Sea Cliff,3,"POLYGON ((1.081 0.57, 1.306 0.57, 1.306 0.68, 1.081 0.68, 1.081 0.57))",2,6900
FreshMart Banksia Grove,Aisle 3 - Canned Goods,Aisle 3,07,Pantry Pride Chickpeas 420g,Product,Pantry Pride,2,"POLYGON ((1.318 0.57, 1.468 0.57, 1.468 0.68, 1.318 0.68, 1.318 0.57))",2,4700
FreshMart Banksia Grove,Aisle 3 - Canned Goods,Aisle 3,07,Sea Cliff Chickpeas 420g,Product,Sea Cliff,1,"POLYGON ((1.48 0.57, 1.555 0.57, 1.555 0.68, 1.48 0.68, 1.48 0.57))",2,2200
FreshMart Banksia Grove,Aisle 3 - Canned Goods,Aisle 3,07,Shelf 2 - Bay 07,Shelf,,,"POLYGON ((0 1, 1.6 1, 1.6 1.04, 0 1.04, 0 1))",1,
FreshMart Banksia Grove,Aisle 3 - Canned Goods,Aisle 3,07,Harvest Tin Corn Kernels 410g,Product,Harvest Tin,2,"POLYGON ((0.035 1.04, 0.185 1.04, 0.185 1.15, 0.035 1.15, 0.035 1.04))",2,3700
FreshMart Banksia Grove,Aisle 3 - Canned Goods,Aisle 3,07,FreshMart Essentials Coconut Milk 400ml,Product,FreshMart Essentials,1,"POLYGON ((0.197 1.04, 0.272 1.04, 0.272 1.15, 0.197 1.15, 0.197 1.04))",2,1400
FreshMart Banksia Grove,Aisle 3 - Canned Goods,Aisle 3,07,FreshMart Essentials Baked Beans 555g,Product,FreshMart Essentials,3,"POLYGON ((0.284 1.04, 0.524 1.04, 0.524 1.16, 0.284 1.16, 0.284 1.04))",2,5000
FreshMart Banksia Grove,Aisle 3 - Canned Goods,Aisle 3,07,Pantry Pride Chickpeas 420g,Product,Pantry Pride,1,"POLYGON ((0.536 1.04, 0.611 1.04, 0.611 1.15, 0.536 1.15, 0.536 1.04))",2,1600
FreshMart Banksia Grove,Aisle 3 - Canned Goods,Aisle 3,07,Harvest Tin Coconut Milk 400ml,Product,Harvest Tin,2,"POLYGON ((0.623 1.04, 0.773 1.04, 0.773 1.15, 0.623 1.15, 0.623 1.04))",2,4400
FreshMart Banksia Grove,Aisle 3 - Canned Goods,Aisle 3,07,Harvest Tin Coconut Milk 400ml,Product,Harvest Tin,3,"POLYGON ((0.785 1.04, 1.01 1.04, 1.01 1.15, 0.785 1.15, 0.785 1.04))",2,6700
FreshMart Banksia Grove,Aisle 3 - Canned Goods,Aisle 3,07,Sea Cliff Tuna Chunks 185g,Product,Sea Cliff,1,"POLYGON ((1.022 1.04, 1.107 1.04, 1.107 1.09, 1.022 1.09, 1.022 1.04))",2,1500
FreshMart Banksia Grove,Aisle 3 - Canned Goods,Aisle 3,07,FreshMart Essentials Chickpeas 420g,Product,FreshMart Essentials,1,"POLYGON ((1.119 1.04, 1.194 1.04, 1.194 1.15, 1.119 1.15, 1.119 1.04))",2,2100
FreshMart Banksia Grove,Aisle 3 - Canned Goods,Aisle 3,07,Pantry Pride Corn Kernels 410g,Product,Pantry Pride,1,"POLYGON ((1.206 1.04, 1.281 1.04, 1.281 1.15, 1.206 1.15, 1.206 1.04))",2,2800
FreshMart Banksia Grove,Aisle 3 - Canned Goods,Aisle 3,07,FreshMart Essentials Chickpeas 420g,Product,FreshMart Essentials,2,"POLYGON ((1.293 1.04, 1.443 1.04, 1.443 1.15, 1.293 1.15, 1.293 1.04))",2,3300
FreshMart Banksia Grove,Aisle 3 - Canned Goods,Aisle 3,07,FreshMart Essentials Tuna Chunks 185g,Product,FreshMart Essentials,1,"POLYGON ((1.455 1.04, 1.54 1.04, 1.54 1.09, 1.455 1.09, 1.455 1.04))",2,1600
FreshMart Banksia Grove,Aisle 3 - Canned Goods,Aisle 3,07,Shelf 3 - Bay 07,Shelf,,,"POLYGON ((0 1.46, 1.6 1.46, 1.6 1.5, 0 1.5, 0 1.46))",1,
FreshMart Banksia Grove,Aisle 3 - Canned Goods,Aisle 3,07,Harvest Tin Baked Beans 555g,Product,Harvest Tin,1,"POLYGON ((0.035 1.5, 0.115 1.5, 0.115 1.62, 0.035 1.62, 0.035 1.5))",2,1400
FreshMart Banksia Grove,Aisle 3 - Canned Goods,Aisle 3,07,FreshMart Essentials Chickpeas 420g,Product,FreshMart Essentials,1,"POLYGON ((0.127 1.5, 0.202 1.5, 0.202 1.61, 0.127 1.61, 0.127 1.5))",2,2500
FreshMart Banksia Grove,Aisle 3 - Canned Goods,Aisle 3,07,Pantry Pride Baked Beans 555g,Product,Pantry Pride,3,"POLYGON ((0.214 1.5, 0.454 1.5, 0.454 1.62, 0.214 1.62, 0.214 1.5))",2,4200
FreshMart Banksia Grove,Aisle 3 - Canned Goods,Aisle 3,07,Pantry Pride Chickpeas 420g,Product,Pantry Pride,1,"POLYGON ((0.466 1.5, 0.541 1.5, 0.541 1.61, 0.466 1.61, 0.466 1.5))",2,2600
FreshMart Banksia Grove,Aisle 3 - Canned Goods,Aisle 3,07,FreshMart Essentials Diced Tomatoes 400g,Product,FreshMart Essentials,3,"POLYGON ((0.553 1.5, 0.778 1.5, 0.778 1.61, 0.553 1.61, 0.553 1.5))",2,8000
FreshMart Banksia Grove,Aisle 3 - Canned Goods,Aisle 3,07,Pantry Pride Chickpeas 420g,Product,Pantry Pride,1,"POLYGON ((0.79 1.5, 0.865 1.5, 0.865 1.61, 0.79 1.61, 0.79 1.5))",2,2300
FreshMart Banksia Grove,Aisle 3 - Canned Goods,Aisle 3,07,Sea Cliff Chickpeas 420g,Product,Sea Cliff,3,"POLYGON ((0.877 1.5, 1.102 1.5, 1.102 1.61, 0.877 1.61, 0.877 1.5))",2,6300
FreshMart Banksia Grove,Aisle 3 - Canned Goods,Aisle 3,07,Harvest Tin Coconut Milk 400ml,Product,Harvest Tin,1,"POLYGON ((1.114 1.5, 1.189 1.5, 1.189 1.61, 1.114 1.61, 1.114 1.5))",2,2200
FreshMart Banksia Grove,Aisle 3 - Canned Goods,Aisle 3,07,Pantry Pride Coconut Milk 400ml,Product,Pantry Pride,3,"POLYGON ((1.201 1.5, 1.426 1.5, 1.426 1.61, 1.201 1.61, 1.201 1.5))",2,5900
FreshMart Banksia Grove,Aisle 3 - Canned Goods,Aisle 3,07,Sea Cliff Diced Tomatoes 400g,Product,Sea Cliff,1,"POLYGON ((1.438 1.5, 1.513 1.5, 1.513 1.61, 1.438 1.61, 1.438 1.5))",2,2600
FreshMart Banksia Grove,Aisle 3 - Canned Goods,Aisle 3,07,Shelf 4 - Bay 07,Shelf,,,"POLYGON ((0 1.86, 1.6 1.86, 1.6 1.9, 0 1.9, 0 1.86))",1,
FreshMart Banksia Grove,Aisle 3 - Canned Goods,Aisle 3,07,Sea Cliff Corn Kernels 410g,Product,Sea Cliff,3,"POLYGON ((0.035 1.9, 0.26 1.9, 0.26 2.01, 0.035 2.01, 0.035 1.9))",2,8000
FreshMart Banksia Grove,Aisle 3 - Canned Goods,Aisle 3,07,FreshMart Essentials Tuna Chunks 185g,Product,FreshMart Essentials,1,"POLYGON ((0.272 1.9, 0.357 1.9, 0.357 1.95, 0.272 1.95, 0.272 1.9))",2,1700
FreshMart Banksia Grove,Aisle 3 - Canned Goods,Aisle 3,07,Sea Cliff Baked Beans 555g,Product,Sea Cliff,3,"POLYGON ((0.369 1.9, 0.609 1.9, 0.609 2.02, 0.369 2.02, 0.369 1.9))",2,8100
FreshMart Banksia Grove,Aisle 3 - Canned Goods,Aisle 3,07,Harvest Tin Coconut Milk 400ml,Product,Harvest Tin,2,"POLYGON ((0.621 1.9, 0.771 1.9, 0.771 2.01, 0.621 2.01, 0.621 1.9))",2,4000
FreshMart Banksia Grove,Aisle 3 - Canned Goods,Aisle 3,07,Sea Cliff Coconut Milk 400ml,Product,Sea Cliff,2,"POLYGON ((0.783 1.9, 0.933 1.9, 0.933 2.01, 0.783 2.01, 0.783 1.9))",2,5100
FreshMart Banksia Grove,Aisle 3 - Canned Goods,Aisle 3,07,Pantry Pride Baked Beans 555g,Product,Pantry Pride,3,"POLYGON ((0.945 1.9, 1.185 1.9, 1.185 2.02, 0.945 2.02, 0.945 1.9))",2,7800
FreshMart Banksia Grove,Aisle 3 - Canned Goods,Aisle 3,07,FreshMart Essentials Chickpeas 420g,Product,FreshMart Essentials,1,"POLYGON ((1.197 1.9, 1.272 1.9, 1.272 2.01, 1.197 2.01, 1.197 1.9))",2,1400
FreshMart Banksia Grove,Aisle 3 - Canned Goods,Aisle 3,07,Pantry Pride Chickpeas 420g,Product,Pantry Pride,2,"POLYGON ((1.284 1.9, 1.434 1.9, 1.434 2.01, 1.284 2.01, 1.284 1.9))",2,2800
FreshMart Banksia Grove,Aisle 3 - Canned Goods,Aisle 3,07,FreshMart Essentials Baked Beans 555g,Product,FreshMart Essentials,1,"POLYGON ((1.446 1.9, 1.526 1.9, 1.526 2.02, 1.446 2.02, 1.446 1.9))",2,2400
FreshMart Banksia Grove,Aisle 3 - Canned Goods,Aisle 3,08,Base Deck - Bay 08,Base Deck,,,"POLYGON ((1.6 0, 3.2 0, 3.2 0.1, 1.6 0.1, 1.6 0))",1,
FreshMart Banksia Grove,Aisle 3 - Canned Goods,Aisle 3,08,Pantry Pride Baked Beans 555g,Product,Pantry Pride,2,"POLYGON ((1.635 0.1, 1.795 0.1, 1.795 0.22, 1.635 0.22, 1.635 0.1))",2,4300
FreshMart Banksia Grove,Aisle 3 - Canned Goods,Aisle 3,08,Harvest Tin Tuna Chunks 185g,Product,Harvest Tin,3,"POLYGON ((1.807 0.1, 2.062 0.1, 2.062 0.15, 1.807 0.15, 1.807 0.1))",2,4700
FreshMart Banksia Grove,Aisle 3 - Canned Goods,Aisle 3,08,Pantry Pride Coconut Milk 400ml,Product,Pantry Pride,1,"POLYGON ((2.074 0.1, 2.149 0.1, 2.149 0.21, 2.074 0.21, 2.074 0.1))",2,1600
FreshMart Banksia Grove,Aisle 3 - Canned Goods,Aisle 3,08,Sea Cliff Coconut Milk 400ml,Product,Sea Cliff,3,"POLYGON ((2.161 0.1, 2.386 0.1, 2.386 0.21, 2.161 0.21, 2.161 0.1))",2,5400
FreshMart Banksia Grove,Aisle 3 - Canned Goods,Aisle 3,08,FreshMart Essentials Tuna Chunks 185g,Product,FreshMart Essentials,2,"POLYGON ((2.398 0.1, 2.568 0.1, 2.568 0.15, 2.398 0.15, 2.398 0.1))",2,3900
FreshMart Banksia Grove,Aisle 3 - Canned Goods,Aisle 3,08,Sea Cliff Baked Beans 555g,Product,Sea Cliff,1,"POLYGON ((2.58 0.1, 2.66 0.1, 2.66 0.22, 2.58 0.22, 2.58 0.1))",2,2500
FreshMart Banksia Grove,Aisle 3 - Canned Goods,Aisle 3,08,FreshMart Essentials Baked Beans 555g,Product,FreshMart Essentials,3,"POLYGON ((2.672 0.1, 2.912 0.1, 2.912 0.22, 2.672 0.22, 2.672 0.1))",2,5000
FreshMart Banksia Grove,Aisle 3 - Canned Goods,Aisle 3,08,Sea Cliff Baked Beans 555g,Product,Sea Cliff,1,"POLYGON ((2.924 0.1, 3.004 0.1, 3.004 0.22, 2.924 0.22, 2.924 0.1))",2,1400
FreshMart Banksia Grove,Aisle 3 - Canned Goods,Aisle 3,08,FreshMart Essentials Diced Tomatoes 400g,Product,FreshMart Essentials,1,"POLYGON ((3.016 0.1, 3.091 0.1, 3.091 0.21, 3.016 0.21, 3.016 0.1))",2,1700
FreshMart Banksia Grove,Aisle 3 - Canned Goods,Aisle 3,08,Shelf 1 - Bay 08,Shelf,,,"POLYGON ((1.6 0.53, 3.2 0.53, 3.2 0.57, 1.6 0.57, 1.6 0.53))",1,
FreshMart Banksia Grove,Aisle 3 - Canned Goods,Aisle 3,08,Harvest Tin Baked Beans 555g,Product,Harvest Tin,2,"POLYGON ((1.635 0.57, 1.795 0.57, 1.795 0.69, 1.635 0.69, 1.635 0.57))",2,5600
FreshMart Banksia Grove,Aisle 3 - Canned Goods,Aisle 3,08,Harvest Tin Baked Beans 555g,Product,Harvest Tin,2,"POLYGON ((1.807 0.57, 1.967 0.57, 1.967 0.69, 1.807 0.69, 1.807 0.57))",2,5100
FreshMart Banksia Grove,Aisle 3 - Canned Goods,Aisle 3,08,FreshMart Essentials Tuna Chunks 185g,Product,FreshMart Essentials,1,"POLYGON ((1.979 0.57, 2.064 0.57, 2.064 0.62, 1.979 0.62, 1.979 0.57))",2,1700
FreshMart Banksia Grove,Aisle 3 - Canned Goods,Aisle 3,08,FreshMart Essentials Corn Kernels 410g,Product,FreshMart Essentials,1,"POLYGON ((2.076 0.57, 2.151 0.57, 2.151 0.68, 2.076 0.68, 2.076 0.57))",2,2100
FreshMart Banksia Grove,Aisle 3 - Canned Goods,Aisle 3,08,Pantry Pride Chickpeas 420g,Product,Pantry Pride,2,"POLYGON ((2.163 0.57, 2.313 0.57, 2.313 0.68, 2.163 0.68, 2.163 0.57))",2,5600
FreshMart Banksia Grove,Aisle 3 - Canned Goods,Aisle 3,08,Pantry Pride Baked Beans 555g,Product,Pantry Pride,2,"POLYGON ((2.325 0.57, 2.485 0.57, 2.485 0.69, 2.325 0.69, 2.325 0.57))",2,5400
FreshMart Banksia Grove,Aisle 3 - Canned Goods,Aisle 3,08,Pantry Pride Diced Tomatoes 400g,Product,Pantry Pride,3,"POLYGON ((2.497 0.57, 2.722 0.57, 2.722 0.68, 2.497 0.68, 2.497 0.57))",2,4400
FreshMart Banksia Grove,Aisle 3 - Canned Goods,Aisle 3,08,Sea Cliff Baked Beans 555g,Product,Sea Cliff,3,"POLYGON ((2.734 0.57, 2.974 0.57, 2.974 0.69, 2.734 0.69, 2.734 0.57))",2,4000
FreshMart Banksia Grove,Aisle 3 - Canned Goods,Aisle 3,08,Sea Cliff Coconut Milk 400ml,Product,Sea Cliff,1,"POLYGON ((2.986 0.57, 3.061 0.57, 3.061 0.68, 2.986 0.68, 2.986 0.57))",2,2700
FreshMart Banksia Grove,Aisle 3 - Canned Goods,Aisle 3,08,Pantry Pride Coconut Milk 400ml,Product,Pantry Pride,1,"POLYGON ((3.073 0.57, 3.148 0.57, 3.148 0.68, 3.073 0.68, 3.073 0.57))",2,2100
FreshMart Banksia Grove,Aisle 3 - Canned Goods,Aisle 3,08,Shelf 2 - Bay 08,Shelf,,,"POLYGON ((1.6 1, 3.2 1, 3.2 1.04, 1.6 1.04, 1.6 1))",1,
FreshMart Banksia Grove,Aisle 3 - Canned Goods,Aisle 3,08,Pantry Pride Chickpeas 420g,Product,Pantry Pride,3,"POLYGON ((1.635 1.04, 1.86 1.04, 1.86 1.15, 1.635 1.15, 1.635 1.04))",2,7200
FreshMart Banksia Grove,Aisle 3 - Canned Goods,Aisle 3,08,FreshMart Essentials Tuna Chunks 185g,Product,FreshMart Essentials,1,"POLYGON ((1.872 1.04, 1.957 1.04, 1.957 1.09, 1.872 1.09, 1.872 1.04))",2,1700
FreshMart Banksia Grove,Aisle 3 - Canned Goods,Aisle 3,08,Pantry Pride Corn Kernels 410g,Product,Pantry Pride,3,"POLYGON ((1.969 1.04, 2.194 1.04, 2.194 1.15, 1.969 1.15, 1.969 1.04))",2,5200
FreshMart Banksia Grove,Aisle 3 - Canned Goods,Aisle 3,08,Sea Cliff Chickpeas 420g,Product,Sea Cliff,1,"POLYGON ((2.206 1.04, 2.281 1.04, 2.281 1.15, 2.206 1.15, 2.206 1.04))",2,1800
FreshMart Banksia Grove,Aisle 3 - Canned Goods,Aisle 3,08,Sea Cliff Diced Tomatoes 400g,Product,Sea Cliff,2,"POLYGON ((2.293 1.04, 2.443 1.04, 2.443 1.15, 2.293 1.15, 2.293 1.04))",2,4600
FreshMart Banksia Grove,Aisle 3 - Canned Goods,Aisle 3,08,Harvest Tin Corn Kernels 410g,Product,Harvest Tin,2,"POLYGON ((2.455 1.04, 2.605 1.04, 2.605 1.15, 2.455 1.15, 2.455 1.04))",2,4500
FreshMart Banksia Grove,Aisle 3 - Canned Goods,Aisle 3,08,Pantry Pride Corn Kernels 410g,Product,Pantry Pride,1,"POLYGON ((2.617 1.04, 2.692 1.04, 2.692 1.15, 2.617 1.15, 2.617 1.04))",2,1500
FreshMart Banksia Grove,Aisle 3 - Canned Goods,Aisle 3,08,Sea Cliff Baked Beans 555g,Product,Sea Cliff,3,"POLYGON ((2.704 1.04, 2.944 1.04, 2.944 1.16, 2.704 1.16, 2.704 1.04))",2,5600
FreshMart Banksia Grove,Aisle 3 - Canned Goods,Aisle 3,08,Sea Cliff Diced Tomatoes 400g,Product,Sea Cliff,1,"POLYGON ((2.956 1.04, 3.031 1.04, 3.031 1.15, 2.956 1.15, 2.956 1.04))",2,1900
FreshMart Banksia Grove,Aisle 3 - Canned Goods,Aisle 3,08,FreshMart Essentials Coconut Milk 400ml,Product,FreshMart Essentials,1,"POLYGON ((3.043 1.04, 3.118 1.04, 3.118 1.15, 3.043 1.15, 3.043 1.04))",2,1800
FreshMart Banksia Grove,Aisle 3 - Canned Goods,Aisle 3,08,Shelf 3 - Bay 08,Shelf,,,"POLYGON ((1.6 1.46, 3.2 1.46, 3.2 1.5, 1.6 1.5, 1.6 1.46))",1,
FreshMart Banksia Grove,Aisle 3 - Canned Goods,Aisle 3,08,Pantry Pride Tuna Chunks 185g,Product,Pantry Pride,3,"POLYGON ((1.635 1.5, 1.89 1.5, 1.89 1.55, 1.635 1.55, 1.635 1.5))",2,8200
FreshMart Banksia Grove,Aisle 3 - Canned Goods,Aisle 3,08,Sea Cliff Coconut Milk 400ml,Product,Sea Cliff,3,"POLYGON ((1.902 1.5, 2.127 1.5, 2.127 1.61, 1.902 1.61, 1.902 1.5))",2,4400
FreshMart Banksia Grove,Aisle 3 - Canned Goods,Aisle 3,08,FreshMart Essentials Diced Tomatoes 400g,Product,FreshMart Essentials,3,"POLYGON ((2.139 1.5, 2.364 1.5, 2.364 1.61, 2.139 1.61, 2.139 1.5))",2,6600
FreshMart Banksia Grove,Aisle 3 - Canned Goods,Aisle 3,08,Harvest Tin Tuna Chunks 185g,Product,Harvest Tin,1,"POLYGON ((2.376 1.5, 2.461 1.5, 2.461 1.55, 2.376 1.55, 2.376 1.5))",2,1500
FreshMart Banksia Grove,Aisle 3 - Canned Goods,Aisle 3,08,Harvest Tin Tuna Chunks 185g,Product,Harvest Tin,3,"POLYGON ((2.473 1.5, 2.728 1.5, 2.728 1.55, 2.473 1.55, 2.473 1.5))",2,4600
FreshMart Banksia Grove,Aisle 3 - Canned Goods,Aisle 3,08,FreshMart Essentials Chickpeas 420g,Product,FreshMart Essentials,3,"POLYGON ((2.74 1.5, 2.965 1.5, 2.965 1.61, 2.74 1.61, 2.74 1.5))",2,8400
FreshMart Banksia Grove,Aisle 3 - Canned Goods,Aisle 3,08,Sea Cliff Coconut Milk 400ml,Product,Sea Cliff,2,"POLYGON ((2.977 1.5, 3.127 1.5, 3.127 1.61, 2.977 1.61, 2.977 1.5))",2,3600
FreshMart Banksia Grove,Aisle 3 - Canned Goods,Aisle 3,08,Shelf 4 - Bay 08,Shelf,,,"POLYGON ((1.6 1.86, 3.2 1.86, 3.2 1.9, 1.6 1.9, 1.6 1.86))",1,
FreshMart Banksia Grove,Aisle 3 - Canned Goods,Aisle 3,08,Harvest Tin Diced Tomatoes 400g,Product,Harvest Tin,3,"POLYGON ((1.635 1.9, 1.86 1.9, 1.86 2.01, 1.635 2.01, 1.635 1.9))",2,4500
FreshMart Banksia Grove,Aisle 3 - Canned Goods,Aisle 3,08,Pantry Pride Corn Kernels 410g,Product,Pantry Pride,1,"POLYGON ((1.872 1.9, 1.947 1.9, 1.947 2.01, 1.872 2.01, 1.872 1.9))",2,2200
FreshMart Banksia Grove,Aisle 3 - Canned Goods,Aisle 3,08,Pantry Pride Tuna Chunks 185g,Product,Pantry Pride,2,"POLYGON ((1.959 1.9, 2.129 1.9, 2.129 1.95, 1.959 1.95, 1.959 1.9))",2,4300
FreshMart Banksia Grove,Aisle 3 - Canned Goods,Aisle 3,08,Sea Cliff Coconut Milk 400ml,Product,Sea Cliff,1,"POLYGON ((2.141 1.9, 2.216 1.9, 2.216 2.01, 2.141 2.01, 2.141 1.9))",2,2500
FreshMart Banksia Grove,Aisle 3 - Canned Goods,Aisle 3,08,Sea Cliff Coconut Milk 400ml,Product,Sea Cliff,3,"POLYGON ((2.228 1.9, 2.453 1.9, 2.453 2.01, 2.228 2.01, 2.228 1.9))",2,4600
FreshMart Banksia Grove,Aisle 3 - Canned Goods,Aisle 3,08,FreshMart Essentials Diced Tomatoes 400g,Product,FreshMart Essentials,2,"POLYGON ((2.465 1.9, 2.615 1.9, 2.615 2.01, 2.465 2.01, 2.465 1.9))",2,4600
FreshMart Banksia Grove,Aisle 3 - Canned Goods,Aisle 3,08,Harvest Tin Coconut Milk 400ml,Product,Harvest Tin,2,"POLYGON ((2.627 1.9, 2.777 1.9, 2.777 2.01, 2.627 2.01, 2.627 1.9))",2,2600
FreshMart Banksia Grove,Aisle 3 - Canned Goods,Aisle 3,08,Harvest Tin Coconut Milk 400ml,Product,Harvest Tin,1,"POLYGON ((2.789 1.9, 2.864 1.9, 2.864 2.01, 2.789 2.01, 2.789 1.9))",2,2700
FreshMart Banksia Grove,Aisle 3 - Canned Goods,Aisle 3,08,Pantry Pride Diced Tomatoes 400g,Product,Pantry Pride,3,"POLYGON ((2.876 1.9, 3.101 1.9, 3.101 2.01, 2.876 2.01, 2.876 1.9))",2,4600
FreshMart Banksia Grove,Aisle 3 - Canned Goods,Aisle 3,09,Base Deck - Bay 09,Base Deck,,,"POLYGON ((3.2 0, 4.8 0, 4.8 0.1, 3.2 0.1, 3.2 0))",1,
FreshMart Banksia Grove,Aisle 3 - Canned Goods,Aisle 3,09,Sea Cliff Coconut Milk 400ml,Product,Sea Cliff,1,"POLYGON ((3.235 0.1, 3.31 0.1, 3.31 0.21, 3.235 0.21, 3.235 0.1))",2,1800
FreshMart Banksia Grove,Aisle 3 - Canned Goods,Aisle 3,09,Harvest Tin Tuna Chunks 185g,Product,Harvest Tin,3,"POLYGON ((3.322 0.1, 3.577 0.1, 3.577 0.15, 3.322 0.15, 3.322 0.1))",2,7400
FreshMart Banksia Grove,Aisle 3 - Canned Goods,Aisle 3,09,Sea Cliff Diced Tomatoes 400g,Product,Sea Cliff,2,"POLYGON ((3.589 0.1, 3.739 0.1, 3.739 0.21, 3.589 0.21, 3.589 0.1))",2,4400
FreshMart Banksia Grove,Aisle 3 - Canned Goods,Aisle 3,09,FreshMart Essentials Corn Kernels 410g,Product,FreshMart Essentials,1,"POLYGON ((3.751 0.1, 3.826 0.1, 3.826 0.21, 3.751 0.21, 3.751 0.1))",2,2100
FreshMart Banksia Grove,Aisle 3 - Canned Goods,Aisle 3,09,FreshMart Essentials Baked Beans 555g,Product,FreshMart Essentials,3,"POLYGON ((3.838 0.1, 4.078 0.1, 4.078 0.22, 3.838 0.22, 3.838 0.1))",2,7200
FreshMart Banksia Grove,Aisle 3 - Canned Goods,Aisle 3,09,Sea Cliff Tuna Chunks 185g,Product,Sea Cliff,3,"POLYGON ((4.09 0.1, 4.345 0.1, 4.345 0.15, 4.09 0.15, 4.09 0.1))",2,6800
FreshMart Banksia Grove,Aisle 3 - Canned Goods,Aisle 3,09,FreshMart Essentials Coconut Milk 400ml,Product,FreshMart Essentials,1,"POLYGON ((4.357 0.1, 4.432 0.1, 4.432 0.21, 4.357 0.21, 4.357 0.1))",2,1900
FreshMart Banksia Grove,Aisle 3 - Canned Goods,Aisle 3,09,Harvest Tin Diced Tomatoes 400g,Product,Harvest Tin,3,"POLYGON ((4.444 0.1, 4.669 0.1, 4.669 0.21, 4.444 0.21, 4.444 0.1))",2,5700
FreshMart Banksia Grove,Aisle 3 - Canned Goods,Aisle 3,09,Sea Cliff Baked Beans 555g,Product,Sea Cliff,1,"POLYGON ((4.681 0.1, 4.761 0.1, 4.761 0.22, 4.681 0.22, 4.681 0.1))",2,1500
FreshMart Banksia Grove,Aisle 3 - Canned Goods,Aisle 3,09,Shelf 1 - Bay 09,Shelf,,,"POLYGON ((3.2 0.53, 4.8 0.53, 4.8 0.57, 3.2 0.57, 3.2 0.53))",1,
FreshMart Banksia Grove,Aisle 3 - Canned Goods,Aisle 3,09,Sea Cliff Coconut Milk 400ml,Product,Sea Cliff,2,"POLYGON ((3.235 0.57, 3.385 0.57, 3.385 0.68, 3.235 0.68, 3.235 0.57))",2,3900
FreshMart Banksia Grove,Aisle 3 - Canned Goods,Aisle 3,09,Pantry Pride Corn Kernels 410g,Product,Pantry Pride,1,"POLYGON ((3.397 0.57, 3.472 0.57, 3.472 0.68, 3.397 0.68, 3.397 0.57))",2,1700
FreshMart Banksia Grove,Aisle 3 - Canned Goods,Aisle 3,09,Pantry Pride Tuna Chunks 185g,Product,Pantry Pride,3,"POLYGON ((3.484 0.57, 3.739 0.57, 3.739 0.62, 3.484 0.62, 3.484 0.57))",2,8300
FreshMart Banksia Grove,Aisle 3 - Canned Goods,Aisle 3,09,Pantry Pride Diced Tomatoes 400g,Product,Pantry Pride,2,"POLYGON ((3.751 0.57, 3.901 0.57, 3.901 0.68, 3.751 0.68, 3.751 0.57))",2,4800
FreshMart Banksia Grove,Aisle 3 - Canned Goods,Aisle 3,09,Harvest Tin Chickpeas 420g,Product,Harvest Tin,3,"POLYGON ((3.913 0.57, 4.138 0.57, 4.138 0.68, 3.913 0.68, 3.913 0.57))",2,4300
FreshMart Banksia Grove,Aisle 3 - Canned Goods,Aisle 3,09,FreshMart Essentials Tuna Chunks 185g,Product,FreshMart Essentials,3,"POLYGON ((4.15 0.57, 4.405 0.57, 4.405 0.62, 4.15 0.62, 4.15 0.57))",2,7900
FreshMart Banksia Grove,Aisle 3 - Canned Goods,Aisle 3,09,Sea Cliff Chickpeas 420g,Product,Sea Cliff,1,"POLYGON ((4.417 0.57, 4.492 0.57, 4.492 0.68, 4.417 0.68, 4.417 0.57))",2,1700
FreshMart Banksia Grove,Aisle 3 - Canned Goods,Aisle 3,09,Harvest Tin Chickpeas 420g,Product,Harvest Tin,2,"POLYGON ((4.504 0.57, 4.654 0.57, 4.654 0.68, 4.504 0.68, 4.504 0.57))",2,4200
FreshMart Banksia Grove,Aisle 3 - Canned Goods,Aisle 3,09,FreshMart Essentials Corn Kernels 410g,Product,FreshMart Essentials,1,"POLYGON ((4.666 0.57, 4.741 0.57, 4.741 0.68, 4.666 0.68, 4.666 0.57))",2,2200
FreshMart Banksia Grove,Aisle 3 - Canned Goods,Aisle 3,09,Shelf 2 - Bay 09,Shelf,,,"POLYGON ((3.2 1, 4.8 1, 4.8 1.04, 3.2 1.04, 3.2 1))",1,
FreshMart Banksia Grove,Aisle 3 - Canned Goods,Aisle 3,09,Harvest Tin Diced Tomatoes 400g,Product,Harvest Tin,2,"POLYGON ((3.235 1.04, 3.385 1.04, 3.385 1.15, 3.235 1.15, 3.235 1.04))",2,5400
FreshMart Banksia Grove,Aisle 3 - Canned Goods,Aisle 3,09,Pantry Pride Corn Kernels 410g,Product,Pantry Pride,2,"POLYGON ((3.397 1.04, 3.547 1.04, 3.547 1.15, 3.397 1.15, 3.397 1.04))",2,2700
FreshMart Banksia Grove,Aisle 3 - Canned Goods,Aisle 3,09,Sea Cliff Corn Kernels 410g,Product,Sea Cliff,1,"POLYGON ((3.559 1.04, 3.634 1.04, 3.634 1.15, 3.559 1.15, 3.559 1.04))",2,2200
FreshMart Banksia Grove,Aisle 3 - Canned Goods,Aisle 3,09,Sea Cliff Corn Kernels 410g,Product,Sea Cliff,2,"POLYGON ((3.646 1.04, 3.796 1.04, 3.796 1.15, 3.646 1.15, 3.646 1.04))",2,5100
FreshMart Banksia Grove,Aisle 3 - Canned Goods,Aisle 3,09,Harvest Tin Corn Kernels 410g,Product,Harvest Tin,1,"POLYGON ((3.808 1.04, 3.883 1.04, 3.883 1.15, 3.808 1.15, 3.808 1.04))",2,1500
FreshMart Banksia Grove,Aisle 3 - Canned Goods,Aisle 3,09,Sea Cliff Chickpeas 420g,Product,Sea Cliff,2,"POLYGON ((3.895 1.04, 4.045 1.04, 4.045 1.15, 3.895 1.15, 3.895 1.04))",2,5600
FreshMart Banksia Grove,Aisle 3 - Canned Goods,Aisle 3,09,Pantry Pride Coconut Milk 400ml,Product,Pantry Pride,3,"POLYGON ((4.057 1.04, 4.282 1.04, 4.282 1.15, 4.057 1.15, 4.057 1.04))",2,5100
FreshMart Banksia Grove,Aisle 3 - Canned Goods,Aisle 3,09,Sea Cliff Coconut Milk 400ml,Product,Sea Cliff,3,"POLYGON ((4.294 1.04, 4.519 1.04, 4.519 1.15, 4.294 1.15, 4.294 1.04))",2,7700
FreshMart Banksia Grove,Aisle 3 - Canned Goods,Aisle 3,09,FreshMart Essentials Coconut Milk 400ml,Product,FreshMart Essentials,3,"POLYGON ((4.531 1.04, 4.756 1.04, 4.756 1.15, 4.531 1.15, 4.531 1.04))",2,4200
FreshMart Banksia Grove,Aisle 3 - Canned Goods,Aisle 3,09,Shelf 3 - Bay 09,Shelf,,,"POLYGON ((3.2 1.46, 4.8 1.46, 4.8 1.5, 3.2 1.5, 3.2 1.46))",1,
FreshMart Banksia Grove,Aisle 3 - Canned Goods,Aisle 3,09,Pantry Pride Baked Beans 555g,Product,Pantry Pride,2,"POLYGON ((3.235 1.5, 3.395 1.5, 3.395 1.62, 3.235 1.62, 3.235 1.5))",2,5400
FreshMart Banksia Grove,Aisle 3 - Canned Goods,Aisle 3,09,Harvest Tin Diced Tomatoes 400g,Product,Harvest Tin,2,"POLYGON ((3.407 1.5, 3.557 1.5, 3.557 1.61, 3.407 1.61, 3.407 1.5))",2,4400
FreshMart Banksia Grove,Aisle 3 - Canned Goods,Aisle 3,09,Pantry Pride Tuna Chunks 185g,Product,Pantry Pride,3,"POLYGON ((3.569 1.5, 3.824 1.5, 3.824 1.55, 3.569 1.55, 3.569 1.5))",2,5600
FreshMart Banksia Grove,Aisle 3 - Canned Goods,Aisle 3,09,Sea Cliff Diced Tomatoes 400g,Product,Sea Cliff,3,"POLYGON ((3.836 1.5, 4.061 1.5, 4.061 1.61, 3.836 1.61, 3.836 1.5))",2,6700
FreshMart Banksia Grove,Aisle 3 - Canned Goods,Aisle 3,09,Sea Cliff Tuna Chunks 185g,Product,Sea Cliff,2,"POLYGON ((4.073 1.5, 4.243 1.5, 4.243 1.55, 4.073 1.55, 4.073 1.5))",2,3000
FreshMart Banksia Grove,Aisle 3 - Canned Goods,Aisle 3,09,Pantry Pride Corn Kernels 410g,Product,Pantry Pride,3,"POLYGON ((4.255 1.5, 4.48 1.5, 4.48 1.61, 4.255 1.61, 4.255 1.5))",2,7400
FreshMart Banksia Grove,Aisle 3 - Canned Goods,Aisle 3,09,FreshMart Essentials Diced Tomatoes 400g,Product,FreshMart Essentials,3,"POLYGON ((4.492 1.5, 4.717 1.5, 4.717 1.61, 4.492 1.61, 4.492 1.5))",2,7200
FreshMart Banksia Grove,Aisle 3 - Canned Goods,Aisle 3,09,Shelf 4 - Bay 09,Shelf,,,"POLYGON ((3.2 1.86, 4.8 1.86, 4.8 1.9, 3.2 1.9, 3.2 1.86))",1,
FreshMart Banksia Grove,Aisle 3 - Canned Goods,Aisle 3,09,Harvest Tin Corn Kernels 410g,Product,Harvest Tin,2,"POLYGON ((3.235 1.9, 3.385 1.9, 3.385 2.01, 3.235 2.01, 3.235 1.9))",2,3200
FreshMart Banksia Grove,Aisle 3 - Canned Goods,Aisle 3,09,Sea Cliff Tuna Chunks 185g,Product,Sea Cliff,3,"POLYGON ((3.397 1.9, 3.652 1.9, 3.652 1.95, 3.397 1.95, 3.397 1.9))",2,4000
FreshMart Banksia Grove,Aisle 3 - Canned Goods,Aisle 3,09,Sea Cliff Corn Kernels 410g,Product,Sea Cliff,2,"POLYGON ((3.664 1.9, 3.814 1.9, 3.814 2.01, 3.664 2.01, 3.664 1.9))",2,2600
FreshMart Banksia Grove,Aisle 3 - Canned Goods,Aisle 3,09,Pantry Pride Diced Tomatoes 400g,Product,Pantry Pride,2,"POLYGON ((3.826 1.9, 3.976 1.9, 3.976 2.01, 3.826 2.01, 3.826 1.9))",2,3600
FreshMart Banksia Grove,Aisle 3 - Canned Goods,Aisle 3,09,Sea Cliff Coconut Milk 400ml,Product,Sea Cliff,2,"POLYGON ((3.988 1.9, 4.138 1.9, 4.138 2.01, 3.988 2.01, 3.988 1.9))",2,4000
FreshMart Banksia Grove,Aisle 3 - Canned Goods,Aisle 3,09,FreshMart Essentials Baked Beans 555g,Product,FreshMart Essentials,1,"POLYGON ((4.15 1.9, 4.23 1.9, 4.23 2.02, 4.15 2.02, 4.15 1.9))",2,1300
FreshMart Banksia Grove,Aisle 3 - Canned Goods,Aisle 3,09,Sea Cliff Diced Tomatoes 400g,Product,Sea Cliff,3,"POLYGON ((4.242 1.9, 4.467 1.9, 4.467 2.01, 4.242 2.01, 4.242 1.9))",2,6200
FreshMart Banksia Grove,Aisle 3 - Canned Goods,Aisle 3,09,Pantry Pride Chickpeas 420g,Product,Pantry Pride,3,"POLYGON ((4.479 1.9, 4.704 1.9, 4.704 2.01, 4.479 2.01, 4.479 1.9))",2,4800
FreshMart Banksia Grove,Aisle 3 - Canned Goods,Aisle 3,10,Base Deck - Bay 10,Base Deck,,,"POLYGON ((4.8 0, 6.4 0, 6.4 0.1, 4.8 0.1, 4.8 0))",1,
FreshMart Banksia Grove,Aisle 3 - Canned Goods,Aisle 3,10,Harvest Tin Baked Beans 555g,Product,Harvest Tin,1,"POLYGON ((4.835 0.1, 4.915 0.1, 4.915 0.22, 4.835 0.22, 4.835 0.1))",2,2100
FreshMart Banksia Grove,Aisle 3 - Canned Goods,Aisle 3,10,FreshMart Essentials Diced Tomatoes 400g,Product,FreshMart Essentials,2,"POLYGON ((4.927 0.1, 5.077 0.1, 5.077 0.21, 4.927 0.21, 4.927 0.1))",2,4900
FreshMart Banksia Grove,Aisle 3 - Canned Goods,Aisle 3,10,FreshMart Essentials Diced Tomatoes 400g,Product,FreshMart Essentials,2,"POLYGON ((5.089 0.1, 5.239 0.1, 5.239 0.21, 5.089 0.21, 5.089 0.1))",2,3200
FreshMart Banksia Grove,Aisle 3 - Canned Goods,Aisle 3,10,Sea Cliff Coconut Milk 400ml,Product,Sea Cliff,1,"POLYGON ((5.251 0.1, 5.326 0.1, 5.326 0.21, 5.251 0.21, 5.251 0.1))",2,2000
FreshMart Banksia Grove,Aisle 3 - Canned Goods,Aisle 3,10,Pantry Pride Corn Kernels 410g,Product,Pantry Pride,3,"POLYGON ((5.338 0.1, 5.563 0.1, 5.563 0.21, 5.338 0.21, 5.338 0.1))",2,6400
FreshMart Banksia Grove,Aisle 3 - Canned Goods,Aisle 3,10,Sea Cliff Diced Tomatoes 400g,Product,Sea Cliff,1,"POLYGON ((5.575 0.1, 5.65 0.1, 5.65 0.21, 5.575 0.21, 5.575 0.1))",2,1400
FreshMart Banksia Grove,Aisle 3 - Canned Goods,Aisle 3,10,Pantry Pride Tuna Chunks 185g,Product,Pantry Pride,3,"POLYGON ((5.662 0.1, 5.917 0.1, 5.917 0.15, 5.662 0.15, 5.662 0.1))",2,6100
FreshMart Banksia Grove,Aisle 3 - Canned Goods,Aisle 3,10,FreshMart Essentials Tuna Chunks 185g,Product,FreshMart Essentials,2,"POLYGON ((5.929 0.1, 6.099 0.1, 6.099 0.15, 5.929 0.15, 5.929 0.1))",2,3400
FreshMart Banksia Grove,Aisle 3 - Canned Goods,Aisle 3,10,Sea Cliff Baked Beans 555g,Product,Sea Cliff,2,"POLYGON ((6.111 0.1, 6.271 0.1, 6.271 0.22, 6.111 0.22, 6.111 0.1))",2,5300
FreshMart Banksia Grove,Aisle 3 - Canned Goods,Aisle 3,10,Sea Cliff Corn Kernels 410g,Product,Sea Cliff,1,"POLYGON ((6.283 0.1, 6.358 0.1, 6.358 0.21, 6.283 0.21, 6.283 0.1))",2,2400
FreshMart Banksia Grove,Aisle 3 - Canned Goods,Aisle 3,10,Shelf 1 - Bay 10,Shelf,,,"POLYGON ((4.8 0.53, 6.4 0.53, 6.4 0.57, 4.8 0.57, 4.8 0.53))",1,
FreshMart Banksia Grove,Aisle 3 - Canned Goods,Aisle 3,10,Sea Cliff Corn Kernels 410g,Product,Sea Cliff,2,"POLYGON ((4.835 0.57, 4.985 0.57, 4.985 0.68, 4.835 0.68, 4.835 0.57))",2,5000
FreshMart Banksia Grove,Aisle 3 - Canned Goods,Aisle 3,10,Harvest Tin Tuna Chunks 185g,Product,Harvest Tin,2,"POLYGON ((4.997 0.57, 5.167 0.57, 5.167 0.62, 4.997 0.62, 4.997 0.57))",2,4700
FreshMart Banksia Grove,Aisle 3 - Canned Goods,Aisle 3,10,Sea Cliff Baked Beans 555g,Product,Sea Cliff,1,"POLYGON ((5.179 0.57, 5.259 0.57, 5.259 0.69, 5.179 0.69, 5.179 0.57))",2,1600
FreshMart Banksia Grove,Aisle 3 - Canned Goods,Aisle 3,10,Harvest Tin Corn Kernels 410g,Product,Harvest Tin,2,"POLYGON ((5.271 0.57, 5.421 0.57, 5.421 0.68, 5.271 0.68, 5.271 0.57))",2,3300
FreshMart Banksia Grove,Aisle 3 - Canned Goods,Aisle 3,10,Pantry Pride Corn Kernels 410g,Product,Pantry Pride,2,"POLYGON ((5.433 0.57, 5.583 0.57, 5.583 0.68, 5.433 0.68, 5.433 0.57))",2,5300
FreshMart Banksia Grove,Aisle 3 - Canned Goods,Aisle 3,10,FreshMart Essentials Coconut Milk 400ml,Product,FreshMart Essentials,2,"POLYGON ((5.595 0.57, 5.745 0.57, 5.745 0.68, 5.595 0.68, 5.595 0.57))",2,3400
FreshMart Banksia Grove,Aisle 3 - Canned Goods,Aisle 3,10,FreshMart Essentials Diced Tomatoes 400g,Product,FreshMart Essentials,1,"POLYGON ((5.757 0.57, 5.832 0.57, 5.832 0.68, 5.757 0.68, 5.757 0.57))",2,1800
FreshMart Banksia Grove,Aisle 3 - Canned Goods,Aisle 3,10,Sea Cliff Diced Tomatoes 400g,Product,Sea Cliff,2,"POLYGON ((5.844 0.57, 5.994 0.57, 5.994 0.68, 5.844 0.68, 5.844 0.57))",2,3100
FreshMart Banksia Grove,Aisle 3 - Canned Goods,Aisle 3,10,FreshMart Essentials Tuna Chunks 185g,Product,FreshMart Essentials,2,"POLYGON ((6.006 0.57, 6.176 0.57, 6.176 0.62, 6.006 0.62, 6.006 0.57))",2,5400
FreshMart Banksia Grove,Aisle 3 - Canned Goods,Aisle 3,10,FreshMart Essentials Chickpeas 420g,Product,FreshMart Essentials,2,"POLYGON ((6.188 0.57, 6.338 0.57, 6.338 0.68, 6.188 0.68, 6.188 0.57))",2,4500
FreshMart Banksia Grove,Aisle 3 - Canned Goods,Aisle 3,10,Shelf 2 - Bay 10,Shelf,,,"POLYGON ((4.8 1, 6.4 1, 6.4 1.04, 4.8 1.04, 4.8 1))",1,
FreshMart Banksia Grove,Aisle 3 - Canned Goods,Aisle 3,10,Pantry Pride Chickpeas 420g,Product,Pantry Pride,1,"POLYGON ((4.835 1.04, 4.91 1.04, 4.91 1.15, 4.835 1.15, 4.835 1.04))",2,1500
FreshMart Banksia Grove,Aisle 3 - Canned Goods,Aisle 3,10,Harvest Tin Corn Kernels 410g,Product,Harvest Tin,3,"POLYGON ((4.922 1.04, 5.147 1.04, 5.147 1.15, 4.922 1.15, 4.922 1.04))",2,6000
FreshMart Banksia Grove,Aisle 3 - Canned Goods,Aisle 3,10,Sea Cliff Chickpeas 420g,Product,Sea Cliff,3,"POLYGON ((5.159 1.04, 5.384 1.04, 5.384 1.15, 5.159 1.15, 5.159 1.04))",2,5200
FreshMart Banksia Grove,Aisle 3 - Canned Goods,Aisle 3,10,Pantry Pride Baked Beans 555g,Product,Pantry Pride,1,"POLYGON ((5.396 1.04, 5.476 1.04, 5.476 1.16, 5.396 1.16, 5.396 1.04))",2,2300
FreshMart Banksia Grove,Aisle 3 - Canned Goods,Aisle 3,10,Sea Cliff Corn Kernels 410g,Product,Sea Cliff,1,"POLYGON ((5.488 1.04, 5.563 1.04, 5.563 1.15, 5.488 1.15, 5.488 1.04))",2,1700
FreshMart Banksia Grove,Aisle 3 - Canned Goods,Aisle 3,10,Harvest Tin Corn Kernels 410g,Product,Harvest Tin,2,"POLYGON ((5.575 1.04, 5.725 1.04, 5.725 1.15, 5.575 1.15, 5.575 1.04))",2,4600
FreshMart Banksia Grove,Aisle 3 - Canned Goods,Aisle 3,10,Harvest Tin Baked Beans 555g,Product,Harvest Tin,1,"POLYGON ((5.737 1.04, 5.817 1.04, 5.817 1.16, 5.737 1.16, 5.737 1.04))",2,2300
FreshMart Banksia Grove,Aisle 3 - Canned Goods,Aisle 3,10,Pantry Pride Tuna Chunks 185g,Product,Pantry Pride,3,"POLYGON ((5.829 1.04, 6.084 1.04, 6.084 1.09, 5.829 1.09, 5.829 1.04))",2,6400
FreshMart Banksia Grove,Aisle 3 - Canned Goods,Aisle 3,10,Sea Cliff Baked Beans 555g,Product,Sea Cliff,1,"POLYGON ((6.096 1.04, 6.176 1.04, 6.176 1.16, 6.096 1.16, 6.096 1.04))",2,2100
FreshMart Banksia Grove,Aisle 3 - Canned Goods,Aisle 3,10,Pantry Pride Chickpeas 420g,Product,Pantry Pride,2,"POLYGON ((6.188 1.04, 6.338 1.04, 6.338 1.15, 6.188 1.15, 6.188 1.04))",2,5200
FreshMart Banksia Grove,Aisle 3 - Canned Goods,Aisle 3,10,Shelf 3 - Bay 10,Shelf,,,"POLYGON ((4.8 1.46, 6.4 1.46, 6.4 1.5, 4.8 1.5, 4.8 1.46))",1,
FreshMart Banksia Grove,Aisle 3 - Canned Goods,Aisle 3,10,FreshMart Essentials Baked Beans 555g,Product,FreshMart Essentials,3,"POLYGON ((4.835 1.5, 5.075 1.5, 5.075 1.62, 4.835 1.62, 4.835 1.5))",2,6100
FreshMart Banksia Grove,Aisle 3 - Canned Goods,Aisle 3,10,FreshMart Essentials Corn Kernels 410g,Product,FreshMart Essentials,2,"POLYGON ((5.087 1.5, 5.237 1.5, 5.237 1.61, 5.087 1.61, 5.087 1.5))",2,5200
FreshMart Banksia Grove,Aisle 3 - Canned Goods,Aisle 3,10,Sea Cliff Corn Kernels 410g,Product,Sea Cliff,3,"POLYGON ((5.249 1.5, 5.474 1.5, 5.474 1.61, 5.249 1.61, 5.249 1.5))",2,4600
FreshMart Banksia Grove,Aisle 3 - Canned Goods,Aisle 3,10,FreshMart Essentials Baked Beans 555g,Product,FreshMart Essentials,1,"POLYGON ((5.486 1.5, 5.566 1.5, 5.566 1.62, 5.486 1.62, 5.486 1.5))",2,2300
FreshMart Banksia Grove,Aisle 3 - Canned Goods,Aisle 3,10,Harvest Tin Tuna Chunks 185g,Product,Harvest Tin,3,"POLYGON ((5.578 1.5, 5.833 1.5, 5.833 1.55, 5.578 1.55, 5.578 1.5))",2,6100
FreshMart Banksia Grove,Aisle 3 - Canned Goods,Aisle 3,10,Pantry Pride Tuna Chunks 185g,Product,Pantry Pride,3,"POLYGON ((5.845 1.5, 6.1 1.5, 6.1 1.55, 5.845 1.55, 5.845 1.5))",2,8200
FreshMart Banksia Grove,Aisle 3 - Canned Goods,Aisle 3,10,FreshMart Essentials Corn Kernels 410g,Product,FreshMart Essentials,3,"POLYGON ((6.112 1.5, 6.337 1.5, 6.337 1.61, 6.112 1.61, 6.112 1.5))",2,6400
FreshMart Banksia Grove,Aisle 3 - Canned Goods,Aisle 3,10,Shelf 4 - Bay 10,Shelf,,,"POLYGON ((4.8 1.86, 6.4 1.86, 6.4 1.9, 4.8 1.9, 4.8 1.86))",1,
FreshMart Banksia Grove,Aisle 3 - Canned Goods,Aisle 3,10,Pantry Pride Diced Tomatoes 400g,Product,Pantry Pride,3,"POLYGON ((4.835 1.9, 5.06 1.9, 5.06 2.01, 4.835 2.01, 4.835 1.9))",2,6200
FreshMart Banksia Grove,Aisle 3 - Canned Goods,Aisle 3,10,Sea Cliff Tuna Chunks 185g,Product,Sea Cliff,3,"POLYGON ((5.072 1.9, 5.327 1.9, 5.327 1.95, 5.072 1.95, 5.072 1.9))",2,4100
FreshMart Banksia Grove,Aisle 3 - Canned Goods,Aisle 3,10,Pantry Pride Coconut Milk 400ml,Product,Pantry Pride,1,"POLYGON ((5.339 1.9, 5.414 1.9, 5.414 2.01, 5.339 2.01, 5.339 1.9))",2,2300
FreshMart Banksia Grove,Aisle 3 - Canned Goods,Aisle 3,10,FreshMart Essentials Tuna Chunks 185g,Product,FreshMart Essentials,1,"POLYGON ((5.426 1.9, 5.511 1.9, 5.511 1.95, 5.426 1.95, 5.426 1.9))",2,2400
FreshMart Banksia Grove,Aisle 3 - Canned Goods,Aisle 3,10,Sea Cliff Diced Tomatoes 400g,Product,Sea Cliff,2,"POLYGON ((5.523 1.9, 5.673 1.9, 5.673 2.01, 5.523 2.01, 5.523 1.9))",2,3600
FreshMart Banksia Grove,Aisle 3 - Canned Goods,Aisle 3,10,Sea Cliff Corn Kernels 410g,Product,Sea Cliff,3,"POLYGON ((5.685 1.9, 5.91 1.9, 5.91 2.01, 5.685 2.01, 5.685 1.9))",2,6700
FreshMart Banksia Grove,Aisle 3 - Canned Goods,Aisle 3,10,Harvest Tin Chickpeas 420g,Product,Harvest Tin,3,"POLYGON ((5.922 1.9, 6.147 1.9, 6.147 2.01, 5.922 2.01, 5.922 1.9))",2,8000
FreshMart Banksia Grove,Aisle 3 - Canned Goods,Aisle 3,10,Harvest Tin Tuna Chunks 185g,Product,Harvest Tin,2,"POLYGON ((6.159 1.9, 6.329 1.9, 6.329 1.95, 6.159 1.95, 6.159 1.9))",2,2800
FreshMart Banksia Grove,Aisle 4 - Home Baking,Aisle 4,01,Bay Frame 01,Rack,,,"POLYGON ((0 0, 1.6 0, 1.6 2.2, 0 2.2, 0 0))",0,
FreshMart Banksia Grove,Aisle 4 - Home Baking,Aisle 4,02,Bay Frame 02,Rack,,,"POLYGON ((1.6 0, 3.2 0, 3.2 2.2, 1.6 2.2, 1.6 0))",0,
FreshMart Banksia Grove,Aisle 4 - Home Baking,Aisle 4,03,Bay Frame 03,Rack,,,"POLYGON ((3.2 0, 4.8 0, 4.8 2.2, 3.2 2.2, 3.2 0))",0,
FreshMart Banksia Grove,Aisle 4 - Home Baking,Aisle 4,,Upright 1,Rack,,,"POLYGON ((0 0, 0.025 0, 0.025 2.2, 0 2.2, 0 0))",0,
FreshMart Banksia Grove,Aisle 4 - Home Baking,Aisle 4,,Upright 2,Rack,,,"POLYGON ((1.575 0, 1.625 0, 1.625 2.2, 1.575 2.2, 1.575 0))",0,
FreshMart Banksia Grove,Aisle 4 - Home Baking,Aisle 4,,Upright 3,Rack,,,"POLYGON ((3.175 0, 3.225 0, 3.225 2.2, 3.175 2.2, 3.175 0))",0,
FreshMart Banksia Grove,Aisle 4 - Home Baking,Aisle 4,,Upright 4,Rack,,,"POLYGON ((4.775 0, 4.8 0, 4.8 2.2, 4.775 2.2, 4.775 0))",0,
FreshMart Banksia Grove,Aisle 4 - Home Baking,Aisle 4,01,Base Deck - Bay 01,Base Deck,,,"POLYGON ((0 0, 1.6 0, 1.6 0.1, 0 0.1, 0 0))",1,
FreshMart Banksia Grove,Aisle 4 - Home Baking,Aisle 4,01,FreshMart Essentials Baking Powder 125g,Product,FreshMart Essentials,3,"POLYGON ((0.035 0.1, 0.215 0.1, 0.215 0.2, 0.035 0.2, 0.035 0.1))",2,6700
FreshMart Banksia Grove,Aisle 4 - Home Baking,Aisle 4,01,FreshMart Essentials Caster Sugar 1kg,Product,FreshMart Essentials,3,"POLYGON ((0.227 0.1, 0.617 0.1, 0.617 0.28, 0.227 0.28, 0.227 0.1))",2,4600
FreshMart Banksia Grove,Aisle 4 - Home Baking,Aisle 4,01,Vanilla Bean Co. Choc Chips 250g,Product,Vanilla Bean Co.,2,"POLYGON ((0.629 0.1, 0.869 0.1, 0.869 0.26, 0.629 0.26, 0.629 0.1))",2,2900
FreshMart Banksia Grove,Aisle 4 - Home Baking,Aisle 4,01,FlourPower Cake Mix Vanilla 440g,Product,FlourPower,1,"POLYGON ((0.881 0.1, 1.031 0.1, 1.031 0.3, 0.881 0.3, 0.881 0.1))",2,2200
FreshMart Banksia Grove,Aisle 4 - Home Baking,Aisle 4,01,Sweet Science Cake Mix Vanilla 440g,Product,Sweet Science,3,"POLYGON ((1.043 0.1, 1.493 0.1, 1.493 0.3, 1.043 0.3, 1.043 0.1))",2,4400
FreshMart Banksia Grove,Aisle 4 - Home Baking,Aisle 4,01,Sweet Science Baking Powder 125g,Product,Sweet Science,1,"POLYGON ((1.505 0.1, 1.565 0.1, 1.565 0.2, 1.505 0.2, 1.505 0.1))",2,1600
FreshMart Banksia Grove,Aisle 4 - Home Baking,Aisle 4,01,Shelf 1 - Bay 01,Shelf,,,"POLYGON ((0 0.53, 1.6 0.53, 1.6 0.57, 0 0.57, 0 0.53))",1,
FreshMart Banksia Grove,Aisle 4 - Home Baking,Aisle 4,01,Sweet Science Plain Flour 1kg,Product,Sweet Science,3,"POLYGON ((0.035 0.57, 0.425 0.57, 0.425 0.75, 0.035 0.75, 0.035 0.57))",2,4100
FreshMart Banksia Grove,Aisle 4 - Home Baking,Aisle 4,01,Vanilla Bean Co. Choc Chips 250g,Product,Vanilla Bean Co.,3,"POLYGON ((0.437 0.57, 0.797 0.57, 0.797 0.73, 0.437 0.73, 0.437 0.57))",2,8200
FreshMart Banksia Grove,Aisle 4 - Home Baking,Aisle 4,01,FlourPower Plain Flour 1kg,Product,FlourPower,1,"POLYGON ((0.809 0.57, 0.939 0.57, 0.939 0.75, 0.809 0.75, 0.809 0.57))",2,2400
FreshMart Banksia Grove,Aisle 4 - Home Baking,Aisle 4,01,FlourPower Caster Sugar 1kg,Product,FlourPower,2,"POLYGON ((0.951 0.57, 1.211 0.57, 1.211 0.75, 0.951 0.75, 0.951 0.57))",2,4100
FreshMart Banksia Grove,Aisle 4 - Home Baking,Aisle 4,01,Sweet Science Plain Flour 1kg,Product,Sweet Science,2,"POLYGON ((1.223 0.57, 1.483 0.57, 1.483 0.75, 1.223 0.75, 1.223 0.57))",2,3300
FreshMart Banksia Grove,Aisle 4 - Home Baking,Aisle 4,01,FlourPower Baking Powder 125g,Product,FlourPower,1,"POLYGON ((1.495 0.57, 1.555 0.57, 1.555 0.67, 1.495 0.67, 1.495 0.57))",2,2000
FreshMart Banksia Grove,Aisle 4 - Home Baking,Aisle 4,01,Shelf 2 - Bay 01,Shelf,,,"POLYGON ((0 1, 1.6 1, 1.6 1.04, 0 1.04, 0 1))",1,
FreshMart Banksia Grove,Aisle 4 - Home Baking,Aisle 4,01,Sweet Science Plain Flour 1kg,Product,Sweet Science,1,"POLYGON ((0.035 1.04, 0.165 1.04, 0.165 1.22, 0.035 1.22, 0.035 1.04))",2,1800
FreshMart Banksia Grove,Aisle 4 - Home Baking,Aisle 4,01,FreshMart Essentials Caster Sugar 1kg,Product,FreshMart Essentials,3,"POLYGON ((0.177 1.04, 0.567 1.04, 0.567 1.22, 0.177 1.22, 0.177 1.04))",2,4500
FreshMart Banksia Grove,Aisle 4 - Home Baking,Aisle 4,01,Vanilla Bean Co. Baking Powder 125g,Product,Vanilla Bean Co.,1,"POLYGON ((0.579 1.04, 0.639 1.04, 0.639 1.14, 0.579 1.14, 0.579 1.04))",2,2200
FreshMart Banksia Grove,Aisle 4 - Home Baking,Aisle 4,01,Sweet Science Baking Powder 125g,Product,Sweet Science,3,"POLYGON ((0.651 1.04, 0.831 1.04, 0.831 1.14, 0.651 1.14, 0.651 1.04))",2,6900
FreshMart Banksia Grove,Aisle 4 - Home Baking,Aisle 4,01,FreshMart Essentials Cake Mix Vanilla 440g,Product,FreshMart Essentials,2,"POLYGON ((0.843 1.04, 1.143 1.04, 1.143 1.24, 0.843 1.24, 0.843 1.04))",2,2900
FreshMart Banksia Grove,Aisle 4 - Home Baking,Aisle 4,01,FreshMart Essentials Baking Powder 125g,Product,FreshMart Essentials,2,"POLYGON ((1.155 1.04, 1.275 1.04, 1.275 1.14, 1.155 1.14, 1.155 1.04))",2,4200
FreshMart Banksia Grove,Aisle 4 - Home Baking,Aisle 4,01,FreshMart Essentials Cake Mix Vanilla 440g,Product,FreshMart Essentials,1,"POLYGON ((1.287 1.04, 1.437 1.04, 1.437 1.24, 1.287 1.24, 1.287 1.04))",2,1600
FreshMart Banksia Grove,Aisle 4 - Home Baking,Aisle 4,01,Vanilla Bean Co. Vanilla Extract 50ml,Product,Vanilla Bean Co.,1,"POLYGON ((1.449 1.04, 1.499 1.04, 1.499 1.15, 1.449 1.15, 1.449 1.04))",2,2100
FreshMart Banksia Grove,Aisle 4 - Home Baking,Aisle 4,01,FreshMart Essentials Vanilla Extract 50ml,Product,FreshMart Essentials,1,"POLYGON ((1.511 1.04, 1.561 1.04, 1.561 1.15, 1.511 1.15, 1.511 1.04))",2,2400
FreshMart Banksia Grove,Aisle 4 - Home Baking,Aisle 4,01,Shelf 3 - Bay 01,Shelf,,,"POLYGON ((0 1.46, 1.6 1.46, 1.6 1.5, 0 1.5, 0 1.46))",1,
FreshMart Banksia Grove,Aisle 4 - Home Baking,Aisle 4,01,Sweet Science Plain Flour 1kg,Product,Sweet Science,2,"POLYGON ((0.035 1.5, 0.295 1.5, 0.295 1.68, 0.035 1.68, 0.035 1.5))",2,3700
FreshMart Banksia Grove,Aisle 4 - Home Baking,Aisle 4,01,FreshMart Essentials Cake Mix Vanilla 440g,Product,FreshMart Essentials,1,"POLYGON ((0.307 1.5, 0.457 1.5, 0.457 1.7, 0.307 1.7, 0.307 1.5))",2,2000
FreshMart Banksia Grove,Aisle 4 - Home Baking,Aisle 4,01,FreshMart Essentials Vanilla Extract 50ml,Product,FreshMart Essentials,2,"POLYGON ((0.469 1.5, 0.569 1.5, 0.569 1.61, 0.469 1.61, 0.469 1.5))",2,4800
FreshMart Banksia Grove,Aisle 4 - Home Baking,Aisle 4,01,FlourPower Caster Sugar 1kg,Product,FlourPower,1,"POLYGON ((0.581 1.5, 0.711 1.5, 0.711 1.68, 0.581 1.68, 0.581 1.5))",2,1400
FreshMart Banksia Grove,Aisle 4 - Home Baking,Aisle 4,01,Vanilla Bean Co. Choc Chips 250g,Product,Vanilla Bean Co.,3,"POLYGON ((0.723 1.5, 1.083 1.5, 1.083 1.66, 0.723 1.66, 0.723 1.5))",2,7200
FreshMart Banksia Grove,Aisle 4 - Home Baking,Aisle 4,01,FreshMart Essentials Baking Powder 125g,Product,FreshMart Essentials,1,"POLYGON ((1.095 1.5, 1.155 1.5, 1.155 1.6, 1.095 1.6, 1.095 1.5))",2,2500
FreshMart Banksia Grove,Aisle 4 - Home Baking,Aisle 4,01,Sweet Science Cake Mix Vanilla 440g,Product,Sweet Science,1,"POLYGON ((1.167 1.5, 1.317 1.5, 1.317 1.7, 1.167 1.7, 1.167 1.5))",2,2200
FreshMart Banksia Grove,Aisle 4 - Home Baking,Aisle 4,01,FreshMart Essentials Caster Sugar 1kg,Product,FreshMart Essentials,1,"POLYGON ((1.329 1.5, 1.459 1.5, 1.459 1.68, 1.329 1.68, 1.329 1.5))",2,1400
FreshMart Banksia Grove,Aisle 4 - Home Baking,Aisle 4,01,FreshMart Essentials Vanilla Extract 50ml,Product,FreshMart Essentials,1,"POLYGON ((1.471 1.5, 1.521 1.5, 1.521 1.61, 1.471 1.61, 1.471 1.5))",2,1700
FreshMart Banksia Grove,Aisle 4 - Home Baking,Aisle 4,01,Shelf 4 - Bay 01,Shelf,,,"POLYGON ((0 1.86, 1.6 1.86, 1.6 1.9, 0 1.9, 0 1.86))",1,
FreshMart Banksia Grove,Aisle 4 - Home Baking,Aisle 4,01,FlourPower Baking Powder 125g,Product,FlourPower,3,"POLYGON ((0.035 1.9, 0.215 1.9, 0.215 2, 0.035 2, 0.035 1.9))",2,5300
FreshMart Banksia Grove,Aisle 4 - Home Baking,Aisle 4,01,Vanilla Bean Co. Baking Powder 125g,Product,Vanilla Bean Co.,2,"POLYGON ((0.227 1.9, 0.347 1.9, 0.347 2, 0.227 2, 0.227 1.9))",2,4700
FreshMart Banksia Grove,Aisle 4 - Home Baking,Aisle 4,01,FreshMart Essentials Choc Chips 250g,Product,FreshMart Essentials,3,"POLYGON ((0.359 1.9, 0.719 1.9, 0.719 2.06, 0.359 2.06, 0.359 1.9))",2,7600
FreshMart Banksia Grove,Aisle 4 - Home Baking,Aisle 4,01,Vanilla Bean Co. Choc Chips 250g,Product,Vanilla Bean Co.,3,"POLYGON ((0.731 1.9, 1.091 1.9, 1.091 2.06, 0.731 2.06, 0.731 1.9))",2,4300
FreshMart Banksia Grove,Aisle 4 - Home Baking,Aisle 4,01,Vanilla Bean Co. Cake Mix Vanilla 440g,Product,Vanilla Bean Co.,3,"POLYGON ((1.103 1.9, 1.553 1.9, 1.553 2.1, 1.103 2.1, 1.103 1.9))",2,6600
FreshMart Banksia Grove,Aisle 4 - Home Baking,Aisle 4,02,Base Deck - Bay 02,Base Deck,,,"POLYGON ((1.6 0, 3.2 0, 3.2 0.1, 1.6 0.1, 1.6 0))",1,
FreshMart Banksia Grove,Aisle 4 - Home Baking,Aisle 4,02,Vanilla Bean Co. Caster Sugar 1kg,Product,Vanilla Bean Co.,1,"POLYGON ((1.635 0.1, 1.765 0.1, 1.765 0.28, 1.635 0.28, 1.635 0.1))",2,2800
FreshMart Banksia Grove,Aisle 4 - Home Baking,Aisle 4,02,FreshMart Essentials Vanilla Extract 50ml,Product,FreshMart Essentials,2,"POLYGON ((1.777 0.1, 1.877 0.1, 1.877 0.21, 1.777 0.21, 1.777 0.1))",2,4300
FreshMart Banksia Grove,Aisle 4 - Home Baking,Aisle 4,02,Sweet Science Cake Mix Vanilla 440g,Product,Sweet Science,3,"POLYGON ((1.889 0.1, 2.339 0.1, 2.339 0.3, 1.889 0.3, 1.889 0.1))",2,7200
FreshMart Banksia Grove,Aisle 4 - Home Baking,Aisle 4,02,Vanilla Bean Co. Caster Sugar 1kg,Product,Vanilla Bean Co.,2,"POLYGON ((2.351 0.1, 2.611 0.1, 2.611 0.28, 2.351 0.28, 2.351 0.1))",2,3300
FreshMart Banksia Grove,Aisle 4 - Home Baking,Aisle 4,02,Vanilla Bean Co. Caster Sugar 1kg,Product,Vanilla Bean Co.,3,"POLYGON ((2.623 0.1, 3.013 0.1, 3.013 0.28, 2.623 0.28, 2.623 0.1))",2,6800
FreshMart Banksia Grove,Aisle 4 - Home Baking,Aisle 4,02,FlourPower Plain Flour 1kg,Product,FlourPower,1,"POLYGON ((3.025 0.1, 3.155 0.1, 3.155 0.28, 3.025 0.28, 3.025 0.1))",2,2200
FreshMart Banksia Grove,Aisle 4 - Home Baking,Aisle 4,02,Shelf 1 - Bay 02,Shelf,,,"POLYGON ((1.6 0.53, 3.2 0.53, 3.2 0.57, 1.6 0.57, 1.6 0.53))",1,
FreshMart Banksia Grove,Aisle 4 - Home Baking,Aisle 4,02,FlourPower Cake Mix Vanilla 440g,Product,FlourPower,3,"POLYGON ((1.635 0.57, 2.085 0.57, 2.085 0.77, 1.635 0.77, 1.635 0.57))",2,8000
FreshMart Banksia Grove,Aisle 4 - Home Baking,Aisle 4,02,FlourPower Cake Mix Vanilla 440g,Product,FlourPower,3,"POLYGON ((2.097 0.57, 2.547 0.57, 2.547 0.77, 2.097 0.77, 2.097 0.57))",2,7400
FreshMart Banksia Grove,Aisle 4 - Home Baking,Aisle 4,02,FreshMart Essentials Baking Powder 125g,Product,FreshMart Essentials,3,"POLYGON ((2.559 0.57, 2.739 0.57, 2.739 0.67, 2.559 0.67, 2.559 0.57))",2,5400
FreshMart Banksia Grove,Aisle 4 - Home Baking,Aisle 4,02,FreshMart Essentials Cake Mix Vanilla 440g,Product,FreshMart Essentials,1,"POLYGON ((2.751 0.57, 2.901 0.57, 2.901 0.77, 2.751 0.77, 2.751 0.57))",2,2200
FreshMart Banksia Grove,Aisle 4 - Home Baking,Aisle 4,02,FlourPower Vanilla Extract 50ml,Product,FlourPower,3,"POLYGON ((2.913 0.57, 3.063 0.57, 3.063 0.68, 2.913 0.68, 2.913 0.57))",2,5000
FreshMart Banksia Grove,Aisle 4 - Home Baking,Aisle 4,02,FlourPower Vanilla Extract 50ml,Product,FlourPower,1,"POLYGON ((3.075 0.57, 3.125 0.57, 3.125 0.68, 3.075 0.68, 3.075 0.57))",2,2500
FreshMart Banksia Grove,Aisle 4 - Home Baking,Aisle 4,02,Shelf 2 - Bay 02,Shelf,,,"POLYGON ((1.6 1, 3.2 1, 3.2 1.04, 1.6 1.04, 1.6 1))",1,
FreshMart Banksia Grove,Aisle 4 - Home Baking,Aisle 4,02,FlourPower Cake Mix Vanilla 440g,Product,FlourPower,2,"POLYGON ((1.635 1.04, 1.935 1.04, 1.935 1.24, 1.635 1.24, 1.635 1.04))",2,5000
FreshMart Banksia Grove,Aisle 4 - Home Baking,Aisle 4,02,Sweet Science Vanilla Extract 50ml,Product,Sweet Science,1,"POLYGON ((1.947 1.04, 1.997 1.04, 1.997 1.15, 1.947 1.15, 1.947 1.04))",2,1400
FreshMart Banksia Grove,Aisle 4 - Home Baking,Aisle 4,02,FreshMart Essentials Baking Powder 125g,Product,FreshMart Essentials,2,"POLYGON ((2.009 1.04, 2.129 1.04, 2.129 1.14, 2.009 1.14, 2.009 1.04))",2,5100
FreshMart Banksia Grove,Aisle 4 - Home Baking,Aisle 4,02,FlourPower Vanilla Extract 50ml,Product,FlourPower,3,"POLYGON ((2.141 1.04, 2.291 1.04, 2.291 1.15, 2.141 1.15, 2.141 1.04))",2,5800
FreshMart Banksia Grove,Aisle 4 - Home Baking,Aisle 4,02,Vanilla Bean Co. Caster Sugar 1kg,Product,Vanilla Bean Co.,1,"POLYGON ((2.303 1.04, 2.433 1.04, 2.433 1.22, 2.303 1.22, 2.303 1.04))",2,1400
FreshMart Banksia Grove,Aisle 4 - Home Baking,Aisle 4,02,FreshMart Essentials Cake Mix Vanilla 440g,Product,FreshMart Essentials,3,"POLYGON ((2.445 1.04, 2.895 1.04, 2.895 1.24, 2.445 1.24, 2.445 1.04))",2,4900
FreshMart Banksia Grove,Aisle 4 - Home Baking,Aisle 4,02,FlourPower Choc Chips 250g,Product,FlourPower,2,"POLYGON ((2.907 1.04, 3.147 1.04, 3.147 1.2, 2.907 1.2, 2.907 1.04))",2,4200
FreshMart Banksia Grove,Aisle 4 - Home Baking,Aisle 4,02,Shelf 3 - Bay 02,Shelf,,,"POLYGON ((1.6 1.46, 3.2 1.46, 3.2 1.5, 1.6 1.5, 1.6 1.46))",1,
FreshMart Banksia Grove,Aisle 4 - Home Baking,Aisle 4,02,Sweet Science Plain Flour 1kg,Product,Sweet Science,2,"POLYGON ((1.635 1.5, 1.895 1.5, 1.895 1.68, 1.635 1.68, 1.635 1.5))",2,3900
FreshMart Banksia Grove,Aisle 4 - Home Baking,Aisle 4,02,Sweet Science Plain Flour 1kg,Product,Sweet Science,1,"POLYGON ((1.907 1.5, 2.037 1.5, 2.037 1.68, 1.907 1.68, 1.907 1.5))",2,2500
FreshMart Banksia Grove,Aisle 4 - Home Baking,Aisle 4,02,Sweet Science Choc Chips 250g,Product,Sweet Science,2,"POLYGON ((2.049 1.5, 2.289 1.5, 2.289 1.66, 2.049 1.66, 2.049 1.5))",2,3600
FreshMart Banksia Grove,Aisle 4 - Home Baking,Aisle 4,02,FlourPower Caster Sugar 1kg,Product,FlourPower,2,"POLYGON ((2.301 1.5, 2.561 1.5, 2.561 1.68, 2.301 1.68, 2.301 1.5))",2,2900
FreshMart Banksia Grove,Aisle 4 - Home Baking,Aisle 4,02,Vanilla Bean Co. Baking Powder 125g,Product,Vanilla Bean Co.,3,"POLYGON ((2.573 1.5, 2.753 1.5, 2.753 1.6, 2.573 1.6, 2.573 1.5))",2,7900
FreshMart Banksia Grove,Aisle 4 - Home Baking,Aisle 4,02,FlourPower Caster Sugar 1kg,Product,FlourPower,1,"POLYGON ((2.765 1.5, 2.895 1.5, 2.895 1.68, 2.765 1.68, 2.765 1.5))",2,2700
FreshMart Banksia Grove,Aisle 4 - Home Baking,Aisle 4,02,FreshMart Essentials Choc Chips 250g,Product,FreshMart Essentials,1,"POLYGON ((2.907 1.5, 3.027 1.5, 3.027 1.66, 2.907 1.66, 2.907 1.5))",2,1900
FreshMart Banksia Grove,Aisle 4 - Home Baking,Aisle 4,02,FreshMart Essentials Baking Powder 125g,Product,FreshMart Essentials,2,"POLYGON ((3.039 1.5, 3.159 1.5, 3.159 1.6, 3.039 1.6, 3.039 1.5))",2,4000
FreshMart Banksia Grove,Aisle 4 - Home Baking,Aisle 4,02,Shelf 4 - Bay 02,Shelf,,,"POLYGON ((1.6 1.86, 3.2 1.86, 3.2 1.9, 1.6 1.9, 1.6 1.86))",1,
FreshMart Banksia Grove,Aisle 4 - Home Baking,Aisle 4,02,FlourPower Caster Sugar 1kg,Product,FlourPower,2,"POLYGON ((1.635 1.9, 1.895 1.9, 1.895 2.08, 1.635 2.08, 1.635 1.9))",2,4300
FreshMart Banksia Grove,Aisle 4 - Home Baking,Aisle 4,02,FlourPower Vanilla Extract 50ml,Product,FlourPower,3,"POLYGON ((1.907 1.9, 2.057 1.9, 2.057 2.01, 1.907 2.01, 1.907 1.9))",2,6200
FreshMart Banksia Grove,Aisle 4 - Home Baking,Aisle 4,02,FreshMart Essentials Vanilla Extract 50ml,Product,FreshMart Essentials,3,"POLYGON ((2.069 1.9, 2.219 1.9, 2.219 2.01, 2.069 2.01, 2.069 1.9))",2,5200
FreshMart Banksia Grove,Aisle 4 - Home Baking,Aisle 4,02,Vanilla Bean Co. Choc Chips 250g,Product,Vanilla Bean Co.,1,"POLYGON ((2.231 1.9, 2.351 1.9, 2.351 2.06, 2.231 2.06, 2.231 1.9))",2,2100
FreshMart Banksia Grove,Aisle 4 - Home Baking,Aisle 4,02,FreshMart Essentials Cake Mix Vanilla 440g,Product,FreshMart Essentials,2,"POLYGON ((2.363 1.9, 2.663 1.9, 2.663 2.1, 2.363 2.1, 2.363 1.9))",2,3300
FreshMart Banksia Grove,Aisle 4 - Home Baking,Aisle 4,02,Vanilla Bean Co. Cake Mix Vanilla 440g,Product,Vanilla Bean Co.,2,"POLYGON ((2.675 1.9, 2.975 1.9, 2.975 2.1, 2.675 2.1, 2.675 1.9))",2,3300
FreshMart Banksia Grove,Aisle 4 - Home Baking,Aisle 4,02,Sweet Science Choc Chips 250g,Product,Sweet Science,1,"POLYGON ((2.987 1.9, 3.107 1.9, 3.107 2.06, 2.987 2.06, 2.987 1.9))",2,1800
FreshMart Banksia Grove,Aisle 4 - Home Baking,Aisle 4,03,Base Deck - Bay 03,Base Deck,,,"POLYGON ((3.2 0, 4.8 0, 4.8 0.1, 3.2 0.1, 3.2 0))",1,
FreshMart Banksia Grove,Aisle 4 - Home Baking,Aisle 4,03,Vanilla Bean Co. Caster Sugar 1kg,Product,Vanilla Bean Co.,3,"POLYGON ((3.235 0.1, 3.625 0.1, 3.625 0.28, 3.235 0.28, 3.235 0.1))",2,5700
FreshMart Banksia Grove,Aisle 4 - Home Baking,Aisle 4,03,Sweet Science Vanilla Extract 50ml,Product,Sweet Science,1,"POLYGON ((3.637 0.1, 3.687 0.1, 3.687 0.21, 3.637 0.21, 3.637 0.1))",2,1600
FreshMart Banksia Grove,Aisle 4 - Home Baking,Aisle 4,03,FreshMart Essentials Cake Mix Vanilla 440g,Product,FreshMart Essentials,3,"POLYGON ((3.699 0.1, 4.149 0.1, 4.149 0.3, 3.699 0.3, 3.699 0.1))",2,8000
FreshMart Banksia Grove,Aisle 4 - Home Baking,Aisle 4,03,Sweet Science Choc Chips 250g,Product,Sweet Science,3,"POLYGON ((4.161 0.1, 4.521 0.1, 4.521 0.26, 4.161 0.26, 4.161 0.1))",2,6600
FreshMart Banksia Grove,Aisle 4 - Home Baking,Aisle 4,03,Vanilla Bean Co. Vanilla Extract 50ml,Product,Vanilla Bean Co.,2,"POLYGON ((4.533 0.1, 4.633 0.1, 4.633 0.21, 4.533 0.21, 4.533 0.1))",2,4000
FreshMart Banksia Grove,Aisle 4 - Home Baking,Aisle 4,03,FlourPower Baking Powder 125g,Product,FlourPower,2,"POLYGON ((4.645 0.1, 4.765 0.1, 4.765 0.2, 4.645 0.2, 4.645 0.1))",2,2600
FreshMart Banksia Grove,Aisle 4 - Home Baking,Aisle 4,03,Shelf 1 - Bay 03,Shelf,,,"POLYGON ((3.2 0.53, 4.8 0.53, 4.8 0.57, 3.2 0.57, 3.2 0.53))",1,
FreshMart Banksia Grove,Aisle 4 - Home Baking,Aisle 4,03,FreshMart Essentials Vanilla Extract 50ml,Product,FreshMart Essentials,2,"POLYGON ((3.235 0.57, 3.335 0.57, 3.335 0.68, 3.235 0.68, 3.235 0.57))",2,3400
FreshMart Banksia Grove,Aisle 4 - Home Baking,Aisle 4,03,FlourPower Choc Chips 250g,Product,FlourPower,1,"POLYGON ((3.347 0.57, 3.467 0.57, 3.467 0.73, 3.347 0.73, 3.347 0.57))",2,1700
FreshMart Banksia Grove,Aisle 4 - Home Baking,Aisle 4,03,FreshMart Essentials Baking Powder 125g,Product,FreshMart Essentials,3,"POLYGON ((3.479 0.57, 3.659 0.57, 3.659 0.67, 3.479 0.67, 3.479 0.57))",2,5000
FreshMart Banksia Grove,Aisle 4 - Home Baking,Aisle 4,03,FreshMart Essentials Baking Powder 125g,Product,FreshMart Essentials,3,"POLYGON ((3.671 0.57, 3.851 0.57, 3.851 0.67, 3.671 0.67, 3.671 0.57))",2,7100
FreshMart Banksia Grove,Aisle 4 - Home Baking,Aisle 4,03,FreshMart Essentials Vanilla Extract 50ml,Product,FreshMart Essentials,3,"POLYGON ((3.863 0.57, 4.013 0.57, 4.013 0.68, 3.863 0.68, 3.863 0.57))",2,6500
FreshMart Banksia Grove,Aisle 4 - Home Baking,Aisle 4,03,Vanilla Bean Co. Baking Powder 125g,Product,Vanilla Bean Co.,1,"POLYGON ((4.025 0.57, 4.085 0.57, 4.085 0.67, 4.025 0.67, 4.025 0.57))",2,2400
FreshMart Banksia Grove,Aisle 4 - Home Baking,Aisle 4,03,FlourPower Choc Chips 250g,Product,FlourPower,2,"POLYGON ((4.097 0.57, 4.337 0.57, 4.337 0.73, 4.097 0.73, 4.097 0.57))",2,4200
FreshMart Banksia Grove,Aisle 4 - Home Baking,Aisle 4,03,FreshMart Essentials Cake Mix Vanilla 440g,Product,FreshMart Essentials,2,"POLYGON ((4.349 0.57, 4.649 0.57, 4.649 0.77, 4.349 0.77, 4.349 0.57))",2,3900
FreshMart Banksia Grove,Aisle 4 - Home Baking,Aisle 4,03,Sweet Science Baking Powder 125g,Product,Sweet Science,1,"POLYGON ((4.661 0.57, 4.721 0.57, 4.721 0.67, 4.661 0.67, 4.661 0.57))",2,2600
FreshMart Banksia Grove,Aisle 4 - Home Baking,Aisle 4,03,Shelf 2 - Bay 03,Shelf,,,"POLYGON ((3.2 1, 4.8 1, 4.8 1.04, 3.2 1.04, 3.2 1))",1,
FreshMart Banksia Grove,Aisle 4 - Home Baking,Aisle 4,03,FreshMart Essentials Choc Chips 250g,Product,FreshMart Essentials,3,"POLYGON ((3.235 1.04, 3.595 1.04, 3.595 1.2, 3.235 1.2, 3.235 1.04))",2,7100
FreshMart Banksia Grove,Aisle 4 - Home Baking,Aisle 4,03,Sweet Science Choc Chips 250g,Product,Sweet Science,2,"POLYGON ((3.607 1.04, 3.847 1.04, 3.847 1.2, 3.607 1.2, 3.607 1.04))",2,3200
FreshMart Banksia Grove,Aisle 4 - Home Baking,Aisle 4,03,FreshMart Essentials Caster Sugar 1kg,Product,FreshMart Essentials,2,"POLYGON ((3.859 1.04, 4.119 1.04, 4.119 1.22, 3.859 1.22, 3.859 1.04))",2,5500
FreshMart Banksia Grove,Aisle 4 - Home Baking,Aisle 4,03,Vanilla Bean Co. Baking Powder 125g,Product,Vanilla Bean Co.,1,"POLYGON ((4.131 1.04, 4.191 1.04, 4.191 1.14, 4.131 1.14, 4.131 1.04))",2,1400
FreshMart Banksia Grove,Aisle 4 - Home Baking,Aisle 4,03,Sweet Science Caster Sugar 1kg,Product,Sweet Science,2,"POLYGON ((4.203 1.04, 4.463 1.04, 4.463 1.22, 4.203 1.22, 4.203 1.04))",2,3800
FreshMart Banksia Grove,Aisle 4 - Home Baking,Aisle 4,03,FlourPower Choc Chips 250g,Product,FlourPower,2,"POLYGON ((4.475 1.04, 4.715 1.04, 4.715 1.2, 4.475 1.2, 4.475 1.04))",2,5000
FreshMart Banksia Grove,Aisle 4 - Home Baking,Aisle 4,03,Shelf 3 - Bay 03,Shelf,,,"POLYGON ((3.2 1.46, 4.8 1.46, 4.8 1.5, 3.2 1.5, 3.2 1.46))",1,
FreshMart Banksia Grove,Aisle 4 - Home Baking,Aisle 4,03,FreshMart Essentials Caster Sugar 1kg,Product,FreshMart Essentials,3,"POLYGON ((3.235 1.5, 3.625 1.5, 3.625 1.68, 3.235 1.68, 3.235 1.5))",2,5700
FreshMart Banksia Grove,Aisle 4 - Home Baking,Aisle 4,03,Sweet Science Choc Chips 250g,Product,Sweet Science,1,"POLYGON ((3.637 1.5, 3.757 1.5, 3.757 1.66, 3.637 1.66, 3.637 1.5))",2,1600
FreshMart Banksia Grove,Aisle 4 - Home Baking,Aisle 4,03,FlourPower Baking Powder 125g,Product,FlourPower,3,"POLYGON ((3.769 1.5, 3.949 1.5, 3.949 1.6, 3.769 1.6, 3.769 1.5))",2,8200
FreshMart Banksia Grove,Aisle 4 - Home Baking,Aisle 4,03,Vanilla Bean Co. Plain Flour 1kg,Product,Vanilla Bean Co.,2,"POLYGON ((3.961 1.5, 4.221 1.5, 4.221 1.68, 3.961 1.68, 3.961 1.5))",2,3500
FreshMart Banksia Grove,Aisle 4 - Home Baking,Aisle 4,03,FreshMart Essentials Vanilla Extract 50ml,Product,FreshMart Essentials,2,"POLYGON ((4.233 1.5, 4.333 1.5, 4.333 1.61, 4.233 1.61, 4.233 1.5))",2,3600
FreshMart Banksia Grove,Aisle 4 - Home Baking,Aisle 4,03,Sweet Science Baking Powder 125g,Product,Sweet Science,1,"POLYGON ((4.345 1.5, 4.405 1.5, 4.405 1.6, 4.345 1.6, 4.345 1.5))",2,1900
FreshMart Banksia Grove,Aisle 4 - Home Baking,Aisle 4,03,FlourPower Caster Sugar 1kg,Product,FlourPower,2,"POLYGON ((4.417 1.5, 4.677 1.5, 4.677 1.68, 4.417 1.68, 4.417 1.5))",2,4000
FreshMart Banksia Grove,Aisle 4 - Home Baking,Aisle 4,03,Vanilla Bean Co. Vanilla Extract 50ml,Product,Vanilla Bean Co.,1,"POLYGON ((4.689 1.5, 4.739 1.5, 4.739 1.61, 4.689 1.61, 4.689 1.5))",2,1500
FreshMart Banksia Grove,Aisle 4 - Home Baking,Aisle 4,03,Shelf 4 - Bay 03,Shelf,,,"POLYGON ((3.2 1.86, 4.8 1.86, 4.8 1.9, 3.2 1.9, 3.2 1.86))",1,
FreshMart Banksia Grove,Aisle 4 - Home Baking,Aisle 4,03,Vanilla Bean Co. Caster Sugar 1kg,Product,Vanilla Bean Co.,1,"POLYGON ((3.235 1.9, 3.365 1.9, 3.365 2.08, 3.235 2.08, 3.235 1.9))",2,2000
FreshMart Banksia Grove,Aisle 4 - Home Baking,Aisle 4,03,Vanilla Bean Co. Caster Sugar 1kg,Product,Vanilla Bean Co.,3,"POLYGON ((3.377 1.9, 3.767 1.9, 3.767 2.08, 3.377 2.08, 3.377 1.9))",2,8300
FreshMart Banksia Grove,Aisle 4 - Home Baking,Aisle 4,03,FlourPower Vanilla Extract 50ml,Product,FlourPower,3,"POLYGON ((3.779 1.9, 3.929 1.9, 3.929 2.01, 3.779 2.01, 3.779 1.9))",2,8100
FreshMart Banksia Grove,Aisle 4 - Home Baking,Aisle 4,03,Vanilla Bean Co. Vanilla Extract 50ml,Product,Vanilla Bean Co.,1,"POLYGON ((3.941 1.9, 3.991 1.9, 3.991 2.01, 3.941 2.01, 3.941 1.9))",2,2000
FreshMart Banksia Grove,Aisle 4 - Home Baking,Aisle 4,03,Sweet Science Choc Chips 250g,Product,Sweet Science,1,"POLYGON ((4.003 1.9, 4.123 1.9, 4.123 2.06, 4.003 2.06, 4.003 1.9))",2,2400
FreshMart Banksia Grove,Aisle 4 - Home Baking,Aisle 4,03,FreshMart Essentials Plain Flour 1kg,Product,FreshMart Essentials,1,"POLYGON ((4.135 1.9, 4.265 1.9, 4.265 2.08, 4.135 2.08, 4.135 1.9))",2,2100
FreshMart Banksia Grove,Aisle 4 - Home Baking,Aisle 4,03,Vanilla Bean Co. Plain Flour 1kg,Product,Vanilla Bean Co.,2,"POLYGON ((4.277 1.9, 4.537 1.9, 4.537 2.08, 4.277 2.08, 4.277 1.9))",2,2700
FreshMart Banksia Grove,Aisle 4 - Home Baking,Aisle 4,03,Vanilla Bean Co. Plain Flour 1kg,Product,Vanilla Bean Co.,1,"POLYGON ((4.549 1.9, 4.679 1.9, 4.679 2.08, 4.549 2.08, 4.549 1.9))",2,2400
FreshMart Banksia Grove,Aisle 4 - Home Baking,Aisle 4,03,Vanilla Bean Co. Baking Powder 125g,Product,Vanilla Bean Co.,1,"POLYGON ((4.691 1.9, 4.751 1.9, 4.751 2, 4.691 2, 4.691 1.9))",2,2600
FreshMart Banksia Grove,Aisle 4 - Laundry & Cleaning,Aisle 4,04,Bay Frame 04,Rack,,,"POLYGON ((0 0, 1.6 0, 1.6 2.2, 0 2.2, 0 0))",0,
FreshMart Banksia Grove,Aisle 4 - Laundry & Cleaning,Aisle 4,05,Bay Frame 05,Rack,,,"POLYGON ((1.6 0, 3.2 0, 3.2 2.2, 1.6 2.2, 1.6 0))",0,
FreshMart Banksia Grove,Aisle 4 - Laundry & Cleaning,Aisle 4,06,Bay Frame 06,Rack,,,"POLYGON ((3.2 0, 4.8 0, 4.8 2.2, 3.2 2.2, 3.2 0))",0,
FreshMart Banksia Grove,Aisle 4 - Laundry & Cleaning,Aisle 4,07,Bay Frame 07,Rack,,,"POLYGON ((4.8 0, 6.4 0, 6.4 2.2, 4.8 2.2, 4.8 0))",0,
FreshMart Banksia Grove,Aisle 4 - Laundry & Cleaning,Aisle 4,,Upright 1,Rack,,,"POLYGON ((0 0, 0.025 0, 0.025 2.2, 0 2.2, 0 0))",0,
FreshMart Banksia Grove,Aisle 4 - Laundry & Cleaning,Aisle 4,,Upright 2,Rack,,,"POLYGON ((1.575 0, 1.625 0, 1.625 2.2, 1.575 2.2, 1.575 0))",0,
FreshMart Banksia Grove,Aisle 4 - Laundry & Cleaning,Aisle 4,,Upright 3,Rack,,,"POLYGON ((3.175 0, 3.225 0, 3.225 2.2, 3.175 2.2, 3.175 0))",0,
FreshMart Banksia Grove,Aisle 4 - Laundry & Cleaning,Aisle 4,,Upright 4,Rack,,,"POLYGON ((4.775 0, 4.825 0, 4.825 2.2, 4.775 2.2, 4.775 0))",0,
FreshMart Banksia Grove,Aisle 4 - Laundry & Cleaning,Aisle 4,,Upright 5,Rack,,,"POLYGON ((6.375 0, 6.4 0, 6.4 2.2, 6.375 2.2, 6.375 0))",0,
FreshMart Banksia Grove,Aisle 4 - Laundry & Cleaning,Aisle 4,04,Base Deck - Bay 04,Base Deck,,,"POLYGON ((0 0, 1.6 0, 1.6 0.1, 0 0.1, 0 0))",1,
FreshMart Banksia Grove,Aisle 4 - Laundry & Cleaning,Aisle 4,04,PowerScrub Surface Spray 750ml,Product,PowerScrub,2,"POLYGON ((0.035 0.1, 0.235 0.1, 0.235 0.37, 0.035 0.37, 0.035 0.1))",2,6500
FreshMart Banksia Grove,Aisle 4 - Laundry & Cleaning,Aisle 4,04,FreshMart Essentials Bleach 1.25L,Product,FreshMart Essentials,2,"POLYGON ((0.247 0.1, 0.447 0.1, 0.447 0.38, 0.247 0.38, 0.247 0.1))",2,6800
FreshMart Banksia Grove,Aisle 4 - Laundry & Cleaning,Aisle 4,04,PowerScrub Surface Spray 750ml,Product,PowerScrub,1,"POLYGON ((0.459 0.1, 0.559 0.1, 0.559 0.37, 0.459 0.37, 0.459 0.1))",2,3400
FreshMart Banksia Grove,Aisle 4 - Laundry & Cleaning,Aisle 4,04,Sparkle Co. Laundry Powder 4kg,Product,Sparkle Co.,1,"POLYGON ((0.571 0.1, 0.821 0.1, 0.821 0.43, 0.571 0.43, 0.571 0.1))",2,2300
FreshMart Banksia Grove,Aisle 4 - Laundry & Cleaning,Aisle 4,04,Sparkle Co. Laundry Powder 4kg,Product,Sparkle Co.,1,"POLYGON ((0.833 0.1, 1.083 0.1, 1.083 0.43, 0.833 0.43, 0.833 0.1))",2,3100
FreshMart Banksia Grove,Aisle 4 - Laundry & Cleaning,Aisle 4,04,Sparkle Co. Laundry Liquid 2L,Product,Sparkle Co.,2,"POLYGON ((1.095 0.1, 1.435 0.1, 1.435 0.4, 1.095 0.4, 1.095 0.1))",2,6000
FreshMart Banksia Grove,Aisle 4 - Laundry & Cleaning,Aisle 4,04,FreshMart Essentials Dish Liquid 900ml,Product,FreshMart Essentials,1,"POLYGON ((1.447 0.1, 1.547 0.1, 1.547 0.36, 1.447 0.36, 1.447 0.1))",2,2400
FreshMart Banksia Grove,Aisle 4 - Laundry & Cleaning,Aisle 4,04,Shelf 1 - Bay 04,Shelf,,,"POLYGON ((0 0.53, 1.6 0.53, 1.6 0.57, 0 0.57, 0 0.53))",1,
FreshMart Banksia Grove,Aisle 4 - Laundry & Cleaning,Aisle 4,04,PowerScrub Laundry Liquid 2L,Product,PowerScrub,2,"POLYGON ((0.035 0.57, 0.375 0.57, 0.375 0.87, 0.035 0.87, 0.035 0.57))",2,5400
FreshMart Banksia Grove,Aisle 4 - Laundry & Cleaning,Aisle 4,04,FreshMart Essentials Surface Spray 750ml,Product,FreshMart Essentials,3,"POLYGON ((0.387 0.57, 0.687 0.57, 0.687 0.84, 0.387 0.84, 0.387 0.57))",2,9000
FreshMart Banksia Grove,Aisle 4 - Laundry & Cleaning,Aisle 4,04,PowerScrub Laundry Liquid 2L,Product,PowerScrub,2,"POLYGON ((0.699 0.57, 1.039 0.57, 1.039 0.87, 0.699 0.87, 0.699 0.57))",2,5600
FreshMart Banksia Grove,Aisle 4 - Laundry & Cleaning,Aisle 4,04,EcoSuds Bleach 1.25L,Product,EcoSuds,3,"POLYGON ((1.051 0.57, 1.351 0.57, 1.351 0.85, 1.051 0.85, 1.051 0.57))",2,9100
FreshMart Banksia Grove,Aisle 4 - Laundry & Cleaning,Aisle 4,04,Sparkle Co. Bleach 1.25L,Product,Sparkle Co.,1,"POLYGON ((1.363 0.57, 1.463 0.57, 1.463 0.85, 1.363 0.85, 1.363 0.57))",2,3500
FreshMart Banksia Grove,Aisle 4 - Laundry & Cleaning,Aisle 4,04,Shelf 2 - Bay 04,Shelf,,,"POLYGON ((0 1, 1.6 1, 1.6 1.04, 0 1.04, 0 1))",1,
FreshMart Banksia Grove,Aisle 4 - Laundry & Cleaning,Aisle 4,04,EcoSuds Bleach 1.25L,Product,EcoSuds,2,"POLYGON ((0.035 1.04, 0.235 1.04, 0.235 1.32, 0.035 1.32, 0.035 1.04))",2,5900
FreshMart Banksia Grove,Aisle 4 - Laundry & Cleaning,Aisle 4,04,PowerScrub Bleach 1.25L,Product,PowerScrub,1,"POLYGON ((0.247 1.04, 0.347 1.04, 0.347 1.32, 0.247 1.32, 0.247 1.04))",2,2900
FreshMart Banksia Grove,Aisle 4 - Laundry & Cleaning,Aisle 4,04,FreshMart Essentials Surface Spray 750ml,Product,FreshMart Essentials,1,"POLYGON ((0.359 1.04, 0.459 1.04, 0.459 1.31, 0.359 1.31, 0.359 1.04))",2,2300
FreshMart Banksia Grove,Aisle 4 - Laundry & Cleaning,Aisle 4,04,Sparkle Co. Surface Spray 750ml,Product,Sparkle Co.,3,"POLYGON ((0.471 1.04, 0.771 1.04, 0.771 1.31, 0.471 1.31, 0.471 1.04))",2,9800
FreshMart Banksia Grove,Aisle 4 - Laundry & Cleaning,Aisle 4,04,FreshMart Essentials Bleach 1.25L,Product,FreshMart Essentials,2,"POLYGON ((0.783 1.04, 0.983 1.04, 0.983 1.32, 0.783 1.32, 0.783 1.04))",2,3700
FreshMart Banksia Grove,Aisle 4 - Laundry & Cleaning,Aisle 4,04,PowerScrub Laundry Liquid 2L,Product,PowerScrub,3,"POLYGON ((0.995 1.04, 1.505 1.04, 1.505 1.34, 0.995 1.34, 0.995 1.04))",2,7500
FreshMart Banksia Grove,Aisle 4 - Laundry & Cleaning,Aisle 4,04,Shelf 3 - Bay 04,Shelf,,,"POLYGON ((0 1.46, 1.6 1.46, 1.6 1.5, 0 1.5, 0 1.46))",1,
FreshMart Banksia Grove,Aisle 4 - Laundry & Cleaning,Aisle 4,04,Sparkle Co. Laundry Liquid 2L,Product,Sparkle Co.,2,"POLYGON ((0.035 1.5, 0.375 1.5, 0.375 1.8, 0.035 1.8, 0.035 1.5))",2,5400
FreshMart Banksia Grove,Aisle 4 - Laundry & Cleaning,Aisle 4,04,Sparkle Co. Laundry Liquid 2L,Product,Sparkle Co.,1,"POLYGON ((0.387 1.5, 0.557 1.5, 0.557 1.8, 0.387 1.8, 0.387 1.5))",2,1900
FreshMart Banksia Grove,Aisle 4 - Laundry & Cleaning,Aisle 4,04,EcoSuds Bleach 1.25L,Product,EcoSuds,3,"POLYGON ((0.569 1.5, 0.869 1.5, 0.869 1.78, 0.569 1.78, 0.569 1.5))",2,10800
FreshMart Banksia Grove,Aisle 4 - Laundry & Cleaning,Aisle 4,04,FreshMart Essentials Laundry Powder 4kg,Product,FreshMart Essentials,2,"POLYGON ((0.881 1.5, 1.381 1.5, 1.381 1.83, 0.881 1.83, 0.881 1.5))",2,5400
FreshMart Banksia Grove,Aisle 4 - Laundry & Cleaning,Aisle 4,04,EcoSuds Bleach 1.25L,Product,EcoSuds,1,"POLYGON ((1.393 1.5, 1.493 1.5, 1.493 1.78, 1.393 1.78, 1.393 1.5))",2,2000
FreshMart Banksia Grove,Aisle 4 - Laundry & Cleaning,Aisle 4,04,Shelf 4 - Bay 04,Shelf,,,"POLYGON ((0 1.86, 1.6 1.86, 1.6 1.9, 0 1.9, 0 1.86))",1,
FreshMart Banksia Grove,Aisle 4 - Laundry & Cleaning,Aisle 4,04,EcoSuds Dish Liquid 900ml,Product,EcoSuds,2,"POLYGON ((0.035 1.9, 0.235 1.9, 0.235 2.16, 0.035 2.16, 0.035 1.9))",2,3800
FreshMart Banksia Grove,Aisle 4 - Laundry & Cleaning,Aisle 4,04,PowerScrub Dish Liquid 900ml,Product,PowerScrub,3,"POLYGON ((0.247 1.9, 0.547 1.9, 0.547 2.16, 0.247 2.16, 0.247 1.9))",2,7800
FreshMart Banksia Grove,Aisle 4 - Laundry & Cleaning,Aisle 4,04,EcoSuds Sponges 6pk,Product,EcoSuds,1,"POLYGON ((0.559 1.9, 0.699 1.9, 0.699 2.08, 0.559 2.08, 0.559 1.9))",2,1900
FreshMart Banksia Grove,Aisle 4 - Laundry & Cleaning,Aisle 4,04,Sparkle Co. Dish Liquid 900ml,Product,Sparkle Co.,1,"POLYGON ((0.711 1.9, 0.811 1.9, 0.811 2.16, 0.711 2.16, 0.711 1.9))",2,3600
FreshMart Banksia Grove,Aisle 4 - Laundry & Cleaning,Aisle 4,04,Sparkle Co. Surface Spray 750ml,Product,Sparkle Co.,3,"POLYGON ((0.823 1.9, 1.123 1.9, 1.123 2.17, 0.823 2.17, 0.823 1.9))",2,9800
FreshMart Banksia Grove,Aisle 4 - Laundry & Cleaning,Aisle 4,04,Sparkle Co. Surface Spray 750ml,Product,Sparkle Co.,1,"POLYGON ((1.135 1.9, 1.235 1.9, 1.235 2.17, 1.135 2.17, 1.135 1.9))",2,3400
FreshMart Banksia Grove,Aisle 4 - Laundry & Cleaning,Aisle 4,04,PowerScrub Sponges 6pk,Product,PowerScrub,1,"POLYGON ((1.247 1.9, 1.387 1.9, 1.387 2.08, 1.247 2.08, 1.247 1.9))",2,2900
FreshMart Banksia Grove,Aisle 4 - Laundry & Cleaning,Aisle 4,04,Sparkle Co. Dish Liquid 900ml,Product,Sparkle Co.,1,"POLYGON ((1.399 1.9, 1.499 1.9, 1.499 2.16, 1.399 2.16, 1.399 1.9))",2,2900
FreshMart Banksia Grove,Aisle 4 - Laundry & Cleaning,Aisle 4,05,Base Deck - Bay 05,Base Deck,,,"POLYGON ((1.6 0, 3.2 0, 3.2 0.1, 1.6 0.1, 1.6 0))",1,
FreshMart Banksia Grove,Aisle 4 - Laundry & Cleaning,Aisle 4,05,Sparkle Co. Laundry Liquid 2L,Product,Sparkle Co.,2,"POLYGON ((1.635 0.1, 1.975 0.1, 1.975 0.4, 1.635 0.4, 1.635 0.1))",2,5100
FreshMart Banksia Grove,Aisle 4 - Laundry & Cleaning,Aisle 4,05,EcoSuds Laundry Powder 4kg,Product,EcoSuds,1,"POLYGON ((1.987 0.1, 2.237 0.1, 2.237 0.43, 1.987 0.43, 1.987 0.1))",2,2000
FreshMart Banksia Grove,Aisle 4 - Laundry & Cleaning,Aisle 4,05,Sparkle Co. Laundry Liquid 2L,Product,Sparkle Co.,1,"POLYGON ((2.249 0.1, 2.419 0.1, 2.419 0.4, 2.249 0.4, 2.249 0.1))",2,2400
FreshMart Banksia Grove,Aisle 4 - Laundry & Cleaning,Aisle 4,05,EcoSuds Laundry Liquid 2L,Product,EcoSuds,1,"POLYGON ((2.431 0.1, 2.601 0.1, 2.601 0.4, 2.431 0.4, 2.431 0.1))",2,2800
FreshMart Banksia Grove,Aisle 4 - Laundry & Cleaning,Aisle 4,05,FreshMart Essentials Bleach 1.25L,Product,FreshMart Essentials,1,"POLYGON ((2.613 0.1, 2.713 0.1, 2.713 0.38, 2.613 0.38, 2.613 0.1))",2,2300
FreshMart Banksia Grove,Aisle 4 - Laundry & Cleaning,Aisle 4,05,FreshMart Essentials Sponges 6pk,Product,FreshMart Essentials,1,"POLYGON ((2.725 0.1, 2.865 0.1, 2.865 0.28, 2.725 0.28, 2.725 0.1))",2,3300
FreshMart Banksia Grove,Aisle 4 - Laundry & Cleaning,Aisle 4,05,FreshMart Essentials Surface Spray 750ml,Product,FreshMart Essentials,1,"POLYGON ((2.877 0.1, 2.977 0.1, 2.977 0.37, 2.877 0.37, 2.877 0.1))",2,2000
FreshMart Banksia Grove,Aisle 4 - Laundry & Cleaning,Aisle 4,05,EcoSuds Dish Liquid 900ml,Product,EcoSuds,1,"POLYGON ((2.989 0.1, 3.089 0.1, 3.089 0.36, 2.989 0.36, 2.989 0.1))",2,1800
FreshMart Banksia Grove,Aisle 4 - Laundry & Cleaning,Aisle 4,05,Shelf 1 - Bay 05,Shelf,,,"POLYGON ((1.6 0.53, 3.2 0.53, 3.2 0.57, 1.6 0.57, 1.6 0.53))",1,
FreshMart Banksia Grove,Aisle 4 - Laundry & Cleaning,Aisle 4,05,EcoSuds Sponges 6pk,Product,EcoSuds,1,"POLYGON ((1.635 0.57, 1.775 0.57, 1.775 0.75, 1.635 0.75, 1.635 0.57))",2,2700
FreshMart Banksia Grove,Aisle 4 - Laundry & Cleaning,Aisle 4,05,FreshMart Essentials Surface Spray 750ml,Product,FreshMart Essentials,3,"POLYGON ((1.787 0.57, 2.087 0.57, 2.087 0.84, 1.787 0.84, 1.787 0.57))",2,5800
FreshMart Banksia Grove,Aisle 4 - Laundry & Cleaning,Aisle 4,05,FreshMart Essentials Laundry Powder 4kg,Product,FreshMart Essentials,1,"POLYGON ((2.099 0.57, 2.349 0.57, 2.349 0.9, 2.099 0.9, 2.099 0.57))",2,2300
FreshMart Banksia Grove,Aisle 4 - Laundry & Cleaning,Aisle 4,05,Sparkle Co. Laundry Powder 4kg,Product,Sparkle Co.,3,"POLYGON ((2.361 0.57, 3.111 0.57, 3.111 0.9, 2.361 0.9, 2.361 0.57))",2,8200
FreshMart Banksia Grove,Aisle 4 - Laundry & Cleaning,Aisle 4,05,Shelf 2 - Bay 05,Shelf,,,"POLYGON ((1.6 1, 3.2 1, 3.2 1.04, 1.6 1.04, 1.6 1))",1,
FreshMart Banksia Grove,Aisle 4 - Laundry & Cleaning,Aisle 4,05,Sparkle Co. Surface Spray 750ml,Product,Sparkle Co.,3,"POLYGON ((1.635 1.04, 1.935 1.04, 1.935 1.31, 1.635 1.31, 1.635 1.04))",2,7600
FreshMart Banksia Grove,Aisle 4 - Laundry & Cleaning,Aisle 4,05,EcoSuds Surface Spray 750ml,Product,EcoSuds,1,"POLYGON ((1.947 1.04, 2.047 1.04, 2.047 1.31, 1.947 1.31, 1.947 1.04))",2,2000
FreshMart Banksia Grove,Aisle 4 - Laundry & Cleaning,Aisle 4,05,PowerScrub Sponges 6pk,Product,PowerScrub,3,"POLYGON ((2.059 1.04, 2.479 1.04, 2.479 1.22, 2.059 1.22, 2.059 1.04))",2,5800
FreshMart Banksia Grove,Aisle 4 - Laundry & Cleaning,Aisle 4,05,PowerScrub Surface Spray 750ml,Product,PowerScrub,3,"POLYGON ((2.491 1.04, 2.791 1.04, 2.791 1.31, 2.491 1.31, 2.491 1.04))",2,5900
FreshMart Banksia Grove,Aisle 4 - Laundry & Cleaning,Aisle 4,05,FreshMart Essentials Sponges 6pk,Product,FreshMart Essentials,1,"POLYGON ((2.803 1.04, 2.943 1.04, 2.943 1.22, 2.803 1.22, 2.803 1.04))",2,2400
FreshMart Banksia Grove,Aisle 4 - Laundry & Cleaning,Aisle 4,05,EcoSuds Sponges 6pk,Product,EcoSuds,1,"POLYGON ((2.955 1.04, 3.095 1.04, 3.095 1.22, 2.955 1.22, 2.955 1.04))",2,1800
FreshMart Banksia Grove,Aisle 4 - Laundry & Cleaning,Aisle 4,05,Shelf 3 - Bay 05,Shelf,,,"POLYGON ((1.6 1.46, 3.2 1.46, 3.2 1.5, 1.6 1.5, 1.6 1.46))",1,
FreshMart Banksia Grove,Aisle 4 - Laundry & Cleaning,Aisle 4,05,EcoSuds Laundry Powder 4kg,Product,EcoSuds,3,"POLYGON ((1.635 1.5, 2.385 1.5, 2.385 1.83, 1.635 1.83, 1.635 1.5))",2,6400
FreshMart Banksia Grove,Aisle 4 - Laundry & Cleaning,Aisle 4,05,Sparkle Co. Laundry Liquid 2L,Product,Sparkle Co.,2,"POLYGON ((2.397 1.5, 2.737 1.5, 2.737 1.8, 2.397 1.8, 2.397 1.5))",2,5900
FreshMart Banksia Grove,Aisle 4 - Laundry & Cleaning,Aisle 4,05,EcoSuds Sponges 6pk,Product,EcoSuds,2,"POLYGON ((2.749 1.5, 3.029 1.5, 3.029 1.68, 2.749 1.68, 2.749 1.5))",2,4500
FreshMart Banksia Grove,Aisle 4 - Laundry & Cleaning,Aisle 4,05,EcoSuds Surface Spray 750ml,Product,EcoSuds,1,"POLYGON ((3.041 1.5, 3.141 1.5, 3.141 1.77, 3.041 1.77, 3.041 1.5))",2,1700
FreshMart Banksia Grove,Aisle 4 - Laundry & Cleaning,Aisle 4,05,Shelf 4 - Bay 05,Shelf,,,"POLYGON ((1.6 1.86, 3.2 1.86, 3.2 1.9, 1.6 1.9, 1.6 1.86))",1,
FreshMart Banksia Grove,Aisle 4 - Laundry & Cleaning,Aisle 4,05,PowerScrub Surface Spray 750ml,Product,PowerScrub,2,"POLYGON ((1.635 1.9, 1.835 1.9, 1.835 2.17, 1.635 2.17, 1.635 1.9))",2,4000
FreshMart Banksia Grove,Aisle 4 - Laundry & Cleaning,Aisle 4,05,Sparkle Co. Surface Spray 750ml,Product,Sparkle Co.,1,"POLYGON ((1.847 1.9, 1.947 1.9, 1.947 2.17, 1.847 2.17, 1.847 1.9))",2,3000
FreshMart Banksia Grove,Aisle 4 - Laundry & Cleaning,Aisle 4,05,FreshMart Essentials Sponges 6pk,Product,FreshMart Essentials,2,"POLYGON ((1.959 1.9, 2.239 1.9, 2.239 2.08, 1.959 2.08, 1.959 1.9))",2,6900
FreshMart Banksia Grove,Aisle 4 - Laundry & Cleaning,Aisle 4,05,Sparkle Co. Surface Spray 750ml,Product,Sparkle Co.,3,"POLYGON ((2.251 1.9, 2.551 1.9, 2.551 2.17, 2.251 2.17, 2.251 1.9))",2,7600
FreshMart Banksia Grove,Aisle 4 - Laundry & Cleaning,Aisle 4,05,PowerScrub Sponges 6pk,Product,PowerScrub,3,"POLYGON ((2.563 1.9, 2.983 1.9, 2.983 2.08, 2.563 2.08, 2.563 1.9))",2,8000
FreshMart Banksia Grove,Aisle 4 - Laundry & Cleaning,Aisle 4,05,PowerScrub Surface Spray 750ml,Product,PowerScrub,1,"POLYGON ((2.995 1.9, 3.095 1.9, 3.095 2.17, 2.995 2.17, 2.995 1.9))",2,3200
FreshMart Banksia Grove,Aisle 4 - Laundry & Cleaning,Aisle 4,06,Base Deck - Bay 06,Base Deck,,,"POLYGON ((3.2 0, 4.8 0, 4.8 0.1, 3.2 0.1, 3.2 0))",1,
FreshMart Banksia Grove,Aisle 4 - Laundry & Cleaning,Aisle 4,06,Sparkle Co. Laundry Liquid 2L,Product,Sparkle Co.,2,"POLYGON ((3.235 0.1, 3.575 0.1, 3.575 0.4, 3.235 0.4, 3.235 0.1))",2,5900
FreshMart Banksia Grove,Aisle 4 - Laundry & Cleaning,Aisle 4,06,Sparkle Co. Bleach 1.25L,Product,Sparkle Co.,1,"POLYGON ((3.587 0.1, 3.687 0.1, 3.687 0.38, 3.587 0.38, 3.587 0.1))",2,2200
FreshMart Banksia Grove,Aisle 4 - Laundry & Cleaning,Aisle 4,06,FreshMart Essentials Bleach 1.25L,Product,FreshMart Essentials,3,"POLYGON ((3.699 0.1, 3.999 0.1, 3.999 0.38, 3.699 0.38, 3.699 0.1))",2,5100
FreshMart Banksia Grove,Aisle 4 - Laundry & Cleaning,Aisle 4,06,Sparkle Co. Dish Liquid 900ml,Product,Sparkle Co.,1,"POLYGON ((4.011 0.1, 4.111 0.1, 4.111 0.36, 4.011 0.36, 4.011 0.1))",2,3100
FreshMart Banksia Grove,Aisle 4 - Laundry & Cleaning,Aisle 4,06,Sparkle Co. Sponges 6pk,Product,Sparkle Co.,1,"POLYGON ((4.123 0.1, 4.263 0.1, 4.263 0.28, 4.123 0.28, 4.123 0.1))",2,3100
FreshMart Banksia Grove,Aisle 4 - Laundry & Cleaning,Aisle 4,06,Sparkle Co. Bleach 1.25L,Product,Sparkle Co.,1,"POLYGON ((4.275 0.1, 4.375 0.1, 4.375 0.38, 4.275 0.38, 4.275 0.1))",2,3500
FreshMart Banksia Grove,Aisle 4 - Laundry & Cleaning,Aisle 4,06,Sparkle Co. Laundry Powder 4kg,Product,Sparkle Co.,1,"POLYGON ((4.387 0.1, 4.637 0.1, 4.637 0.43, 4.387 0.43, 4.387 0.1))",2,2500
FreshMart Banksia Grove,Aisle 4 - Laundry & Cleaning,Aisle 4,06,FreshMart Essentials Dish Liquid 900ml,Product,FreshMart Essentials,1,"POLYGON ((4.649 0.1, 4.749 0.1, 4.749 0.36, 4.649 0.36, 4.649 0.1))",2,2600
FreshMart Banksia Grove,Aisle 4 - Laundry & Cleaning,Aisle 4,06,Shelf 1 - Bay 06,Shelf,,,"POLYGON ((3.2 0.53, 4.8 0.53, 4.8 0.57, 3.2 0.57, 3.2 0.53))",1,
FreshMart Banksia Grove,Aisle 4 - Laundry & Cleaning,Aisle 4,06,EcoSuds Dish Liquid 900ml,Product,EcoSuds,3,"POLYGON ((3.235 0.57, 3.535 0.57, 3.535 0.83, 3.235 0.83, 3.235 0.57))",2,10700
FreshMart Banksia Grove,Aisle 4 - Laundry & Cleaning,Aisle 4,06,PowerScrub Bleach 1.25L,Product,PowerScrub,3,"POLYGON ((3.547 0.57, 3.847 0.57, 3.847 0.85, 3.547 0.85, 3.547 0.57))",2,9000
FreshMart Banksia Grove,Aisle 4 - Laundry & Cleaning,Aisle 4,06,FreshMart Essentials Laundry Liquid 2L,Product,FreshMart Essentials,2,"POLYGON ((3.859 0.57, 4.199 0.57, 4.199 0.87, 3.859 0.87, 3.859 0.57))",2,6500
FreshMart Banksia Grove,Aisle 4 - Laundry & Cleaning,Aisle 4,06,EcoSuds Laundry Powder 4kg,Product,EcoSuds,2,"POLYGON ((4.211 0.57, 4.711 0.57, 4.711 0.9, 4.211 0.9, 4.211 0.57))",2,6100
FreshMart Banksia Grove,Aisle 4 - Laundry & Cleaning,Aisle 4,06,Shelf 2 - Bay 06,Shelf,,,"POLYGON ((3.2 1, 4.8 1, 4.8 1.04, 3.2 1.04, 3.2 1))",1,
FreshMart Banksia Grove,Aisle 4 - Laundry & Cleaning,Aisle 4,06,EcoSuds Surface Spray 750ml,Product,EcoSuds,1,"POLYGON ((3.235 1.04, 3.335 1.04, 3.335 1.31, 3.235 1.31, 3.235 1.04))",2,2000
FreshMart Banksia Grove,Aisle 4 - Laundry & Cleaning,Aisle 4,06,FreshMart Essentials Bleach 1.25L,Product,FreshMart Essentials,1,"POLYGON ((3.347 1.04, 3.447 1.04, 3.447 1.32, 3.347 1.32, 3.347 1.04))",2,2400
FreshMart Banksia Grove,Aisle 4 - Laundry & Cleaning,Aisle 4,06,FreshMart Essentials Sponges 6pk,Product,FreshMart Essentials,3,"POLYGON ((3.459 1.04, 3.879 1.04, 3.879 1.22, 3.459 1.22, 3.459 1.04))",2,7600
FreshMart Banksia Grove,Aisle 4 - Laundry & Cleaning,Aisle 4,06,EcoSuds Laundry Powder 4kg,Product,EcoSuds,2,"POLYGON ((3.891 1.04, 4.391 1.04, 4.391 1.37, 3.891 1.37, 3.891 1.04))",2,4900
FreshMart Banksia Grove,Aisle 4 - Laundry & Cleaning,Aisle 4,06,PowerScrub Surface Spray 750ml,Product,PowerScrub,1,"POLYGON ((4.403 1.04, 4.503 1.04, 4.503 1.31, 4.403 1.31, 4.403 1.04))",2,1800
FreshMart Banksia Grove,Aisle 4 - Laundry & Cleaning,Aisle 4,06,FreshMart Essentials Sponges 6pk,Product,FreshMart Essentials,1,"POLYGON ((4.515 1.04, 4.655 1.04, 4.655 1.22, 4.515 1.22, 4.515 1.04))",2,1900
FreshMart Banksia Grove,Aisle 4 - Laundry & Cleaning,Aisle 4,06,Shelf 3 - Bay 06,Shelf,,,"POLYGON ((3.2 1.46, 4.8 1.46, 4.8 1.5, 3.2 1.5, 3.2 1.46))",1,
FreshMart Banksia Grove,Aisle 4 - Laundry & Cleaning,Aisle 4,06,Sparkle Co. Bleach 1.25L,Product,Sparkle Co.,3,"POLYGON ((3.235 1.5, 3.535 1.5, 3.535 1.78, 3.235 1.78, 3.235 1.5))",2,6100
FreshMart Banksia Grove,Aisle 4 - Laundry & Cleaning,Aisle 4,06,PowerScrub Bleach 1.25L,Product,PowerScrub,1,"POLYGON ((3.547 1.5, 3.647 1.5, 3.647 1.78, 3.547 1.78, 3.547 1.5))",2,2200
FreshMart Banksia Grove,Aisle 4 - Laundry & Cleaning,Aisle 4,06,EcoSuds Laundry Powder 4kg,Product,EcoSuds,3,"POLYGON ((3.659 1.5, 4.409 1.5, 4.409 1.83, 3.659 1.83, 3.659 1.5))",2,5700
FreshMart Banksia Grove,Aisle 4 - Laundry & Cleaning,Aisle 4,06,FreshMart Essentials Dish Liquid 900ml,Product,FreshMart Essentials,2,"POLYGON ((4.421 1.5, 4.621 1.5, 4.621 1.76, 4.421 1.76, 4.421 1.5))",2,6900
FreshMart Banksia Grove,Aisle 4 - Laundry & Cleaning,Aisle 4,06,EcoSuds Surface Spray 750ml,Product,EcoSuds,1,"POLYGON ((4.633 1.5, 4.733 1.5, 4.733 1.77, 4.633 1.77, 4.633 1.5))",2,2400
FreshMart Banksia Grove,Aisle 4 - Laundry & Cleaning,Aisle 4,06,Shelf 4 - Bay 06,Shelf,,,"POLYGON ((3.2 1.86, 4.8 1.86, 4.8 1.9, 3.2 1.9, 3.2 1.86))",1,
FreshMart Banksia Grove,Aisle 4 - Laundry & Cleaning,Aisle 4,06,Sparkle Co. Surface Spray 750ml,Product,Sparkle Co.,2,"POLYGON ((3.235 1.9, 3.435 1.9, 3.435 2.17, 3.235 2.17, 3.235 1.9))",2,5200
FreshMart Banksia Grove,Aisle 4 - Laundry & Cleaning,Aisle 4,06,FreshMart Essentials Surface Spray 750ml,Product,FreshMart Essentials,2,"POLYGON ((3.447 1.9, 3.647 1.9, 3.647 2.17, 3.447 2.17, 3.447 1.9))",2,4300
FreshMart Banksia Grove,Aisle 4 - Laundry & Cleaning,Aisle 4,06,Sparkle Co. Sponges 6pk,Product,Sparkle Co.,1,"POLYGON ((3.659 1.9, 3.799 1.9, 3.799 2.08, 3.659 2.08, 3.659 1.9))",2,3200
FreshMart Banksia Grove,Aisle 4 - Laundry & Cleaning,Aisle 4,06,EcoSuds Surface Spray 750ml,Product,EcoSuds,2,"POLYGON ((3.811 1.9, 4.011 1.9, 4.011 2.17, 3.811 2.17, 3.811 1.9))",2,6700
FreshMart Banksia Grove,Aisle 4 - Laundry & Cleaning,Aisle 4,06,FreshMart Essentials Sponges 6pk,Product,FreshMart Essentials,1,"POLYGON ((4.023 1.9, 4.163 1.9, 4.163 2.08, 4.023 2.08, 4.023 1.9))",2,2700
FreshMart Banksia Grove,Aisle 4 - Laundry & Cleaning,Aisle 4,06,PowerScrub Surface Spray 750ml,Product,PowerScrub,3,"POLYGON ((4.175 1.9, 4.475 1.9, 4.475 2.17, 4.175 2.17, 4.175 1.9))",2,7600
FreshMart Banksia Grove,Aisle 4 - Laundry & Cleaning,Aisle 4,06,EcoSuds Surface Spray 750ml,Product,EcoSuds,1,"POLYGON ((4.487 1.9, 4.587 1.9, 4.587 2.17, 4.487 2.17, 4.487 1.9))",2,3200
FreshMart Banksia Grove,Aisle 4 - Laundry & Cleaning,Aisle 4,06,EcoSuds Dish Liquid 900ml,Product,EcoSuds,1,"POLYGON ((4.599 1.9, 4.699 1.9, 4.699 2.16, 4.599 2.16, 4.599 1.9))",2,2100
FreshMart Banksia Grove,Aisle 4 - Laundry & Cleaning,Aisle 4,07,Base Deck - Bay 07,Base Deck,,,"POLYGON ((4.8 0, 6.4 0, 6.4 0.1, 4.8 0.1, 4.8 0))",1,
FreshMart Banksia Grove,Aisle 4 - Laundry & Cleaning,Aisle 4,07,FreshMart Essentials Laundry Liquid 2L,Product,FreshMart Essentials,3,"POLYGON ((4.835 0.1, 5.345 0.1, 5.345 0.4, 4.835 0.4, 4.835 0.1))",2,9400
FreshMart Banksia Grove,Aisle 4 - Laundry & Cleaning,Aisle 4,07,PowerScrub Surface Spray 750ml,Product,PowerScrub,2,"POLYGON ((5.357 0.1, 5.557 0.1, 5.557 0.37, 5.357 0.37, 5.357 0.1))",2,3500
FreshMart Banksia Grove,Aisle 4 - Laundry & Cleaning,Aisle 4,07,EcoSuds Bleach 1.25L,Product,EcoSuds,3,"POLYGON ((5.569 0.1, 5.869 0.1, 5.869 0.38, 5.569 0.38, 5.569 0.1))",2,7100
FreshMart Banksia Grove,Aisle 4 - Laundry & Cleaning,Aisle 4,07,EcoSuds Bleach 1.25L,Product,EcoSuds,3,"POLYGON ((5.881 0.1, 6.181 0.1, 6.181 0.38, 5.881 0.38, 5.881 0.1))",2,7300
FreshMart Banksia Grove,Aisle 4 - Laundry & Cleaning,Aisle 4,07,Sparkle Co. Dish Liquid 900ml,Product,Sparkle Co.,1,"POLYGON ((6.193 0.1, 6.293 0.1, 6.293 0.36, 6.193 0.36, 6.193 0.1))",2,3400
FreshMart Banksia Grove,Aisle 4 - Laundry & Cleaning,Aisle 4,07,Shelf 1 - Bay 07,Shelf,,,"POLYGON ((4.8 0.53, 6.4 0.53, 6.4 0.57, 4.8 0.57, 4.8 0.53))",1,
FreshMart Banksia Grove,Aisle 4 - Laundry & Cleaning,Aisle 4,07,EcoSuds Laundry Liquid 2L,Product,EcoSuds,1,"POLYGON ((4.835 0.57, 5.005 0.57, 5.005 0.87, 4.835 0.87, 4.835 0.57))",2,2900
FreshMart Banksia Grove,Aisle 4 - Laundry & Cleaning,Aisle 4,07,PowerScrub Bleach 1.25L,Product,PowerScrub,1,"POLYGON ((5.017 0.57, 5.117 0.57, 5.117 0.85, 5.017 0.85, 5.017 0.57))",2,2500
FreshMart Banksia Grove,Aisle 4 - Laundry & Cleaning,Aisle 4,07,Sparkle Co. Sponges 6pk,Product,Sparkle Co.,1,"POLYGON ((5.129 0.57, 5.269 0.57, 5.269 0.75, 5.129 0.75, 5.129 0.57))",2,3400
FreshMart Banksia Grove,Aisle 4 - Laundry & Cleaning,Aisle 4,07,FreshMart Essentials Laundry Liquid 2L,Product,FreshMart Essentials,2,"POLYGON ((5.281 0.57, 5.621 0.57, 5.621 0.87, 5.281 0.87, 5.281 0.57))",2,5300
FreshMart Banksia Grove,Aisle 4 - Laundry & Cleaning,Aisle 4,07,EcoSuds Surface Spray 750ml,Product,EcoSuds,2,"POLYGON ((5.633 0.57, 5.833 0.57, 5.833 0.84, 5.633 0.84, 5.633 0.57))",2,3400
FreshMart Banksia Grove,Aisle 4 - Laundry & Cleaning,Aisle 4,07,Sparkle Co. Sponges 6pk,Product,Sparkle Co.,3,"POLYGON ((5.845 0.57, 6.265 0.57, 6.265 0.75, 5.845 0.75, 5.845 0.57))",2,7700
FreshMart Banksia Grove,Aisle 4 - Laundry & Cleaning,Aisle 4,07,Shelf 2 - Bay 07,Shelf,,,"POLYGON ((4.8 1, 6.4 1, 6.4 1.04, 4.8 1.04, 4.8 1))",1,
FreshMart Banksia Grove,Aisle 4 - Laundry & Cleaning,Aisle 4,07,PowerScrub Laundry Liquid 2L,Product,PowerScrub,1,"POLYGON ((4.835 1.04, 5.005 1.04, 5.005 1.34, 4.835 1.34, 4.835 1.04))",2,2600
FreshMart Banksia Grove,Aisle 4 - Laundry & Cleaning,Aisle 4,07,FreshMart Essentials Laundry Liquid 2L,Product,FreshMart Essentials,2,"POLYGON ((5.017 1.04, 5.357 1.04, 5.357 1.34, 5.017 1.34, 5.017 1.04))",2,3600
FreshMart Banksia Grove,Aisle 4 - Laundry & Cleaning,Aisle 4,07,PowerScrub Surface Spray 750ml,Product,PowerScrub,1,"POLYGON ((5.369 1.04, 5.469 1.04, 5.469 1.31, 5.369 1.31, 5.369 1.04))",2,2800
FreshMart Banksia Grove,Aisle 4 - Laundry & Cleaning,Aisle 4,07,Sparkle Co. Sponges 6pk,Product,Sparkle Co.,3,"POLYGON ((5.481 1.04, 5.901 1.04, 5.901 1.22, 5.481 1.22, 5.481 1.04))",2,8300
FreshMart Banksia Grove,Aisle 4 - Laundry & Cleaning,Aisle 4,07,FreshMart Essentials Sponges 6pk,Product,FreshMart Essentials,1,"POLYGON ((5.913 1.04, 6.053 1.04, 6.053 1.22, 5.913 1.22, 5.913 1.04))",2,2500
FreshMart Banksia Grove,Aisle 4 - Laundry & Cleaning,Aisle 4,07,EcoSuds Surface Spray 750ml,Product,EcoSuds,1,"POLYGON ((6.065 1.04, 6.165 1.04, 6.165 1.31, 6.065 1.31, 6.065 1.04))",2,2600
FreshMart Banksia Grove,Aisle 4 - Laundry & Cleaning,Aisle 4,07,PowerScrub Dish Liquid 900ml,Product,PowerScrub,1,"POLYGON ((6.177 1.04, 6.277 1.04, 6.277 1.3, 6.177 1.3, 6.177 1.04))",2,3100
FreshMart Banksia Grove,Aisle 4 - Laundry & Cleaning,Aisle 4,07,Shelf 3 - Bay 07,Shelf,,,"POLYGON ((4.8 1.46, 6.4 1.46, 6.4 1.5, 4.8 1.5, 4.8 1.46))",1,
FreshMart Banksia Grove,Aisle 4 - Laundry & Cleaning,Aisle 4,07,EcoSuds Laundry Powder 4kg,Product,EcoSuds,3,"POLYGON ((4.835 1.5, 5.585 1.5, 5.585 1.83, 4.835 1.83, 4.835 1.5))",2,9900
FreshMart Banksia Grove,Aisle 4 - Laundry & Cleaning,Aisle 4,07,Sparkle Co. Laundry Powder 4kg,Product,Sparkle Co.,1,"POLYGON ((5.597 1.5, 5.847 1.5, 5.847 1.83, 5.597 1.83, 5.597 1.5))",2,3300
FreshMart Banksia Grove,Aisle 4 - Laundry & Cleaning,Aisle 4,07,PowerScrub Bleach 1.25L,Product,PowerScrub,1,"POLYGON ((5.859 1.5, 5.959 1.5, 5.959 1.78, 5.859 1.78, 5.859 1.5))",2,1900
FreshMart Banksia Grove,Aisle 4 - Laundry & Cleaning,Aisle 4,07,Sparkle Co. Bleach 1.25L,Product,Sparkle Co.,3,"POLYGON ((5.971 1.5, 6.271 1.5, 6.271 1.78, 5.971 1.78, 5.971 1.5))",2,7700
FreshMart Banksia Grove,Aisle 4 - Laundry & Cleaning,Aisle 4,07,Shelf 4 - Bay 07,Shelf,,,"POLYGON ((4.8 1.86, 6.4 1.86, 6.4 1.9, 4.8 1.9, 4.8 1.86))",1,
FreshMart Banksia Grove,Aisle 4 - Laundry & Cleaning,Aisle 4,07,PowerScrub Sponges 6pk,Product,PowerScrub,3,"POLYGON ((4.835 1.9, 5.255 1.9, 5.255 2.08, 4.835 2.08, 4.835 1.9))",2,9200
FreshMart Banksia Grove,Aisle 4 - Laundry & Cleaning,Aisle 4,07,Sparkle Co. Dish Liquid 900ml,Product,Sparkle Co.,3,"POLYGON ((5.267 1.9, 5.567 1.9, 5.567 2.16, 5.267 2.16, 5.267 1.9))",2,9700
FreshMart Banksia Grove,Aisle 4 - Laundry & Cleaning,Aisle 4,07,PowerScrub Dish Liquid 900ml,Product,PowerScrub,2,"POLYGON ((5.579 1.9, 5.779 1.9, 5.779 2.16, 5.579 2.16, 5.579 1.9))",2,7100
FreshMart Banksia Grove,Aisle 4 - Laundry & Cleaning,Aisle 4,07,PowerScrub Dish Liquid 900ml,Product,PowerScrub,2,"POLYGON ((5.791 1.9, 5.991 1.9, 5.991 2.16, 5.791 2.16, 5.791 1.9))",2,4800
FreshMart Banksia Grove,Aisle 4 - Laundry & Cleaning,Aisle 4,07,EcoSuds Surface Spray 750ml,Product,EcoSuds,2,"POLYGON ((6.003 1.9, 6.203 1.9, 6.203 2.17, 6.003 2.17, 6.003 1.9))",2,4100
FreshMart Banksia Grove,Aisle 4 - Laundry & Cleaning,Aisle 4,07,Sparkle Co. Sponges 6pk,Product,Sparkle Co.,1,"POLYGON ((6.215 1.9, 6.355 1.9, 6.355 2.08, 6.215 2.08, 6.215 1.9))",2,2500
FreshMart Banksia Grove,Aisle 4 - Paper Goods,Aisle 4,08,Bay Frame 08,Rack,,,"POLYGON ((0 0, 1.6 0, 1.6 2.2, 0 2.2, 0 0))",0,
FreshMart Banksia Grove,Aisle 4 - Paper Goods,Aisle 4,09,Bay Frame 09,Rack,,,"POLYGON ((1.6 0, 3.2 0, 3.2 2.2, 1.6 2.2, 1.6 0))",0,
FreshMart Banksia Grove,Aisle 4 - Paper Goods,Aisle 4,10,Bay Frame 10,Rack,,,"POLYGON ((3.2 0, 4.8 0, 4.8 2.2, 3.2 2.2, 3.2 0))",0,
FreshMart Banksia Grove,Aisle 4 - Paper Goods,Aisle 4,,Upright 1,Rack,,,"POLYGON ((0 0, 0.025 0, 0.025 2.2, 0 2.2, 0 0))",0,
FreshMart Banksia Grove,Aisle 4 - Paper Goods,Aisle 4,,Upright 2,Rack,,,"POLYGON ((1.575 0, 1.625 0, 1.625 2.2, 1.575 2.2, 1.575 0))",0,
FreshMart Banksia Grove,Aisle 4 - Paper Goods,Aisle 4,,Upright 3,Rack,,,"POLYGON ((3.175 0, 3.225 0, 3.225 2.2, 3.175 2.2, 3.175 0))",0,
FreshMart Banksia Grove,Aisle 4 - Paper Goods,Aisle 4,,Upright 4,Rack,,,"POLYGON ((4.775 0, 4.8 0, 4.8 2.2, 4.775 2.2, 4.775 0))",0,
FreshMart Banksia Grove,Aisle 4 - Paper Goods,Aisle 4,08,Base Deck - Bay 08,Base Deck,,,"POLYGON ((0 0, 1.6 0, 1.6 0.1, 0 0.1, 0 0))",1,
FreshMart Banksia Grove,Aisle 4 - Paper Goods,Aisle 4,08,PineFresh Napkins 100pk,Product,PineFresh,1,"POLYGON ((0.035 0.1, 0.205 0.1, 0.205 0.27, 0.035 0.27, 0.035 0.1))",2,2400
FreshMart Banksia Grove,Aisle 4 - Paper Goods,Aisle 4,08,FreshMart Essentials Paper Towel 4pk,Product,FreshMart Essentials,3,"POLYGON ((0.217 0.1, 1.117 0.1, 1.117 0.38, 0.217 0.38, 0.217 0.1))",2,9500
FreshMart Banksia Grove,Aisle 4 - Paper Goods,Aisle 4,08,FreshMart Essentials Tissues 224pk,Product,FreshMart Essentials,1,"POLYGON ((1.129 0.1, 1.359 0.1, 1.359 0.22, 1.129 0.22, 1.129 0.1))",2,2100
FreshMart Banksia Grove,Aisle 4 - Paper Goods,Aisle 4,08,FreshMart Essentials Napkins 100pk,Product,FreshMart Essentials,1,"POLYGON ((1.371 0.1, 1.541 0.1, 1.541 0.27, 1.371 0.27, 1.371 0.1))",2,2100
FreshMart Banksia Grove,Aisle 4 - Paper Goods,Aisle 4,08,Shelf 1 - Bay 08,Shelf,,,"POLYGON ((0 0.53, 1.6 0.53, 1.6 0.57, 0 0.57, 0 0.53))",1,
FreshMart Banksia Grove,Aisle 4 - Paper Goods,Aisle 4,08,SoftCloud Foil 30m,Product,SoftCloud,1,"POLYGON ((0.035 0.57, 0.345 0.57, 0.345 0.62, 0.035 0.62, 0.035 0.57))",2,1900
FreshMart Banksia Grove,Aisle 4 - Paper Goods,Aisle 4,08,FreshMart Essentials Baking Paper 20m,Product,FreshMart Essentials,2,"POLYGON ((0.357 0.57, 0.977 0.57, 0.977 0.62, 0.357 0.62, 0.357 0.57))",2,4200
FreshMart Banksia Grove,Aisle 4 - Paper Goods,Aisle 4,08,FreshMart Essentials Foil 30m,Product,FreshMart Essentials,1,"POLYGON ((0.989 0.57, 1.299 0.57, 1.299 0.62, 0.989 0.62, 0.989 0.57))",2,3100
FreshMart Banksia Grove,Aisle 4 - Paper Goods,Aisle 4,08,FreshMart Essentials Tissues 224pk,Product,FreshMart Essentials,1,"POLYGON ((1.311 0.57, 1.541 0.57, 1.541 0.69, 1.311 0.69, 1.311 0.57))",2,3100
FreshMart Banksia Grove,Aisle 4 - Paper Goods,Aisle 4,08,Shelf 2 - Bay 08,Shelf,,,"POLYGON ((0 1, 1.6 1, 1.6 1.04, 0 1.04, 0 1))",1,
FreshMart Banksia Grove,Aisle 4 - Paper Goods,Aisle 4,08,SoftCloud Baking Paper 20m,Product,SoftCloud,3,"POLYGON ((0.035 1.04, 0.965 1.04, 0.965 1.09, 0.035 1.09, 0.035 1.04))",2,9500
FreshMart Banksia Grove,Aisle 4 - Paper Goods,Aisle 4,08,FreshMart Essentials Napkins 100pk,Product,FreshMart Essentials,1,"POLYGON ((0.977 1.04, 1.147 1.04, 1.147 1.21, 0.977 1.21, 0.977 1.04))",2,2800
FreshMart Banksia Grove,Aisle 4 - Paper Goods,Aisle 4,08,PineFresh Foil 30m,Product,PineFresh,1,"POLYGON ((1.159 1.04, 1.469 1.04, 1.469 1.09, 1.159 1.09, 1.159 1.04))",2,2300
FreshMart Banksia Grove,Aisle 4 - Paper Goods,Aisle 4,08,Shelf 3 - Bay 08,Shelf,,,"POLYGON ((0 1.46, 1.6 1.46, 1.6 1.5, 0 1.5, 0 1.46))",1,
FreshMart Banksia Grove,Aisle 4 - Paper Goods,Aisle 4,08,PineFresh Napkins 100pk,Product,PineFresh,3,"POLYGON ((0.035 1.5, 0.545 1.5, 0.545 1.67, 0.035 1.67, 0.035 1.5))",2,9800
FreshMart Banksia Grove,Aisle 4 - Paper Goods,Aisle 4,08,PineFresh Napkins 100pk,Product,PineFresh,3,"POLYGON ((0.557 1.5, 1.067 1.5, 1.067 1.67, 0.557 1.67, 0.557 1.5))",2,5900
FreshMart Banksia Grove,Aisle 4 - Paper Goods,Aisle 4,08,SoftCloud Paper Towel 4pk,Product,SoftCloud,1,"POLYGON ((1.079 1.5, 1.379 1.5, 1.379 1.78, 1.079 1.78, 1.079 1.5))",2,2700
FreshMart Banksia Grove,Aisle 4 - Paper Goods,Aisle 4,08,SoftCloud Napkins 100pk,Product,SoftCloud,1,"POLYGON ((1.391 1.5, 1.561 1.5, 1.561 1.67, 1.391 1.67, 1.391 1.5))",2,3200
FreshMart Banksia Grove,Aisle 4 - Paper Goods,Aisle 4,08,Shelf 4 - Bay 08,Shelf,,,"POLYGON ((0 1.86, 1.6 1.86, 1.6 1.9, 0 1.9, 0 1.86))",1,
FreshMart Banksia Grove,Aisle 4 - Paper Goods,Aisle 4,08,PineFresh Tissues 224pk,Product,PineFresh,2,"POLYGON ((0.035 1.9, 0.495 1.9, 0.495 2.02, 0.035 2.02, 0.035 1.9))",2,5600
FreshMart Banksia Grove,Aisle 4 - Paper Goods,Aisle 4,08,SoftCloud Tissues 224pk,Product,SoftCloud,1,"POLYGON ((0.507 1.9, 0.737 1.9, 0.737 2.02, 0.507 2.02, 0.507 1.9))",2,2200
FreshMart Banksia Grove,Aisle 4 - Paper Goods,Aisle 4,08,SoftCloud Napkins 100pk,Product,SoftCloud,2,"POLYGON ((0.749 1.9, 1.089 1.9, 1.089 2.07, 0.749 2.07, 0.749 1.9))",2,4900
FreshMart Banksia Grove,Aisle 4 - Paper Goods,Aisle 4,08,FreshMart Essentials Tissues 224pk,Product,FreshMart Essentials,1,"POLYGON ((1.101 1.9, 1.331 1.9, 1.331 2.02, 1.101 2.02, 1.101 1.9))",2,2300
FreshMart Banksia Grove,Aisle 4 - Paper Goods,Aisle 4,08,SoftCloud Napkins 100pk,Product,SoftCloud,1,"POLYGON ((1.343 1.9, 1.513 1.9, 1.513 2.07, 1.343 2.07, 1.343 1.9))",2,1600
FreshMart Banksia Grove,Aisle 4 - Paper Goods,Aisle 4,09,Base Deck - Bay 09,Base Deck,,,"POLYGON ((1.6 0, 3.2 0, 3.2 0.1, 1.6 0.1, 1.6 0))",1,
FreshMart Banksia Grove,Aisle 4 - Paper Goods,Aisle 4,09,SoftCloud Baking Paper 20m,Product,SoftCloud,1,"POLYGON ((1.635 0.1, 1.945 0.1, 1.945 0.15, 1.635 0.15, 1.635 0.1))",2,3300
FreshMart Banksia Grove,Aisle 4 - Paper Goods,Aisle 4,09,FreshMart Essentials Tissues 224pk,Product,FreshMart Essentials,1,"POLYGON ((1.957 0.1, 2.187 0.1, 2.187 0.22, 1.957 0.22, 1.957 0.1))",2,3300
FreshMart Banksia Grove,Aisle 4 - Paper Goods,Aisle 4,09,SoftCloud Baking Paper 20m,Product,SoftCloud,2,"POLYGON ((2.199 0.1, 2.819 0.1, 2.819 0.15, 2.199 0.15, 2.199 0.1))",2,5500
FreshMart Banksia Grove,Aisle 4 - Paper Goods,Aisle 4,09,PineFresh Foil 30m,Product,PineFresh,1,"POLYGON ((2.831 0.1, 3.141 0.1, 3.141 0.15, 2.831 0.15, 2.831 0.1))",2,3100
FreshMart Banksia Grove,Aisle 4 - Paper Goods,Aisle 4,09,Shelf 1 - Bay 09,Shelf,,,"POLYGON ((1.6 0.53, 3.2 0.53, 3.2 0.57, 1.6 0.57, 1.6 0.53))",1,
FreshMart Banksia Grove,Aisle 4 - Paper Goods,Aisle 4,09,PineFresh Toilet Tissue 12pk,Product,PineFresh,2,"POLYGON ((1.635 0.57, 2.395 0.57, 2.395 0.97, 1.635 0.97, 1.635 0.57))",2,5100
FreshMart Banksia Grove,Aisle 4 - Paper Goods,Aisle 4,09,PineFresh Paper Towel 4pk,Product,PineFresh,1,"POLYGON ((2.407 0.57, 2.707 0.57, 2.707 0.85, 2.407 0.85, 2.407 0.57))",2,2800
FreshMart Banksia Grove,Aisle 4 - Paper Goods,Aisle 4,09,PineFresh Baking Paper 20m,Product,PineFresh,1,"POLYGON ((2.719 0.57, 3.029 0.57, 3.029 0.62, 2.719 0.62, 2.719 0.57))",2,1600
FreshMart Banksia Grove,Aisle 4 - Paper Goods,Aisle 4,09,Shelf 2 - Bay 09,Shelf,,,"POLYGON ((1.6 1, 3.2 1, 3.2 1.04, 1.6 1.04, 1.6 1))",1,
FreshMart Banksia Grove,Aisle 4 - Paper Goods,Aisle 4,09,PineFresh Napkins 100pk,Product,PineFresh,1,"POLYGON ((1.635 1.04, 1.805 1.04, 1.805 1.21, 1.635 1.21, 1.635 1.04))",2,2100
FreshMart Banksia Grove,Aisle 4 - Paper Goods,Aisle 4,09,PineFresh Baking Paper 20m,Product,PineFresh,1,"POLYGON ((1.817 1.04, 2.127 1.04, 2.127 1.09, 1.817 1.09, 1.817 1.04))",2,3200
FreshMart Banksia Grove,Aisle 4 - Paper Goods,Aisle 4,09,PineFresh Tissues 224pk,Product,PineFresh,3,"POLYGON ((2.139 1.04, 2.829 1.04, 2.829 1.16, 2.139 1.16, 2.139 1.04))",2,9600
FreshMart Banksia Grove,Aisle 4 - Paper Goods,Aisle 4,09,SoftCloud Baking Paper 20m,Product,SoftCloud,1,"POLYGON ((2.841 1.04, 3.151 1.04, 3.151 1.09, 2.841 1.09, 2.841 1.04))",2,1700
FreshMart Banksia Grove,Aisle 4 - Paper Goods,Aisle 4,09,Shelf 3 - Bay 09,Shelf,,,"POLYGON ((1.6 1.46, 3.2 1.46, 3.2 1.5, 1.6 1.5, 1.6 1.46))",1,
FreshMart Banksia Grove,Aisle 4 - Paper Goods,Aisle 4,09,SoftCloud Paper Towel 4pk,Product,SoftCloud,2,"POLYGON ((1.635 1.5, 2.235 1.5, 2.235 1.78, 1.635 1.78, 1.635 1.5))",2,3700
FreshMart Banksia Grove,Aisle 4 - Paper Goods,Aisle 4,09,FreshMart Essentials Paper Towel 4pk,Product,FreshMart Essentials,1,"POLYGON ((2.247 1.5, 2.547 1.5, 2.547 1.78, 2.247 1.78, 2.247 1.5))",2,3400
FreshMart Banksia Grove,Aisle 4 - Paper Goods,Aisle 4,09,PineFresh Foil 30m,Product,PineFresh,1,"POLYGON ((2.559 1.5, 2.869 1.5, 2.869 1.55, 2.559 1.55, 2.559 1.5))",2,2100
FreshMart Banksia Grove,Aisle 4 - Paper Goods,Aisle 4,09,SoftCloud Napkins 100pk,Product,SoftCloud,1,"POLYGON ((2.881 1.5, 3.051 1.5, 3.051 1.67, 2.881 1.67, 2.881 1.5))",2,3200
FreshMart Banksia Grove,Aisle 4 - Paper Goods,Aisle 4,09,Shelf 4 - Bay 09,Shelf,,,"POLYGON ((1.6 1.86, 3.2 1.86, 3.2 1.9, 1.6 1.9, 1.6 1.86))",1,
FreshMart Banksia Grove,Aisle 4 - Paper Goods,Aisle 4,09,SoftCloud Tissues 224pk,Product,SoftCloud,1,"POLYGON ((1.635 1.9, 1.865 1.9, 1.865 2.02, 1.635 2.02, 1.635 1.9))",2,2500
FreshMart Banksia Grove,Aisle 4 - Paper Goods,Aisle 4,09,FreshMart Essentials Napkins 100pk,Product,FreshMart Essentials,1,"POLYGON ((1.877 1.9, 2.047 1.9, 2.047 2.07, 1.877 2.07, 1.877 1.9))",2,2600
FreshMart Banksia Grove,Aisle 4 - Paper Goods,Aisle 4,09,PineFresh Baking Paper 20m,Product,PineFresh,3,"POLYGON ((2.059 1.9, 2.989 1.9, 2.989 1.95, 2.059 1.95, 2.059 1.9))",2,8900
FreshMart Banksia Grove,Aisle 4 - Paper Goods,Aisle 4,10,Base Deck - Bay 10,Base Deck,,,"POLYGON ((3.2 0, 4.8 0, 4.8 0.1, 3.2 0.1, 3.2 0))",1,
FreshMart Banksia Grove,Aisle 4 - Paper Goods,Aisle 4,10,PineFresh Paper Towel 4pk,Product,PineFresh,2,"POLYGON ((3.235 0.1, 3.835 0.1, 3.835 0.38, 3.235 0.38, 3.235 0.1))",2,6700
FreshMart Banksia Grove,Aisle 4 - Paper Goods,Aisle 4,10,SoftCloud Paper Towel 4pk,Product,SoftCloud,1,"POLYGON ((3.847 0.1, 4.147 0.1, 4.147 0.38, 3.847 0.38, 3.847 0.1))",2,2300
FreshMart Banksia Grove,Aisle 4 - Paper Goods,Aisle 4,10,SoftCloud Paper Towel 4pk,Product,SoftCloud,1,"POLYGON ((4.159 0.1, 4.459 0.1, 4.459 0.38, 4.159 0.38, 4.159 0.1))",2,2600
FreshMart Banksia Grove,Aisle 4 - Paper Goods,Aisle 4,10,FreshMart Essentials Napkins 100pk,Product,FreshMart Essentials,1,"POLYGON ((4.471 0.1, 4.641 0.1, 4.641 0.27, 4.471 0.27, 4.471 0.1))",2,3000
FreshMart Banksia Grove,Aisle 4 - Paper Goods,Aisle 4,10,Shelf 1 - Bay 10,Shelf,,,"POLYGON ((3.2 0.53, 4.8 0.53, 4.8 0.57, 3.2 0.57, 3.2 0.53))",1,
FreshMart Banksia Grove,Aisle 4 - Paper Goods,Aisle 4,10,SoftCloud Paper Towel 4pk,Product,SoftCloud,3,"POLYGON ((3.235 0.57, 4.135 0.57, 4.135 0.85, 3.235 0.85, 3.235 0.57))",2,9600
FreshMart Banksia Grove,Aisle 4 - Paper Goods,Aisle 4,10,SoftCloud Toilet Tissue 12pk,Product,SoftCloud,1,"POLYGON ((4.147 0.57, 4.527 0.57, 4.527 0.97, 4.147 0.97, 4.147 0.57))",2,2100
FreshMart Banksia Grove,Aisle 4 - Paper Goods,Aisle 4,10,SoftCloud Napkins 100pk,Product,SoftCloud,1,"POLYGON ((4.539 0.57, 4.709 0.57, 4.709 0.74, 4.539 0.74, 4.539 0.57))",2,2800
FreshMart Banksia Grove,Aisle 4 - Paper Goods,Aisle 4,10,Shelf 2 - Bay 10,Shelf,,,"POLYGON ((3.2 1, 4.8 1, 4.8 1.04, 3.2 1.04, 3.2 1))",1,
FreshMart Banksia Grove,Aisle 4 - Paper Goods,Aisle 4,10,FreshMart Essentials Baking Paper 20m,Product,FreshMart Essentials,1,"POLYGON ((3.235 1.04, 3.545 1.04, 3.545 1.09, 3.235 1.09, 3.235 1.04))",2,1700
FreshMart Banksia Grove,Aisle 4 - Paper Goods,Aisle 4,10,FreshMart Essentials Paper Towel 4pk,Product,FreshMart Essentials,2,"POLYGON ((3.557 1.04, 4.157 1.04, 4.157 1.32, 3.557 1.32, 3.557 1.04))",2,5600
FreshMart Banksia Grove,Aisle 4 - Paper Goods,Aisle 4,10,PineFresh Tissues 224pk,Product,PineFresh,2,"POLYGON ((4.169 1.04, 4.629 1.04, 4.629 1.16, 4.169 1.16, 4.169 1.04))",2,3200
FreshMart Banksia Grove,Aisle 4 - Paper Goods,Aisle 4,10,Shelf 3 - Bay 10,Shelf,,,"POLYGON ((3.2 1.46, 4.8 1.46, 4.8 1.5, 3.2 1.5, 3.2 1.46))",1,
FreshMart Banksia Grove,Aisle 4 - Paper Goods,Aisle 4,10,SoftCloud Baking Paper 20m,Product,SoftCloud,2,"POLYGON ((3.235 1.5, 3.855 1.5, 3.855 1.55, 3.235 1.55, 3.235 1.5))",2,4300
FreshMart Banksia Grove,Aisle 4 - Paper Goods,Aisle 4,10,FreshMart Essentials Foil 30m,Product,FreshMart Essentials,2,"POLYGON ((3.867 1.5, 4.487 1.5, 4.487 1.55, 3.867 1.55, 3.867 1.5))",2,5600
FreshMart Banksia Grove,Aisle 4 - Paper Goods,Aisle 4,10,PineFresh Tissues 224pk,Product,PineFresh,1,"POLYGON ((4.499 1.5, 4.729 1.5, 4.729 1.62, 4.499 1.62, 4.499 1.5))",2,2300
FreshMart Banksia Grove,Aisle 4 - Paper Goods,Aisle 4,10,Shelf 4 - Bay 10,Shelf,,,"POLYGON ((3.2 1.86, 4.8 1.86, 4.8 1.9, 3.2 1.9, 3.2 1.86))",1,
FreshMart Banksia Grove,Aisle 4 - Paper Goods,Aisle 4,10,FreshMart Essentials Foil 30m,Product,FreshMart Essentials,1,"POLYGON ((3.235 1.9, 3.545 1.9, 3.545 1.95, 3.235 1.95, 3.235 1.9))",2,2100
FreshMart Banksia Grove,Aisle 4 - Paper Goods,Aisle 4,10,FreshMart Essentials Baking Paper 20m,Product,FreshMart Essentials,3,"POLYGON ((3.557 1.9, 4.487 1.9, 4.487 1.95, 3.557 1.95, 3.557 1.9))",2,4900
FreshMart Banksia Grove,Aisle 4 - Paper Goods,Aisle 4,10,FreshMart Essentials Napkins 100pk,Product,FreshMart Essentials,1,"POLYGON ((4.499 1.9, 4.669 1.9, 4.669 2.07, 4.499 2.07, 4.499 1.9))",2,1700
FreshMart Banksia Grove,Aisle 5 - Hair & Body,Aisle 5,01,Bay Frame 01,Rack,,,"POLYGON ((0 0, 1.6 0, 1.6 2.2, 0 2.2, 0 0))",0,
FreshMart Banksia Grove,Aisle 5 - Hair & Body,Aisle 5,02,Bay Frame 02,Rack,,,"POLYGON ((1.6 0, 3.2 0, 3.2 2.2, 1.6 2.2, 1.6 0))",0,
FreshMart Banksia Grove,Aisle 5 - Hair & Body,Aisle 5,03,Bay Frame 03,Rack,,,"POLYGON ((3.2 0, 4.8 0, 4.8 2.2, 3.2 2.2, 3.2 0))",0,
FreshMart Banksia Grove,Aisle 5 - Hair & Body,Aisle 5,04,Bay Frame 04,Rack,,,"POLYGON ((4.8 0, 6.4 0, 6.4 2.2, 4.8 2.2, 4.8 0))",0,
FreshMart Banksia Grove,Aisle 5 - Hair & Body,Aisle 5,,Upright 1,Rack,,,"POLYGON ((0 0, 0.025 0, 0.025 2.2, 0 2.2, 0 0))",0,
FreshMart Banksia Grove,Aisle 5 - Hair & Body,Aisle 5,,Upright 2,Rack,,,"POLYGON ((1.575 0, 1.625 0, 1.625 2.2, 1.575 2.2, 1.575 0))",0,
FreshMart Banksia Grove,Aisle 5 - Hair & Body,Aisle 5,,Upright 3,Rack,,,"POLYGON ((3.175 0, 3.225 0, 3.225 2.2, 3.175 2.2, 3.175 0))",0,
FreshMart Banksia Grove,Aisle 5 - Hair & Body,Aisle 5,,Upright 4,Rack,,,"POLYGON ((4.775 0, 4.825 0, 4.825 2.2, 4.775 2.2, 4.775 0))",0,
FreshMart Banksia Grove,Aisle 5 - Hair & Body,Aisle 5,,Upright 5,Rack,,,"POLYGON ((6.375 0, 6.4 0, 6.4 2.2, 6.375 2.2, 6.375 0))",0,
FreshMart Banksia Grove,Aisle 5 - Hair & Body,Aisle 5,01,Base Deck - Bay 01,Base Deck,,,"POLYGON ((0 0, 1.6 0, 1.6 0.1, 0 0.1, 0 0))",1,
FreshMart Banksia Grove,Aisle 5 - Hair & Body,Aisle 5,01,Silk & Stone Shampoo 700ml,Product,Silk & Stone,3,"POLYGON ((0.035 0.1, 0.305 0.1, 0.305 0.34, 0.035 0.34, 0.035 0.1))",2,6200
FreshMart Banksia Grove,Aisle 5 - Hair & Body,Aisle 5,01,FreshMart Essentials Shampoo 700ml,Product,FreshMart Essentials,1,"POLYGON ((0.317 0.1, 0.407 0.1, 0.407 0.34, 0.317 0.34, 0.317 0.1))",2,3500
FreshMart Banksia Grove,Aisle 5 - Hair & Body,Aisle 5,01,FreshMart Essentials Shampoo 700ml,Product,FreshMart Essentials,3,"POLYGON ((0.419 0.1, 0.689 0.1, 0.689 0.34, 0.419 0.34, 0.419 0.1))",2,8800
FreshMart Banksia Grove,Aisle 5 - Hair & Body,Aisle 5,01,FreshMart Essentials Conditioner 700ml,Product,FreshMart Essentials,3,"POLYGON ((0.701 0.1, 0.971 0.1, 0.971 0.34, 0.701 0.34, 0.701 0.1))",2,7400
FreshMart Banksia Grove,Aisle 5 - Hair & Body,Aisle 5,01,Silk & Stone Body Wash 1L,Product,Silk & Stone,1,"POLYGON ((0.983 0.1, 1.083 0.1, 1.083 0.36, 0.983 0.36, 0.983 0.1))",2,3700
FreshMart Banksia Grove,Aisle 5 - Hair & Body,Aisle 5,01,Dr. Derm Body Wash 1L,Product,Dr. Derm,2,"POLYGON ((1.095 0.1, 1.295 0.1, 1.295 0.36, 1.095 0.36, 1.095 0.1))",2,4200
FreshMart Banksia Grove,Aisle 5 - Hair & Body,Aisle 5,01,FreshMart Essentials Toothpaste 110g,Product,FreshMart Essentials,3,"POLYGON ((1.307 0.1, 1.427 0.1, 1.427 0.28, 1.307 0.28, 1.307 0.1))",2,11900
FreshMart Banksia Grove,Aisle 5 - Hair & Body,Aisle 5,01,FreshMart Essentials Toothpaste 110g,Product,FreshMart Essentials,3,"POLYGON ((1.439 0.1, 1.559 0.1, 1.559 0.28, 1.439 0.28, 1.439 0.1))",2,7200
FreshMart Banksia Grove,Aisle 5 - Hair & Body,Aisle 5,01,Shelf 1 - Bay 01,Shelf,,,"POLYGON ((0 0.53, 1.6 0.53, 1.6 0.57, 0 0.57, 0 0.53))",1,
FreshMart Banksia Grove,Aisle 5 - Hair & Body,Aisle 5,01,Fresh Fade Body Wash 1L,Product,Fresh Fade,2,"POLYGON ((0.035 0.57, 0.235 0.57, 0.235 0.83, 0.035 0.83, 0.035 0.57))",2,5600
FreshMart Banksia Grove,Aisle 5 - Hair & Body,Aisle 5,01,FreshMart Essentials Toothpaste 110g,Product,FreshMart Essentials,1,"POLYGON ((0.247 0.57, 0.287 0.57, 0.287 0.75, 0.247 0.75, 0.247 0.57))",2,2900
FreshMart Banksia Grove,Aisle 5 - Hair & Body,Aisle 5,01,Fresh Fade Bar Soap 4pk,Product,Fresh Fade,3,"POLYGON ((0.299 0.57, 0.689 0.57, 0.689 0.67, 0.299 0.67, 0.299 0.57))",2,9900
FreshMart Banksia Grove,Aisle 5 - Hair & Body,Aisle 5,01,Dr. Derm Shampoo 700ml,Product,Dr. Derm,1,"POLYGON ((0.701 0.57, 0.791 0.57, 0.791 0.81, 0.701 0.81, 0.701 0.57))",2,3200
FreshMart Banksia Grove,Aisle 5 - Hair & Body,Aisle 5,01,Dr. Derm Body Wash 1L,Product,Dr. Derm,3,"POLYGON ((0.803 0.57, 1.103 0.57, 1.103 0.83, 0.803 0.83, 0.803 0.57))",2,8900
FreshMart Banksia Grove,Aisle 5 - Hair & Body,Aisle 5,01,Dr. Derm Deodorant 250ml,Product,Dr. Derm,1,"POLYGON ((1.115 0.57, 1.175 0.57, 1.175 0.75, 1.115 0.75, 1.115 0.57))",2,3300
FreshMart Banksia Grove,Aisle 5 - Hair & Body,Aisle 5,01,Silk & Stone Toothpaste 110g,Product,Silk & Stone,2,"POLYGON ((1.187 0.57, 1.267 0.57, 1.267 0.75, 1.187 0.75, 1.187 0.57))",2,8300
FreshMart Banksia Grove,Aisle 5 - Hair & Body,Aisle 5,01,Silk & Stone Shampoo 700ml,Product,Silk & Stone,2,"POLYGON ((1.279 0.57, 1.459 0.57, 1.459 0.81, 1.279 0.81, 1.279 0.57))",2,8400
FreshMart Banksia Grove,Aisle 5 - Hair & Body,Aisle 5,01,Silk & Stone Conditioner 700ml,Product,Silk & Stone,1,"POLYGON ((1.471 0.57, 1.561 0.57, 1.561 0.81, 1.471 0.81, 1.471 0.57))",2,3500
FreshMart Banksia Grove,Aisle 5 - Hair & Body,Aisle 5,01,Shelf 2 - Bay 01,Shelf,,,"POLYGON ((0 1, 1.6 1, 1.6 1.04, 0 1.04, 0 1))",1,
FreshMart Banksia Grove,Aisle 5 - Hair & Body,Aisle 5,01,Fresh Fade Shampoo 700ml,Product,Fresh Fade,2,"POLYGON ((0.035 1.04, 0.215 1.04, 0.215 1.28, 0.035 1.28, 0.035 1.04))",2,5100
FreshMart Banksia Grove,Aisle 5 - Hair & Body,Aisle 5,01,Fresh Fade Toothpaste 110g,Product,Fresh Fade,2,"POLYGON ((0.227 1.04, 0.307 1.04, 0.307 1.22, 0.227 1.22, 0.227 1.04))",2,7500
FreshMart Banksia Grove,Aisle 5 - Hair & Body,Aisle 5,01,Fresh Fade Body Wash 1L,Product,Fresh Fade,1,"POLYGON ((0.319 1.04, 0.419 1.04, 0.419 1.3, 0.319 1.3, 0.319 1.04))",2,3200
FreshMart Banksia Grove,Aisle 5 - Hair & Body,Aisle 5,01,Fresh Fade Bar Soap 4pk,Product,Fresh Fade,1,"POLYGON ((0.431 1.04, 0.561 1.04, 0.561 1.14, 0.431 1.14, 0.431 1.04))",2,2900
FreshMart Banksia Grove,Aisle 5 - Hair & Body,Aisle 5,01,Dr. Derm Deodorant 250ml,Product,Dr. Derm,1,"POLYGON ((0.573 1.04, 0.633 1.04, 0.633 1.22, 0.573 1.22, 0.573 1.04))",2,3500
FreshMart Banksia Grove,Aisle 5 - Hair & Body,Aisle 5,01,Dr. Derm Deodorant 250ml,Product,Dr. Derm,2,"POLYGON ((0.645 1.04, 0.765 1.04, 0.765 1.22, 0.645 1.22, 0.645 1.04))",2,7900
FreshMart Banksia Grove,Aisle 5 - Hair & Body,Aisle 5,01,Fresh Fade Body Wash 1L,Product,Fresh Fade,2,"POLYGON ((0.777 1.04, 0.977 1.04, 0.977 1.3, 0.777 1.3, 0.777 1.04))",2,5500
FreshMart Banksia Grove,Aisle 5 - Hair & Body,Aisle 5,01,Fresh Fade Conditioner 700ml,Product,Fresh Fade,1,"POLYGON ((0.989 1.04, 1.079 1.04, 1.079 1.28, 0.989 1.28, 0.989 1.04))",2,3200
FreshMart Banksia Grove,Aisle 5 - Hair & Body,Aisle 5,01,Dr. Derm Shampoo 700ml,Product,Dr. Derm,2,"POLYGON ((1.091 1.04, 1.271 1.04, 1.271 1.28, 1.091 1.28, 1.091 1.04))",2,5200
FreshMart Banksia Grove,Aisle 5 - Hair & Body,Aisle 5,01,Dr. Derm Shampoo 700ml,Product,Dr. Derm,3,"POLYGON ((1.283 1.04, 1.553 1.04, 1.553 1.28, 1.283 1.28, 1.283 1.04))",2,8200
FreshMart Banksia Grove,Aisle 5 - Hair & Body,Aisle 5,01,Shelf 3 - Bay 01,Shelf,,,"POLYGON ((0 1.46, 1.6 1.46, 1.6 1.5, 0 1.5, 0 1.46))",1,
FreshMart Banksia Grove,Aisle 5 - Hair & Body,Aisle 5,01,FreshMart Essentials Toothpaste 110g,Product,FreshMart Essentials,3,"POLYGON ((0.035 1.5, 0.155 1.5, 0.155 1.68, 0.035 1.68, 0.035 1.5))",2,12400
FreshMart Banksia Grove,Aisle 5 - Hair & Body,Aisle 5,01,Fresh Fade Bar Soap 4pk,Product,Fresh Fade,1,"POLYGON ((0.167 1.5, 0.297 1.5, 0.297 1.6, 0.167 1.6, 0.167 1.5))",2,4100
FreshMart Banksia Grove,Aisle 5 - Hair & Body,Aisle 5,01,Fresh Fade Deodorant 250ml,Product,Fresh Fade,3,"POLYGON ((0.309 1.5, 0.489 1.5, 0.489 1.68, 0.309 1.68, 0.309 1.5))",2,8900
FreshMart Banksia Grove,Aisle 5 - Hair & Body,Aisle 5,01,Dr. Derm Bar Soap 4pk,Product,Dr. Derm,1,"POLYGON ((0.501 1.5, 0.631 1.5, 0.631 1.6, 0.501 1.6, 0.501 1.5))",2,3700
FreshMart Banksia Grove,Aisle 5 - Hair & Body,Aisle 5,01,Silk & Stone Body Wash 1L,Product,Silk & Stone,1,"POLYGON ((0.643 1.5, 0.743 1.5, 0.743 1.76, 0.643 1.76, 0.643 1.5))",2,3600
FreshMart Banksia Grove,Aisle 5 - Hair & Body,Aisle 5,01,Dr. Derm Body Wash 1L,Product,Dr. Derm,3,"POLYGON ((0.755 1.5, 1.055 1.5, 1.055 1.76, 0.755 1.76, 0.755 1.5))",2,7800
FreshMart Banksia Grove,Aisle 5 - Hair & Body,Aisle 5,01,Fresh Fade Bar Soap 4pk,Product,Fresh Fade,3,"POLYGON ((1.067 1.5, 1.457 1.5, 1.457 1.6, 1.067 1.6, 1.067 1.5))",2,11500
FreshMart Banksia Grove,Aisle 5 - Hair & Body,Aisle 5,01,FreshMart Essentials Toothpaste 110g,Product,FreshMart Essentials,2,"POLYGON ((1.469 1.5, 1.549 1.5, 1.549 1.68, 1.469 1.68, 1.469 1.5))",2,6800
FreshMart Banksia Grove,Aisle 5 - Hair & Body,Aisle 5,01,Shelf 4 - Bay 01,Shelf,,,"POLYGON ((0 1.86, 1.6 1.86, 1.6 1.9, 0 1.9, 0 1.86))",1,
FreshMart Banksia Grove,Aisle 5 - Hair & Body,Aisle 5,01,FreshMart Essentials Bar Soap 4pk,Product,FreshMart Essentials,1,"POLYGON ((0.035 1.9, 0.165 1.9, 0.165 2, 0.035 2, 0.035 1.9))",2,3100
FreshMart Banksia Grove,Aisle 5 - Hair & Body,Aisle 5,01,Silk & Stone Toothpaste 110g,Product,Silk & Stone,3,"POLYGON ((0.177 1.9, 0.297 1.9, 0.297 2.08, 0.177 2.08, 0.177 1.9))",2,9700
FreshMart Banksia Grove,Aisle 5 - Hair & Body,Aisle 5,01,Dr. Derm Bar Soap 4pk,Product,Dr. Derm,1,"POLYGON ((0.309 1.9, 0.439 1.9, 0.439 2, 0.309 2, 0.309 1.9))",2,2400
FreshMart Banksia Grove,Aisle 5 - Hair & Body,Aisle 5,01,Fresh Fade Shampoo 700ml,Product,Fresh Fade,3,"POLYGON ((0.451 1.9, 0.721 1.9, 0.721 2.14, 0.451 2.14, 0.451 1.9))",2,10800
FreshMart Banksia Grove,Aisle 5 - Hair & Body,Aisle 5,01,Dr. Derm Body Wash 1L,Product,Dr. Derm,2,"POLYGON ((0.733 1.9, 0.933 1.9, 0.933 2.16, 0.733 2.16, 0.733 1.9))",2,7600
FreshMart Banksia Grove,Aisle 5 - Hair & Body,Aisle 5,01,Silk & Stone Deodorant 250ml,Product,Silk & Stone,1,"POLYGON ((0.945 1.9, 1.005 1.9, 1.005 2.08, 0.945 2.08, 0.945 1.9))",2,2400
FreshMart Banksia Grove,Aisle 5 - Hair & Body,Aisle 5,01,Silk & Stone Shampoo 700ml,Product,Silk & Stone,3,"POLYGON ((1.017 1.9, 1.287 1.9, 1.287 2.14, 1.017 2.14, 1.017 1.9))",2,11000
FreshMart Banksia Grove,Aisle 5 - Hair & Body,Aisle 5,01,Silk & Stone Deodorant 250ml,Product,Silk & Stone,3,"POLYGON ((1.299 1.9, 1.479 1.9, 1.479 2.08, 1.299 2.08, 1.299 1.9))",2,10900
FreshMart Banksia Grove,Aisle 5 - Hair & Body,Aisle 5,01,Silk & Stone Deodorant 250ml,Product,Silk & Stone,1,"POLYGON ((1.491 1.9, 1.551 1.9, 1.551 2.08, 1.491 2.08, 1.491 1.9))",2,2300
FreshMart Banksia Grove,Aisle 5 - Hair & Body,Aisle 5,02,Base Deck - Bay 02,Base Deck,,,"POLYGON ((1.6 0, 3.2 0, 3.2 0.1, 1.6 0.1, 1.6 0))",1,
FreshMart Banksia Grove,Aisle 5 - Hair & Body,Aisle 5,02,Fresh Fade Body Wash 1L,Product,Fresh Fade,3,"POLYGON ((1.635 0.1, 1.935 0.1, 1.935 0.36, 1.635 0.36, 1.635 0.1))",2,10500
FreshMart Banksia Grove,Aisle 5 - Hair & Body,Aisle 5,02,Dr. Derm Conditioner 700ml,Product,Dr. Derm,1,"POLYGON ((1.947 0.1, 2.037 0.1, 2.037 0.34, 1.947 0.34, 1.947 0.1))",2,4000
FreshMart Banksia Grove,Aisle 5 - Hair & Body,Aisle 5,02,FreshMart Essentials Toothpaste 110g,Product,FreshMart Essentials,1,"POLYGON ((2.049 0.1, 2.089 0.1, 2.089 0.28, 2.049 0.28, 2.049 0.1))",2,3300
FreshMart Banksia Grove,Aisle 5 - Hair & Body,Aisle 5,02,Silk & Stone Toothpaste 110g,Product,Silk & Stone,2,"POLYGON ((2.101 0.1, 2.181 0.1, 2.181 0.28, 2.101 0.28, 2.101 0.1))",2,5000
FreshMart Banksia Grove,Aisle 5 - Hair & Body,Aisle 5,02,Silk & Stone Body Wash 1L,Product,Silk & Stone,1,"POLYGON ((2.193 0.1, 2.293 0.1, 2.293 0.36, 2.193 0.36, 2.193 0.1))",2,2200
FreshMart Banksia Grove,Aisle 5 - Hair & Body,Aisle 5,02,Fresh Fade Body Wash 1L,Product,Fresh Fade,2,"POLYGON ((2.305 0.1, 2.505 0.1, 2.505 0.36, 2.305 0.36, 2.305 0.1))",2,6000
FreshMart Banksia Grove,Aisle 5 - Hair & Body,Aisle 5,02,Dr. Derm Conditioner 700ml,Product,Dr. Derm,3,"POLYGON ((2.517 0.1, 2.787 0.1, 2.787 0.34, 2.517 0.34, 2.517 0.1))",2,11900
FreshMart Banksia Grove,Aisle 5 - Hair & Body,Aisle 5,02,Silk & Stone Body Wash 1L,Product,Silk & Stone,2,"POLYGON ((2.799 0.1, 2.999 0.1, 2.999 0.36, 2.799 0.36, 2.799 0.1))",2,8000
FreshMart Banksia Grove,Aisle 5 - Hair & Body,Aisle 5,02,Silk & Stone Conditioner 700ml,Product,Silk & Stone,1,"POLYGON ((3.011 0.1, 3.101 0.1, 3.101 0.34, 3.011 0.34, 3.011 0.1))",2,3000
FreshMart Banksia Grove,Aisle 5 - Hair & Body,Aisle 5,02,Silk & Stone Toothpaste 110g,Product,Silk & Stone,1,"POLYGON ((3.113 0.1, 3.153 0.1, 3.153 0.28, 3.113 0.28, 3.113 0.1))",2,3800
FreshMart Banksia Grove,Aisle 5 - Hair & Body,Aisle 5,02,Shelf 1 - Bay 02,Shelf,,,"POLYGON ((1.6 0.53, 3.2 0.53, 3.2 0.57, 1.6 0.57, 1.6 0.53))",1,
FreshMart Banksia Grove,Aisle 5 - Hair & Body,Aisle 5,02,Dr. Derm Body Wash 1L,Product,Dr. Derm,3,"POLYGON ((1.635 0.57, 1.935 0.57, 1.935 0.83, 1.635 0.83, 1.635 0.57))",2,10200
FreshMart Banksia Grove,Aisle 5 - Hair & Body,Aisle 5,02,Silk & Stone Toothpaste 110g,Product,Silk & Stone,3,"POLYGON ((1.947 0.57, 2.067 0.57, 2.067 0.75, 1.947 0.75, 1.947 0.57))",2,8500
FreshMart Banksia Grove,Aisle 5 - Hair & Body,Aisle 5,02,Fresh Fade Bar Soap 4pk,Product,Fresh Fade,1,"POLYGON ((2.079 0.57, 2.209 0.57, 2.209 0.67, 2.079 0.67, 2.079 0.57))",2,2400
FreshMart Banksia Grove,Aisle 5 - Hair & Body,Aisle 5,02,Dr. Derm Toothpaste 110g,Product,Dr. Derm,2,"POLYGON ((2.221 0.57, 2.301 0.57, 2.301 0.75, 2.221 0.75, 2.221 0.57))",2,8000
FreshMart Banksia Grove,Aisle 5 - Hair & Body,Aisle 5,02,FreshMart Essentials Bar Soap 4pk,Product,FreshMart Essentials,2,"POLYGON ((2.313 0.57, 2.573 0.57, 2.573 0.67, 2.313 0.67, 2.313 0.57))",2,6700
FreshMart Banksia Grove,Aisle 5 - Hair & Body,Aisle 5,02,Silk & Stone Bar Soap 4pk,Product,Silk & Stone,2,"POLYGON ((2.585 0.57, 2.845 0.57, 2.845 0.67, 2.585 0.67, 2.585 0.57))",2,6600
FreshMart Banksia Grove,Aisle 5 - Hair & Body,Aisle 5,02,Silk & Stone Deodorant 250ml,Product,Silk & Stone,3,"POLYGON ((2.857 0.57, 3.037 0.57, 3.037 0.75, 2.857 0.75, 2.857 0.57))",2,6600
FreshMart Banksia Grove,Aisle 5 - Hair & Body,Aisle 5,02,Silk & Stone Conditioner 700ml,Product,Silk & Stone,1,"POLYGON ((3.049 0.57, 3.139 0.57, 3.139 0.81, 3.049 0.81, 3.049 0.57))",2,2200
FreshMart Banksia Grove,Aisle 5 - Hair & Body,Aisle 5,02,Shelf 2 - Bay 02,Shelf,,,"POLYGON ((1.6 1, 3.2 1, 3.2 1.04, 1.6 1.04, 1.6 1))",1,
FreshMart Banksia Grove,Aisle 5 - Hair & Body,Aisle 5,02,Dr. Derm Shampoo 700ml,Product,Dr. Derm,1,"POLYGON ((1.635 1.04, 1.725 1.04, 1.725 1.28, 1.635 1.28, 1.635 1.04))",2,3100
FreshMart Banksia Grove,Aisle 5 - Hair & Body,Aisle 5,02,Silk & Stone Conditioner 700ml,Product,Silk & Stone,2,"POLYGON ((1.737 1.04, 1.917 1.04, 1.917 1.28, 1.737 1.28, 1.737 1.04))",2,7500
FreshMart Banksia Grove,Aisle 5 - Hair & Body,Aisle 5,02,Fresh Fade Shampoo 700ml,Product,Fresh Fade,2,"POLYGON ((1.929 1.04, 2.109 1.04, 2.109 1.28, 1.929 1.28, 1.929 1.04))",2,5300
FreshMart Banksia Grove,Aisle 5 - Hair & Body,Aisle 5,02,FreshMart Essentials Shampoo 700ml,Product,FreshMart Essentials,2,"POLYGON ((2.121 1.04, 2.301 1.04, 2.301 1.28, 2.121 1.28, 2.121 1.04))",2,6000
FreshMart Banksia Grove,Aisle 5 - Hair & Body,Aisle 5,02,FreshMart Essentials Toothpaste 110g,Product,FreshMart Essentials,2,"POLYGON ((2.313 1.04, 2.393 1.04, 2.393 1.22, 2.313 1.22, 2.313 1.04))",2,7600
FreshMart Banksia Grove,Aisle 5 - Hair & Body,Aisle 5,02,Dr. Derm Bar Soap 4pk,Product,Dr. Derm,3,"POLYGON ((2.405 1.04, 2.795 1.04, 2.795 1.14, 2.405 1.14, 2.405 1.04))",2,8300
FreshMart Banksia Grove,Aisle 5 - Hair & Body,Aisle 5,02,Silk & Stone Conditioner 700ml,Product,Silk & Stone,3,"POLYGON ((2.807 1.04, 3.077 1.04, 3.077 1.28, 2.807 1.28, 2.807 1.04))",2,7900
FreshMart Banksia Grove,Aisle 5 - Hair & Body,Aisle 5,02,Fresh Fade Toothpaste 110g,Product,Fresh Fade,1,"POLYGON ((3.089 1.04, 3.129 1.04, 3.129 1.22, 3.089 1.22, 3.089 1.04))",2,2900
FreshMart Banksia Grove,Aisle 5 - Hair & Body,Aisle 5,02,Shelf 3 - Bay 02,Shelf,,,"POLYGON ((1.6 1.46, 3.2 1.46, 3.2 1.5, 1.6 1.5, 1.6 1.46))",1,
FreshMart Banksia Grove,Aisle 5 - Hair & Body,Aisle 5,02,Fresh Fade Bar Soap 4pk,Product,Fresh Fade,2,"POLYGON ((1.635 1.5, 1.895 1.5, 1.895 1.6, 1.635 1.6, 1.635 1.5))",2,5500
FreshMart Banksia Grove,Aisle 5 - Hair & Body,Aisle 5,02,Dr. Derm Deodorant 250ml,Product,Dr. Derm,3,"POLYGON ((1.907 1.5, 2.087 1.5, 2.087 1.68, 1.907 1.68, 1.907 1.5))",2,10300
FreshMart Banksia Grove,Aisle 5 - Hair & Body,Aisle 5,02,Dr. Derm Conditioner 700ml,Product,Dr. Derm,2,"POLYGON ((2.099 1.5, 2.279 1.5, 2.279 1.74, 2.099 1.74, 2.099 1.5))",2,5700
FreshMart Banksia Grove,Aisle 5 - Hair & Body,Aisle 5,02,Dr. Derm Deodorant 250ml,Product,Dr. Derm,3,"POLYGON ((2.291 1.5, 2.471 1.5, 2.471 1.68, 2.291 1.68, 2.291 1.5))",2,12400
FreshMart Banksia Grove,Aisle 5 - Hair & Body,Aisle 5,02,FreshMart Essentials Shampoo 700ml,Product,FreshMart Essentials,3,"POLYGON ((2.483 1.5, 2.753 1.5, 2.753 1.74, 2.483 1.74, 2.483 1.5))",2,10300
FreshMart Banksia Grove,Aisle 5 - Hair & Body,Aisle 5,02,Fresh Fade Toothpaste 110g,Product,Fresh Fade,1,"POLYGON ((2.765 1.5, 2.805 1.5, 2.805 1.68, 2.765 1.68, 2.765 1.5))",2,3400
FreshMart Banksia Grove,Aisle 5 - Hair & Body,Aisle 5,02,FreshMart Essentials Bar Soap 4pk,Product,FreshMart Essentials,2,"POLYGON ((2.817 1.5, 3.077 1.5, 3.077 1.6, 2.817 1.6, 2.817 1.5))",2,8300
FreshMart Banksia Grove,Aisle 5 - Hair & Body,Aisle 5,02,Silk & Stone Deodorant 250ml,Product,Silk & Stone,1,"POLYGON ((3.089 1.5, 3.149 1.5, 3.149 1.68, 3.089 1.68, 3.089 1.5))",2,2400
FreshMart Banksia Grove,Aisle 5 - Hair & Body,Aisle 5,02,Shelf 4 - Bay 02,Shelf,,,"POLYGON ((1.6 1.86, 3.2 1.86, 3.2 1.9, 1.6 1.9, 1.6 1.86))",1,
FreshMart Banksia Grove,Aisle 5 - Hair & Body,Aisle 5,02,Fresh Fade Conditioner 700ml,Product,Fresh Fade,3,"POLYGON ((1.635 1.9, 1.905 1.9, 1.905 2.14, 1.635 2.14, 1.635 1.9))",2,7200
FreshMart Banksia Grove,Aisle 5 - Hair & Body,Aisle 5,02,Silk & Stone Shampoo 700ml,Product,Silk & Stone,2,"POLYGON ((1.917 1.9, 2.097 1.9, 2.097 2.14, 1.917 2.14, 1.917 1.9))",2,5900
FreshMart Banksia Grove,Aisle 5 - Hair & Body,Aisle 5,02,Silk & Stone Conditioner 700ml,Product,Silk & Stone,2,"POLYGON ((2.109 1.9, 2.289 1.9, 2.289 2.14, 2.109 2.14, 2.109 1.9))",2,8400
FreshMart Banksia Grove,Aisle 5 - Hair & Body,Aisle 5,02,Silk & Stone Body Wash 1L,Product,Silk & Stone,1,"POLYGON ((2.301 1.9, 2.401 1.9, 2.401 2.16, 2.301 2.16, 2.301 1.9))",2,2200
FreshMart Banksia Grove,Aisle 5 - Hair & Body,Aisle 5,02,Fresh Fade Bar Soap 4pk,Product,Fresh Fade,2,"POLYGON ((2.413 1.9, 2.673 1.9, 2.673 2, 2.413 2, 2.413 1.9))",2,8200
FreshMart Banksia Grove,Aisle 5 - Hair & Body,Aisle 5,02,Silk & Stone Conditioner 700ml,Product,Silk & Stone,3,"POLYGON ((2.685 1.9, 2.955 1.9, 2.955 2.14, 2.685 2.14, 2.685 1.9))",2,6800
FreshMart Banksia Grove,Aisle 5 - Hair & Body,Aisle 5,02,Dr. Derm Shampoo 700ml,Product,Dr. Derm,1,"POLYGON ((2.967 1.9, 3.057 1.9, 3.057 2.14, 2.967 2.14, 2.967 1.9))",2,2100
FreshMart Banksia Grove,Aisle 5 - Hair & Body,Aisle 5,02,FreshMart Essentials Toothpaste 110g,Product,FreshMart Essentials,2,"POLYGON ((3.069 1.9, 3.149 1.9, 3.149 2.08, 3.069 2.08, 3.069 1.9))",2,7000
FreshMart Banksia Grove,Aisle 5 - Hair & Body,Aisle 5,03,Base Deck - Bay 03,Base Deck,,,"POLYGON ((3.2 0, 4.8 0, 4.8 0.1, 3.2 0.1, 3.2 0))",1,
FreshMart Banksia Grove,Aisle 5 - Hair & Body,Aisle 5,03,Silk & Stone Body Wash 1L,Product,Silk & Stone,1,"POLYGON ((3.235 0.1, 3.335 0.1, 3.335 0.36, 3.235 0.36, 3.235 0.1))",2,3700
FreshMart Banksia Grove,Aisle 5 - Hair & Body,Aisle 5,03,Dr. Derm Conditioner 700ml,Product,Dr. Derm,2,"POLYGON ((3.347 0.1, 3.527 0.1, 3.527 0.34, 3.347 0.34, 3.347 0.1))",2,6600
FreshMart Banksia Grove,Aisle 5 - Hair & Body,Aisle 5,03,Fresh Fade Bar Soap 4pk,Product,Fresh Fade,1,"POLYGON ((3.539 0.1, 3.669 0.1, 3.669 0.2, 3.539 0.2, 3.539 0.1))",2,3200
FreshMart Banksia Grove,Aisle 5 - Hair & Body,Aisle 5,03,Dr. Derm Body Wash 1L,Product,Dr. Derm,1,"POLYGON ((3.681 0.1, 3.781 0.1, 3.781 0.36, 3.681 0.36, 3.681 0.1))",2,3200
FreshMart Banksia Grove,Aisle 5 - Hair & Body,Aisle 5,03,Silk & Stone Toothpaste 110g,Product,Silk & Stone,2,"POLYGON ((3.793 0.1, 3.873 0.1, 3.873 0.28, 3.793 0.28, 3.793 0.1))",2,7300
FreshMart Banksia Grove,Aisle 5 - Hair & Body,Aisle 5,03,Silk & Stone Bar Soap 4pk,Product,Silk & Stone,2,"POLYGON ((3.885 0.1, 4.145 0.1, 4.145 0.2, 3.885 0.2, 3.885 0.1))",2,8000
FreshMart Banksia Grove,Aisle 5 - Hair & Body,Aisle 5,03,FreshMart Essentials Bar Soap 4pk,Product,FreshMart Essentials,1,"POLYGON ((4.157 0.1, 4.287 0.1, 4.287 0.2, 4.157 0.2, 4.157 0.1))",2,3600
FreshMart Banksia Grove,Aisle 5 - Hair & Body,Aisle 5,03,Dr. Derm Body Wash 1L,Product,Dr. Derm,2,"POLYGON ((4.299 0.1, 4.499 0.1, 4.499 0.36, 4.299 0.36, 4.299 0.1))",2,8000
FreshMart Banksia Grove,Aisle 5 - Hair & Body,Aisle 5,03,Silk & Stone Conditioner 700ml,Product,Silk & Stone,1,"POLYGON ((4.511 0.1, 4.601 0.1, 4.601 0.34, 4.511 0.34, 4.511 0.1))",2,2200
FreshMart Banksia Grove,Aisle 5 - Hair & Body,Aisle 5,03,Silk & Stone Conditioner 700ml,Product,Silk & Stone,1,"POLYGON ((4.613 0.1, 4.703 0.1, 4.703 0.34, 4.613 0.34, 4.613 0.1))",2,2300
FreshMart Banksia Grove,Aisle 5 - Hair & Body,Aisle 5,03,FreshMart Essentials Toothpaste 110g,Product,FreshMart Essentials,1,"POLYGON ((4.715 0.1, 4.755 0.1, 4.755 0.28, 4.715 0.28, 4.715 0.1))",2,3300
FreshMart Banksia Grove,Aisle 5 - Hair & Body,Aisle 5,03,Shelf 1 - Bay 03,Shelf,,,"POLYGON ((3.2 0.53, 4.8 0.53, 4.8 0.57, 3.2 0.57, 3.2 0.53))",1,
FreshMart Banksia Grove,Aisle 5 - Hair & Body,Aisle 5,03,Fresh Fade Conditioner 700ml,Product,Fresh Fade,1,"POLYGON ((3.235 0.57, 3.325 0.57, 3.325 0.81, 3.235 0.81, 3.235 0.57))",2,2100
FreshMart Banksia Grove,Aisle 5 - Hair & Body,Aisle 5,03,Dr. Derm Body Wash 1L,Product,Dr. Derm,3,"POLYGON ((3.337 0.57, 3.637 0.57, 3.637 0.83, 3.337 0.83, 3.337 0.57))",2,9500
FreshMart Banksia Grove,Aisle 5 - Hair & Body,Aisle 5,03,Silk & Stone Conditioner 700ml,Product,Silk & Stone,1,"POLYGON ((3.649 0.57, 3.739 0.57, 3.739 0.81, 3.649 0.81, 3.649 0.57))",2,3700
FreshMart Banksia Grove,Aisle 5 - Hair & Body,Aisle 5,03,FreshMart Essentials Bar Soap 4pk,Product,FreshMart Essentials,2,"POLYGON ((3.751 0.57, 4.011 0.57, 4.011 0.67, 3.751 0.67, 3.751 0.57))",2,4900
FreshMart Banksia Grove,Aisle 5 - Hair & Body,Aisle 5,03,Silk & Stone Bar Soap 4pk,Product,Silk & Stone,2,"POLYGON ((4.023 0.57, 4.283 0.57, 4.283 0.67, 4.023 0.67, 4.023 0.57))",2,6200
FreshMart Banksia Grove,Aisle 5 - Hair & Body,Aisle 5,03,FreshMart Essentials Deodorant 250ml,Product,FreshMart Essentials,2,"POLYGON ((4.295 0.57, 4.415 0.57, 4.415 0.75, 4.295 0.75, 4.295 0.57))",2,6400
FreshMart Banksia Grove,Aisle 5 - Hair & Body,Aisle 5,03,FreshMart Essentials Shampoo 700ml,Product,FreshMart Essentials,1,"POLYGON ((4.427 0.57, 4.517 0.57, 4.517 0.81, 4.427 0.81, 4.427 0.57))",2,2400
FreshMart Banksia Grove,Aisle 5 - Hair & Body,Aisle 5,03,FreshMart Essentials Toothpaste 110g,Product,FreshMart Essentials,3,"POLYGON ((4.529 0.57, 4.649 0.57, 4.649 0.75, 4.529 0.75, 4.529 0.57))",2,7100
FreshMart Banksia Grove,Aisle 5 - Hair & Body,Aisle 5,03,Fresh Fade Deodorant 250ml,Product,Fresh Fade,1,"POLYGON ((4.661 0.57, 4.721 0.57, 4.721 0.75, 4.661 0.75, 4.661 0.57))",2,2400
FreshMart Banksia Grove,Aisle 5 - Hair & Body,Aisle 5,03,Shelf 2 - Bay 03,Shelf,,,"POLYGON ((3.2 1, 4.8 1, 4.8 1.04, 3.2 1.04, 3.2 1))",1,
FreshMart Banksia Grove,Aisle 5 - Hair & Body,Aisle 5,03,Fresh Fade Toothpaste 110g,Product,Fresh Fade,1,"POLYGON ((3.235 1.04, 3.275 1.04, 3.275 1.22, 3.235 1.22, 3.235 1.04))",2,2000
FreshMart Banksia Grove,Aisle 5 - Hair & Body,Aisle 5,03,Silk & Stone Bar Soap 4pk,Product,Silk & Stone,2,"POLYGON ((3.287 1.04, 3.547 1.04, 3.547 1.14, 3.287 1.14, 3.287 1.04))",2,5900
FreshMart Banksia Grove,Aisle 5 - Hair & Body,Aisle 5,03,Dr. Derm Deodorant 250ml,Product,Dr. Derm,2,"POLYGON ((3.559 1.04, 3.679 1.04, 3.679 1.22, 3.559 1.22, 3.559 1.04))",2,5500
FreshMart Banksia Grove,Aisle 5 - Hair & Body,Aisle 5,03,FreshMart Essentials Deodorant 250ml,Product,FreshMart Essentials,2,"POLYGON ((3.691 1.04, 3.811 1.04, 3.811 1.22, 3.691 1.22, 3.691 1.04))",2,7300
FreshMart Banksia Grove,Aisle 5 - Hair & Body,Aisle 5,03,Fresh Fade Bar Soap 4pk,Product,Fresh Fade,3,"POLYGON ((3.823 1.04, 4.213 1.04, 4.213 1.14, 3.823 1.14, 3.823 1.04))",2,6700
FreshMart Banksia Grove,Aisle 5 - Hair & Body,Aisle 5,03,FreshMart Essentials Toothpaste 110g,Product,FreshMart Essentials,1,"POLYGON ((4.225 1.04, 4.265 1.04, 4.265 1.22, 4.225 1.22, 4.225 1.04))",2,3600
FreshMart Banksia Grove,Aisle 5 - Hair & Body,Aisle 5,03,Silk & Stone Conditioner 700ml,Product,Silk & Stone,3,"POLYGON ((4.277 1.04, 4.547 1.04, 4.547 1.28, 4.277 1.28, 4.277 1.04))",2,10500
FreshMart Banksia Grove,Aisle 5 - Hair & Body,Aisle 5,03,Fresh Fade Deodorant 250ml,Product,Fresh Fade,1,"POLYGON ((4.559 1.04, 4.619 1.04, 4.619 1.22, 4.559 1.22, 4.559 1.04))",2,4000
FreshMart Banksia Grove,Aisle 5 - Hair & Body,Aisle 5,03,Dr. Derm Shampoo 700ml,Product,Dr. Derm,1,"POLYGON ((4.631 1.04, 4.721 1.04, 4.721 1.28, 4.631 1.28, 4.631 1.04))",2,2600
FreshMart Banksia Grove,Aisle 5 - Hair & Body,Aisle 5,03,Shelf 3 - Bay 03,Shelf,,,"POLYGON ((3.2 1.46, 4.8 1.46, 4.8 1.5, 3.2 1.5, 3.2 1.46))",1,
FreshMart Banksia Grove,Aisle 5 - Hair & Body,Aisle 5,03,FreshMart Essentials Bar Soap 4pk,Product,FreshMart Essentials,1,"POLYGON ((3.235 1.5, 3.365 1.5, 3.365 1.6, 3.235 1.6, 3.235 1.5))",2,2800
FreshMart Banksia Grove,Aisle 5 - Hair & Body,Aisle 5,03,Dr. Derm Shampoo 700ml,Product,Dr. Derm,1,"POLYGON ((3.377 1.5, 3.467 1.5, 3.467 1.74, 3.377 1.74, 3.377 1.5))",2,2600
FreshMart Banksia Grove,Aisle 5 - Hair & Body,Aisle 5,03,Silk & Stone Bar Soap 4pk,Product,Silk & Stone,2,"POLYGON ((3.479 1.5, 3.739 1.5, 3.739 1.6, 3.479 1.6, 3.479 1.5))",2,6000
FreshMart Banksia Grove,Aisle 5 - Hair & Body,Aisle 5,03,FreshMart Essentials Deodorant 250ml,Product,FreshMart Essentials,1,"POLYGON ((3.751 1.5, 3.811 1.5, 3.811 1.68, 3.751 1.68, 3.751 1.5))",2,3100
FreshMart Banksia Grove,Aisle 5 - Hair & Body,Aisle 5,03,Dr. Derm Body Wash 1L,Product,Dr. Derm,3,"POLYGON ((3.823 1.5, 4.123 1.5, 4.123 1.76, 3.823 1.76, 3.823 1.5))",2,7000
FreshMart Banksia Grove,Aisle 5 - Hair & Body,Aisle 5,03,Silk & Stone Toothpaste 110g,Product,Silk & Stone,3,"POLYGON ((4.135 1.5, 4.255 1.5, 4.255 1.68, 4.135 1.68, 4.135 1.5))",2,8700
FreshMart Banksia Grove,Aisle 5 - Hair & Body,Aisle 5,03,Dr. Derm Deodorant 250ml,Product,Dr. Derm,3,"POLYGON ((4.267 1.5, 4.447 1.5, 4.447 1.68, 4.267 1.68, 4.267 1.5))",2,8500
FreshMart Banksia Grove,Aisle 5 - Hair & Body,Aisle 5,03,Silk & Stone Conditioner 700ml,Product,Silk & Stone,2,"POLYGON ((4.459 1.5, 4.639 1.5, 4.639 1.74, 4.459 1.74, 4.459 1.5))",2,6700
FreshMart Banksia Grove,Aisle 5 - Hair & Body,Aisle 5,03,Fresh Fade Conditioner 700ml,Product,Fresh Fade,1,"POLYGON ((4.651 1.5, 4.741 1.5, 4.741 1.74, 4.651 1.74, 4.651 1.5))",2,2000
FreshMart Banksia Grove,Aisle 5 - Hair & Body,Aisle 5,03,Shelf 4 - Bay 03,Shelf,,,"POLYGON ((3.2 1.86, 4.8 1.86, 4.8 1.9, 3.2 1.9, 3.2 1.86))",1,
FreshMart Banksia Grove,Aisle 5 - Hair & Body,Aisle 5,03,FreshMart Essentials Conditioner 700ml,Product,FreshMart Essentials,3,"POLYGON ((3.235 1.9, 3.505 1.9, 3.505 2.14, 3.235 2.14, 3.235 1.9))",2,11900
FreshMart Banksia Grove,Aisle 5 - Hair & Body,Aisle 5,03,Fresh Fade Deodorant 250ml,Product,Fresh Fade,2,"POLYGON ((3.517 1.9, 3.637 1.9, 3.637 2.08, 3.517 2.08, 3.517 1.9))",2,5800
FreshMart Banksia Grove,Aisle 5 - Hair & Body,Aisle 5,03,Fresh Fade Toothpaste 110g,Product,Fresh Fade,1,"POLYGON ((3.649 1.9, 3.689 1.9, 3.689 2.08, 3.649 2.08, 3.649 1.9))",2,2800
FreshMart Banksia Grove,Aisle 5 - Hair & Body,Aisle 5,03,FreshMart Essentials Body Wash 1L,Product,FreshMart Essentials,3,"POLYGON ((3.701 1.9, 4.001 1.9, 4.001 2.16, 3.701 2.16, 3.701 1.9))",2,8600
FreshMart Banksia Grove,Aisle 5 - Hair & Body,Aisle 5,03,FreshMart Essentials Conditioner 700ml,Product,FreshMart Essentials,1,"POLYGON ((4.013 1.9, 4.103 1.9, 4.103 2.14, 4.013 2.14, 4.013 1.9))",2,4100
FreshMart Banksia Grove,Aisle 5 - Hair & Body,Aisle 5,03,FreshMart Essentials Conditioner 700ml,Product,FreshMart Essentials,2,"POLYGON ((4.115 1.9, 4.295 1.9, 4.295 2.14, 4.115 2.14, 4.115 1.9))",2,4300
FreshMart Banksia Grove,Aisle 5 - Hair & Body,Aisle 5,03,Fresh Fade Toothpaste 110g,Product,Fresh Fade,2,"POLYGON ((4.307 1.9, 4.387 1.9, 4.387 2.08, 4.307 2.08, 4.307 1.9))",2,7300
FreshMart Banksia Grove,Aisle 5 - Hair & Body,Aisle 5,03,Dr. Derm Bar Soap 4pk,Product,Dr. Derm,1,"POLYGON ((4.399 1.9, 4.529 1.9, 4.529 2, 4.399 2, 4.399 1.9))",2,2400
FreshMart Banksia Grove,Aisle 5 - Hair & Body,Aisle 5,03,Silk & Stone Deodorant 250ml,Product,Silk & Stone,1,"POLYGON ((4.541 1.9, 4.601 1.9, 4.601 2.08, 4.541 2.08, 4.541 1.9))",2,2300
FreshMart Banksia Grove,Aisle 5 - Hair & Body,Aisle 5,03,Silk & Stone Deodorant 250ml,Product,Silk & Stone,2,"POLYGON ((4.613 1.9, 4.733 1.9, 4.733 2.08, 4.613 2.08, 4.613 1.9))",2,7000
FreshMart Banksia Grove,Aisle 5 - Hair & Body,Aisle 5,04,Base Deck - Bay 04,Base Deck,,,"POLYGON ((4.8 0, 6.4 0, 6.4 0.1, 4.8 0.1, 4.8 0))",1,
FreshMart Banksia Grove,Aisle 5 - Hair & Body,Aisle 5,04,FreshMart Essentials Deodorant 250ml,Product,FreshMart Essentials,1,"POLYGON ((4.835 0.1, 4.895 0.1, 4.895 0.28, 4.835 0.28, 4.835 0.1))",2,2200
FreshMart Banksia Grove,Aisle 5 - Hair & Body,Aisle 5,04,Fresh Fade Shampoo 700ml,Product,Fresh Fade,2,"POLYGON ((4.907 0.1, 5.087 0.1, 5.087 0.34, 4.907 0.34, 4.907 0.1))",2,4200
FreshMart Banksia Grove,Aisle 5 - Hair & Body,Aisle 5,04,Silk & Stone Bar Soap 4pk,Product,Silk & Stone,2,"POLYGON ((5.099 0.1, 5.359 0.1, 5.359 0.2, 5.099 0.2, 5.099 0.1))",2,6400
FreshMart Banksia Grove,Aisle 5 - Hair & Body,Aisle 5,04,Fresh Fade Conditioner 700ml,Product,Fresh Fade,3,"POLYGON ((5.371 0.1, 5.641 0.1, 5.641 0.34, 5.371 0.34, 5.371 0.1))",2,7300
FreshMart Banksia Grove,Aisle 5 - Hair & Body,Aisle 5,04,FreshMart Essentials Deodorant 250ml,Product,FreshMart Essentials,2,"POLYGON ((5.653 0.1, 5.773 0.1, 5.773 0.28, 5.653 0.28, 5.653 0.1))",2,6200
FreshMart Banksia Grove,Aisle 5 - Hair & Body,Aisle 5,04,FreshMart Essentials Conditioner 700ml,Product,FreshMart Essentials,3,"POLYGON ((5.785 0.1, 6.055 0.1, 6.055 0.34, 5.785 0.34, 5.785 0.1))",2,10500
FreshMart Banksia Grove,Aisle 5 - Hair & Body,Aisle 5,04,Dr. Derm Toothpaste 110g,Product,Dr. Derm,1,"POLYGON ((6.067 0.1, 6.107 0.1, 6.107 0.28, 6.067 0.28, 6.067 0.1))",2,2000
FreshMart Banksia Grove,Aisle 5 - Hair & Body,Aisle 5,04,Fresh Fade Shampoo 700ml,Product,Fresh Fade,1,"POLYGON ((6.119 0.1, 6.209 0.1, 6.209 0.34, 6.119 0.34, 6.119 0.1))",2,3400
FreshMart Banksia Grove,Aisle 5 - Hair & Body,Aisle 5,04,FreshMart Essentials Deodorant 250ml,Product,FreshMart Essentials,2,"POLYGON ((6.221 0.1, 6.341 0.1, 6.341 0.28, 6.221 0.28, 6.221 0.1))",2,4300
FreshMart Banksia Grove,Aisle 5 - Hair & Body,Aisle 5,04,Shelf 1 - Bay 04,Shelf,,,"POLYGON ((4.8 0.53, 6.4 0.53, 6.4 0.57, 4.8 0.57, 4.8 0.53))",1,
FreshMart Banksia Grove,Aisle 5 - Hair & Body,Aisle 5,04,FreshMart Essentials Bar Soap 4pk,Product,FreshMart Essentials,1,"POLYGON ((4.835 0.57, 4.965 0.57, 4.965 0.67, 4.835 0.67, 4.835 0.57))",2,4000
FreshMart Banksia Grove,Aisle 5 - Hair & Body,Aisle 5,04,Silk & Stone Bar Soap 4pk,Product,Silk & Stone,3,"POLYGON ((4.977 0.57, 5.367 0.57, 5.367 0.67, 4.977 0.67, 4.977 0.57))",2,7700
FreshMart Banksia Grove,Aisle 5 - Hair & Body,Aisle 5,04,Silk & Stone Toothpaste 110g,Product,Silk & Stone,3,"POLYGON ((5.379 0.57, 5.499 0.57, 5.499 0.75, 5.379 0.75, 5.379 0.57))",2,9300
FreshMart Banksia Grove,Aisle 5 - Hair & Body,Aisle 5,04,Fresh Fade Toothpaste 110g,Product,Fresh Fade,3,"POLYGON ((5.511 0.57, 5.631 0.57, 5.631 0.75, 5.511 0.75, 5.511 0.57))",2,7800
FreshMart Banksia Grove,Aisle 5 - Hair & Body,Aisle 5,04,Fresh Fade Body Wash 1L,Product,Fresh Fade,1,"POLYGON ((5.643 0.57, 5.743 0.57, 5.743 0.83, 5.643 0.83, 5.643 0.57))",2,2600
FreshMart Banksia Grove,Aisle 5 - Hair & Body,Aisle 5,04,Dr. Derm Deodorant 250ml,Product,Dr. Derm,2,"POLYGON ((5.755 0.57, 5.875 0.57, 5.875 0.75, 5.755 0.75, 5.755 0.57))",2,5200
FreshMart Banksia Grove,Aisle 5 - Hair & Body,Aisle 5,04,Fresh Fade Deodorant 250ml,Product,Fresh Fade,3,"POLYGON ((5.887 0.57, 6.067 0.57, 6.067 0.75, 5.887 0.75, 5.887 0.57))",2,7400
FreshMart Banksia Grove,Aisle 5 - Hair & Body,Aisle 5,04,FreshMart Essentials Conditioner 700ml,Product,FreshMart Essentials,2,"POLYGON ((6.079 0.57, 6.259 0.57, 6.259 0.81, 6.079 0.81, 6.079 0.57))",2,4000
FreshMart Banksia Grove,Aisle 5 - Hair & Body,Aisle 5,04,FreshMart Essentials Toothpaste 110g,Product,FreshMart Essentials,1,"POLYGON ((6.271 0.57, 6.311 0.57, 6.311 0.75, 6.271 0.75, 6.271 0.57))",2,2800
FreshMart Banksia Grove,Aisle 5 - Hair & Body,Aisle 5,04,Fresh Fade Toothpaste 110g,Product,Fresh Fade,1,"POLYGON ((6.323 0.57, 6.363 0.57, 6.363 0.75, 6.323 0.75, 6.323 0.57))",2,2800
FreshMart Banksia Grove,Aisle 5 - Hair & Body,Aisle 5,04,Shelf 2 - Bay 04,Shelf,,,"POLYGON ((4.8 1, 6.4 1, 6.4 1.04, 4.8 1.04, 4.8 1))",1,
FreshMart Banksia Grove,Aisle 5 - Hair & Body,Aisle 5,04,FreshMart Essentials Shampoo 700ml,Product,FreshMart Essentials,1,"POLYGON ((4.835 1.04, 4.925 1.04, 4.925 1.28, 4.835 1.28, 4.835 1.04))",2,3600
FreshMart Banksia Grove,Aisle 5 - Hair & Body,Aisle 5,04,Silk & Stone Deodorant 250ml,Product,Silk & Stone,1,"POLYGON ((4.937 1.04, 4.997 1.04, 4.997 1.22, 4.937 1.22, 4.937 1.04))",2,3200
FreshMart Banksia Grove,Aisle 5 - Hair & Body,Aisle 5,04,Silk & Stone Conditioner 700ml,Product,Silk & Stone,1,"POLYGON ((5.009 1.04, 5.099 1.04, 5.099 1.28, 5.009 1.28, 5.009 1.04))",2,3700
FreshMart Banksia Grove,Aisle 5 - Hair & Body,Aisle 5,04,Silk & Stone Toothpaste 110g,Product,Silk & Stone,2,"POLYGON ((5.111 1.04, 5.191 1.04, 5.191 1.22, 5.111 1.22, 5.111 1.04))",2,8400
FreshMart Banksia Grove,Aisle 5 - Hair & Body,Aisle 5,04,Fresh Fade Toothpaste 110g,Product,Fresh Fade,3,"POLYGON ((5.203 1.04, 5.323 1.04, 5.323 1.22, 5.203 1.22, 5.203 1.04))",2,9500
FreshMart Banksia Grove,Aisle 5 - Hair & Body,Aisle 5,04,Dr. Derm Toothpaste 110g,Product,Dr. Derm,2,"POLYGON ((5.335 1.04, 5.415 1.04, 5.415 1.22, 5.335 1.22, 5.335 1.04))",2,7100
FreshMart Banksia Grove,Aisle 5 - Hair & Body,Aisle 5,04,Dr. Derm Body Wash 1L,Product,Dr. Derm,2,"POLYGON ((5.427 1.04, 5.627 1.04, 5.627 1.3, 5.427 1.3, 5.427 1.04))",2,7300
FreshMart Banksia Grove,Aisle 5 - Hair & Body,Aisle 5,04,Dr. Derm Shampoo 700ml,Product,Dr. Derm,3,"POLYGON ((5.639 1.04, 5.909 1.04, 5.909 1.28, 5.639 1.28, 5.639 1.04))",2,8400
FreshMart Banksia Grove,Aisle 5 - Hair & Body,Aisle 5,04,FreshMart Essentials Deodorant 250ml,Product,FreshMart Essentials,3,"POLYGON ((5.921 1.04, 6.101 1.04, 6.101 1.22, 5.921 1.22, 5.921 1.04))",2,11300
FreshMart Banksia Grove,Aisle 5 - Hair & Body,Aisle 5,04,FreshMart Essentials Conditioner 700ml,Product,FreshMart Essentials,2,"POLYGON ((6.113 1.04, 6.293 1.04, 6.293 1.28, 6.113 1.28, 6.113 1.04))",2,5600
FreshMart Banksia Grove,Aisle 5 - Hair & Body,Aisle 5,04,Silk & Stone Toothpaste 110g,Product,Silk & Stone,1,"POLYGON ((6.305 1.04, 6.345 1.04, 6.345 1.22, 6.305 1.22, 6.305 1.04))",2,3200
FreshMart Banksia Grove,Aisle 5 - Hair & Body,Aisle 5,04,Shelf 3 - Bay 04,Shelf,,,"POLYGON ((4.8 1.46, 6.4 1.46, 6.4 1.5, 4.8 1.5, 4.8 1.46))",1,
FreshMart Banksia Grove,Aisle 5 - Hair & Body,Aisle 5,04,FreshMart Essentials Toothpaste 110g,Product,FreshMart Essentials,1,"POLYGON ((4.835 1.5, 4.875 1.5, 4.875 1.68, 4.835 1.68, 4.835 1.5))",2,2500
FreshMart Banksia Grove,Aisle 5 - Hair & Body,Aisle 5,04,Fresh Fade Body Wash 1L,Product,Fresh Fade,2,"POLYGON ((4.887 1.5, 5.087 1.5, 5.087 1.76, 4.887 1.76, 4.887 1.5))",2,7600
FreshMart Banksia Grove,Aisle 5 - Hair & Body,Aisle 5,04,Fresh Fade Conditioner 700ml,Product,Fresh Fade,3,"POLYGON ((5.099 1.5, 5.369 1.5, 5.369 1.74, 5.099 1.74, 5.099 1.5))",2,7300
FreshMart Banksia Grove,Aisle 5 - Hair & Body,Aisle 5,04,Fresh Fade Bar Soap 4pk,Product,Fresh Fade,3,"POLYGON ((5.381 1.5, 5.771 1.5, 5.771 1.6, 5.381 1.6, 5.381 1.5))",2,6100
FreshMart Banksia Grove,Aisle 5 - Hair & Body,Aisle 5,04,Dr. Derm Conditioner 700ml,Product,Dr. Derm,1,"POLYGON ((5.783 1.5, 5.873 1.5, 5.873 1.74, 5.783 1.74, 5.783 1.5))",2,2600
FreshMart Banksia Grove,Aisle 5 - Hair & Body,Aisle 5,04,FreshMart Essentials Conditioner 700ml,Product,FreshMart Essentials,2,"POLYGON ((5.885 1.5, 6.065 1.5, 6.065 1.74, 5.885 1.74, 5.885 1.5))",2,4100
FreshMart Banksia Grove,Aisle 5 - Hair & Body,Aisle 5,04,Dr. Derm Toothpaste 110g,Product,Dr. Derm,1,"POLYGON ((6.077 1.5, 6.117 1.5, 6.117 1.68, 6.077 1.68, 6.077 1.5))",2,2300
FreshMart Banksia Grove,Aisle 5 - Hair & Body,Aisle 5,04,Silk & Stone Toothpaste 110g,Product,Silk & Stone,3,"POLYGON ((6.129 1.5, 6.249 1.5, 6.249 1.68, 6.129 1.68, 6.129 1.5))",2,10300
FreshMart Banksia Grove,Aisle 5 - Hair & Body,Aisle 5,04,Fresh Fade Shampoo 700ml,Product,Fresh Fade,1,"POLYGON ((6.261 1.5, 6.351 1.5, 6.351 1.74, 6.261 1.74, 6.261 1.5))",2,2400
FreshMart Banksia Grove,Aisle 5 - Hair & Body,Aisle 5,04,Shelf 4 - Bay 04,Shelf,,,"POLYGON ((4.8 1.86, 6.4 1.86, 6.4 1.9, 4.8 1.9, 4.8 1.86))",1,
FreshMart Banksia Grove,Aisle 5 - Hair & Body,Aisle 5,04,Silk & Stone Conditioner 700ml,Product,Silk & Stone,3,"POLYGON ((4.835 1.9, 5.105 1.9, 5.105 2.14, 4.835 2.14, 4.835 1.9))",2,7600
FreshMart Banksia Grove,Aisle 5 - Hair & Body,Aisle 5,04,FreshMart Essentials Deodorant 250ml,Product,FreshMart Essentials,1,"POLYGON ((5.117 1.9, 5.177 1.9, 5.177 2.08, 5.117 2.08, 5.117 1.9))",2,3600
FreshMart Banksia Grove,Aisle 5 - Hair & Body,Aisle 5,04,FreshMart Essentials Deodorant 250ml,Product,FreshMart Essentials,1,"POLYGON ((5.189 1.9, 5.249 1.9, 5.249 2.08, 5.189 2.08, 5.189 1.9))",2,3500
FreshMart Banksia Grove,Aisle 5 - Hair & Body,Aisle 5,04,Dr. Derm Shampoo 700ml,Product,Dr. Derm,2,"POLYGON ((5.261 1.9, 5.441 1.9, 5.441 2.14, 5.261 2.14, 5.261 1.9))",2,7700
FreshMart Banksia Grove,Aisle 5 - Hair & Body,Aisle 5,04,Silk & Stone Deodorant 250ml,Product,Silk & Stone,3,"POLYGON ((5.453 1.9, 5.633 1.9, 5.633 2.08, 5.453 2.08, 5.453 1.9))",2,7000
FreshMart Banksia Grove,Aisle 5 - Hair & Body,Aisle 5,04,Silk & Stone Deodorant 250ml,Product,Silk & Stone,2,"POLYGON ((5.645 1.9, 5.765 1.9, 5.765 2.08, 5.645 2.08, 5.645 1.9))",2,6600
FreshMart Banksia Grove,Aisle 5 - Hair & Body,Aisle 5,04,Silk & Stone Toothpaste 110g,Product,Silk & Stone,2,"POLYGON ((5.777 1.9, 5.857 1.9, 5.857 2.08, 5.777 2.08, 5.777 1.9))",2,4900
FreshMart Banksia Grove,Aisle 5 - Hair & Body,Aisle 5,04,Dr. Derm Deodorant 250ml,Product,Dr. Derm,1,"POLYGON ((5.869 1.9, 5.929 1.9, 5.929 2.08, 5.869 2.08, 5.869 1.9))",2,3700
FreshMart Banksia Grove,Aisle 5 - Hair & Body,Aisle 5,04,Fresh Fade Toothpaste 110g,Product,Fresh Fade,2,"POLYGON ((5.941 1.9, 6.021 1.9, 6.021 2.08, 5.941 2.08, 5.941 1.9))",2,4500
FreshMart Banksia Grove,Aisle 5 - Hair & Body,Aisle 5,04,FreshMart Essentials Conditioner 700ml,Product,FreshMart Essentials,3,"POLYGON ((6.033 1.9, 6.303 1.9, 6.303 2.14, 6.033 2.14, 6.033 1.9))",2,8500
FreshMart Banksia Grove,Aisle 5 - Hair & Body,Aisle 5,04,Dr. Derm Toothpaste 110g,Product,Dr. Derm,1,"POLYGON ((6.315 1.9, 6.355 1.9, 6.355 2.08, 6.315 2.08, 6.315 1.9))",2,3800
FreshMart Banksia Grove,Aisle 5 - Baby Care,Aisle 5,05,Bay Frame 05,Rack,,,"POLYGON ((0 0, 1.6 0, 1.6 2.2, 0 2.2, 0 0))",0,
FreshMart Banksia Grove,Aisle 5 - Baby Care,Aisle 5,06,Bay Frame 06,Rack,,,"POLYGON ((1.6 0, 3.2 0, 3.2 2.2, 1.6 2.2, 1.6 0))",0,
FreshMart Banksia Grove,Aisle 5 - Baby Care,Aisle 5,07,Bay Frame 07,Rack,,,"POLYGON ((3.2 0, 4.8 0, 4.8 2.2, 3.2 2.2, 3.2 0))",0,
FreshMart Banksia Grove,Aisle 5 - Baby Care,Aisle 5,,Upright 1,Rack,,,"POLYGON ((0 0, 0.025 0, 0.025 2.2, 0 2.2, 0 0))",0,
FreshMart Banksia Grove,Aisle 5 - Baby Care,Aisle 5,,Upright 2,Rack,,,"POLYGON ((1.575 0, 1.625 0, 1.625 2.2, 1.575 2.2, 1.575 0))",0,
FreshMart Banksia Grove,Aisle 5 - Baby Care,Aisle 5,,Upright 3,Rack,,,"POLYGON ((3.175 0, 3.225 0, 3.225 2.2, 3.175 2.2, 3.175 0))",0,
FreshMart Banksia Grove,Aisle 5 - Baby Care,Aisle 5,,Upright 4,Rack,,,"POLYGON ((4.775 0, 4.8 0, 4.8 2.2, 4.775 2.2, 4.775 0))",0,
FreshMart Banksia Grove,Aisle 5 - Baby Care,Aisle 5,05,Base Deck - Bay 05,Base Deck,,,"POLYGON ((0 0, 1.6 0, 1.6 0.1, 0 0.1, 0 0))",1,
FreshMart Banksia Grove,Aisle 5 - Baby Care,Aisle 5,05,TinyCare Rusks 100g,Product,TinyCare,2,"POLYGON ((0.035 0.1, 0.295 0.1, 0.295 0.28, 0.035 0.28, 0.035 0.1))",2,4900
FreshMart Banksia Grove,Aisle 5 - Baby Care,Aisle 5,05,TinyCare Baby Food Pouch 120g,Product,TinyCare,1,"POLYGON ((0.307 0.1, 0.377 0.1, 0.377 0.24, 0.307 0.24, 0.307 0.1))",2,2500
FreshMart Banksia Grove,Aisle 5 - Baby Care,Aisle 5,05,TinyCare Rusks 100g,Product,TinyCare,3,"POLYGON ((0.389 0.1, 0.779 0.1, 0.779 0.28, 0.389 0.28, 0.389 0.1))",2,8900
FreshMart Banksia Grove,Aisle 5 - Baby Care,Aisle 5,05,FreshMart Essentials Infant Formula 900g,Product,FreshMart Essentials,1,"POLYGON ((0.791 0.1, 0.921 0.1, 0.921 0.3, 0.791 0.3, 0.791 0.1))",2,3200
FreshMart Banksia Grove,Aisle 5 - Baby Care,Aisle 5,05,TinyCare Baby Shampoo 500ml,Product,TinyCare,3,"POLYGON ((0.933 0.1, 1.173 0.1, 1.173 0.3, 0.933 0.3, 0.933 0.1))",2,9500
FreshMart Banksia Grove,Aisle 5 - Baby Care,Aisle 5,05,TinyCare Infant Formula 900g,Product,TinyCare,1,"POLYGON ((1.185 0.1, 1.315 0.1, 1.315 0.3, 1.185 0.3, 1.185 0.1))",2,2900
FreshMart Banksia Grove,Aisle 5 - Baby Care,Aisle 5,05,FreshMart Essentials Rusks 100g,Product,FreshMart Essentials,1,"POLYGON ((1.327 0.1, 1.457 0.1, 1.457 0.28, 1.327 0.28, 1.327 0.1))",2,4300
FreshMart Banksia Grove,Aisle 5 - Baby Care,Aisle 5,05,TinyCare Baby Shampoo 500ml,Product,TinyCare,1,"POLYGON ((1.469 0.1, 1.549 0.1, 1.549 0.3, 1.469 0.3, 1.469 0.1))",2,3800
FreshMart Banksia Grove,Aisle 5 - Baby Care,Aisle 5,05,Shelf 1 - Bay 05,Shelf,,,"POLYGON ((0 0.53, 1.6 0.53, 1.6 0.57, 0 0.57, 0 0.53))",1,
FreshMart Banksia Grove,Aisle 5 - Baby Care,Aisle 5,05,TinyCare Baby Food Pouch 120g,Product,TinyCare,2,"POLYGON ((0.035 0.57, 0.175 0.57, 0.175 0.71, 0.035 0.71, 0.035 0.57))",2,6900
FreshMart Banksia Grove,Aisle 5 - Baby Care,Aisle 5,05,FreshMart Essentials Baby Shampoo 500ml,Product,FreshMart Essentials,3,"POLYGON ((0.187 0.57, 0.427 0.57, 0.427 0.77, 0.187 0.77, 0.187 0.57))",2,10600
FreshMart Banksia Grove,Aisle 5 - Baby Care,Aisle 5,05,TinyCare Baby Shampoo 500ml,Product,TinyCare,2,"POLYGON ((0.439 0.57, 0.599 0.57, 0.599 0.77, 0.439 0.77, 0.439 0.57))",2,8000
FreshMart Banksia Grove,Aisle 5 - Baby Care,Aisle 5,05,FreshMart Essentials Baby Wipes 240pk,Product,FreshMart Essentials,3,"POLYGON ((0.611 0.57, 1.391 0.57, 1.391 0.73, 0.611 0.73, 0.611 0.57))",2,8300
FreshMart Banksia Grove,Aisle 5 - Baby Care,Aisle 5,05,FreshMart Essentials Baby Food Pouch 120g,Product,FreshMart Essentials,2,"POLYGON ((1.403 0.57, 1.543 0.57, 1.543 0.71, 1.403 0.71, 1.403 0.57))",2,7600
FreshMart Banksia Grove,Aisle 5 - Baby Care,Aisle 5,05,Shelf 2 - Bay 05,Shelf,,,"POLYGON ((0 1, 1.6 1, 1.6 1.04, 0 1.04, 0 1))",1,
FreshMart Banksia Grove,Aisle 5 - Baby Care,Aisle 5,05,FreshMart Essentials Baby Shampoo 500ml,Product,FreshMart Essentials,1,"POLYGON ((0.035 1.04, 0.115 1.04, 0.115 1.24, 0.035 1.24, 0.035 1.04))",2,3000
FreshMart Banksia Grove,Aisle 5 - Baby Care,Aisle 5,05,FreshMart Essentials Baby Shampoo 500ml,Product,FreshMart Essentials,1,"POLYGON ((0.127 1.04, 0.207 1.04, 0.207 1.24, 0.127 1.24, 0.127 1.04))",2,4000
FreshMart Banksia Grove,Aisle 5 - Baby Care,Aisle 5,05,FreshMart Essentials Nappies Size 3 44pk,Product,FreshMart Essentials,1,"POLYGON ((0.219 1.04, 0.619 1.04, 0.619 1.4, 0.219 1.4, 0.219 1.04))",2,2400
FreshMart Banksia Grove,Aisle 5 - Baby Care,Aisle 5,05,Little Cloud Baby Wipes 240pk,Product,Little Cloud,2,"POLYGON ((0.631 1.04, 1.151 1.04, 1.151 1.2, 0.631 1.2, 0.631 1.04))",2,5100
FreshMart Banksia Grove,Aisle 5 - Baby Care,Aisle 5,05,FreshMart Essentials Rusks 100g,Product,FreshMart Essentials,1,"POLYGON ((1.163 1.04, 1.293 1.04, 1.293 1.22, 1.163 1.22, 1.163 1.04))",2,2300
FreshMart Banksia Grove,Aisle 5 - Baby Care,Aisle 5,05,FreshMart Essentials Infant Formula 900g,Product,FreshMart Essentials,1,"POLYGON ((1.305 1.04, 1.435 1.04, 1.435 1.24, 1.305 1.24, 1.305 1.04))",2,2300
FreshMart Banksia Grove,Aisle 5 - Baby Care,Aisle 5,05,FreshMart Essentials Baby Shampoo 500ml,Product,FreshMart Essentials,1,"POLYGON ((1.447 1.04, 1.527 1.04, 1.527 1.24, 1.447 1.24, 1.447 1.04))",2,4300
FreshMart Banksia Grove,Aisle 5 - Baby Care,Aisle 5,05,Shelf 3 - Bay 05,Shelf,,,"POLYGON ((0 1.46, 1.6 1.46, 1.6 1.5, 0 1.5, 0 1.46))",1,
FreshMart Banksia Grove,Aisle 5 - Baby Care,Aisle 5,05,TinyCare Rusks 100g,Product,TinyCare,2,"POLYGON ((0.035 1.5, 0.295 1.5, 0.295 1.68, 0.035 1.68, 0.035 1.5))",2,8600
FreshMart Banksia Grove,Aisle 5 - Baby Care,Aisle 5,05,Little Cloud Infant Formula 900g,Product,Little Cloud,1,"POLYGON ((0.307 1.5, 0.437 1.5, 0.437 1.7, 0.307 1.7, 0.307 1.5))",2,4300
FreshMart Banksia Grove,Aisle 5 - Baby Care,Aisle 5,05,FreshMart Essentials Infant Formula 900g,Product,FreshMart Essentials,1,"POLYGON ((0.449 1.5, 0.579 1.5, 0.579 1.7, 0.449 1.7, 0.449 1.5))",2,4400
FreshMart Banksia Grove,Aisle 5 - Baby Care,Aisle 5,05,FreshMart Essentials Baby Wipes 240pk,Product,FreshMart Essentials,3,"POLYGON ((0.591 1.5, 1.371 1.5, 1.371 1.66, 0.591 1.66, 0.591 1.5))",2,11200
FreshMart Banksia Grove,Aisle 5 - Baby Care,Aisle 5,05,TinyCare Baby Food Pouch 120g,Product,TinyCare,2,"POLYGON ((1.383 1.5, 1.523 1.5, 1.523 1.64, 1.383 1.64, 1.383 1.5))",2,7500
FreshMart Banksia Grove,Aisle 5 - Baby Care,Aisle 5,05,Shelf 4 - Bay 05,Shelf,,,"POLYGON ((0 1.86, 1.6 1.86, 1.6 1.9, 0 1.9, 0 1.86))",1,
FreshMart Banksia Grove,Aisle 5 - Baby Care,Aisle 5,05,FreshMart Essentials Baby Wipes 240pk,Product,FreshMart Essentials,3,"POLYGON ((0.035 1.9, 0.815 1.9, 0.815 2.06, 0.035 2.06, 0.035 1.9))",2,13200
FreshMart Banksia Grove,Aisle 5 - Baby Care,Aisle 5,05,Little Cloud Baby Food Pouch 120g,Product,Little Cloud,2,"POLYGON ((0.827 1.9, 0.967 1.9, 0.967 2.04, 0.827 2.04, 0.827 1.9))",2,4800
FreshMart Banksia Grove,Aisle 5 - Baby Care,Aisle 5,05,Little Cloud Baby Wipes 240pk,Product,Little Cloud,1,"POLYGON ((0.979 1.9, 1.239 1.9, 1.239 2.06, 0.979 2.06, 0.979 1.9))",2,2500
FreshMart Banksia Grove,Aisle 5 - Baby Care,Aisle 5,05,FreshMart Essentials Baby Wipes 240pk,Product,FreshMart Essentials,1,"POLYGON ((1.251 1.9, 1.511 1.9, 1.511 2.06, 1.251 2.06, 1.251 1.9))",2,2900
FreshMart Banksia Grove,Aisle 5 - Baby Care,Aisle 5,06,Base Deck - Bay 06,Base Deck,,,"POLYGON ((1.6 0, 3.2 0, 3.2 0.1, 1.6 0.1, 1.6 0))",1,
FreshMart Banksia Grove,Aisle 5 - Baby Care,Aisle 5,06,FreshMart Essentials Baby Food Pouch 120g,Product,FreshMart Essentials,2,"POLYGON ((1.635 0.1, 1.775 0.1, 1.775 0.24, 1.635 0.24, 1.635 0.1))",2,5500
FreshMart Banksia Grove,Aisle 5 - Baby Care,Aisle 5,06,Little Cloud Baby Food Pouch 120g,Product,Little Cloud,1,"POLYGON ((1.787 0.1, 1.857 0.1, 1.857 0.24, 1.787 0.24, 1.787 0.1))",2,4000
FreshMart Banksia Grove,Aisle 5 - Baby Care,Aisle 5,06,TinyCare Baby Wipes 240pk,Product,TinyCare,3,"POLYGON ((1.869 0.1, 2.649 0.1, 2.649 0.26, 1.869 0.26, 1.869 0.1))",2,6800
FreshMart Banksia Grove,Aisle 5 - Baby Care,Aisle 5,06,TinyCare Baby Wipes 240pk,Product,TinyCare,1,"POLYGON ((2.661 0.1, 2.921 0.1, 2.921 0.26, 2.661 0.26, 2.661 0.1))",2,3500
FreshMart Banksia Grove,Aisle 5 - Baby Care,Aisle 5,06,TinyCare Rusks 100g,Product,TinyCare,1,"POLYGON ((2.933 0.1, 3.063 0.1, 3.063 0.28, 2.933 0.28, 2.933 0.1))",2,2600
FreshMart Banksia Grove,Aisle 5 - Baby Care,Aisle 5,06,FreshMart Essentials Baby Shampoo 500ml,Product,FreshMart Essentials,1,"POLYGON ((3.075 0.1, 3.155 0.1, 3.155 0.3, 3.075 0.3, 3.075 0.1))",2,3800
FreshMart Banksia Grove,Aisle 5 - Baby Care,Aisle 5,06,Shelf 1 - Bay 06,Shelf,,,"POLYGON ((1.6 0.53, 3.2 0.53, 3.2 0.57, 1.6 0.57, 1.6 0.53))",1,
FreshMart Banksia Grove,Aisle 5 - Baby Care,Aisle 5,06,Little Cloud Nappies Size 3 44pk,Product,Little Cloud,2,"POLYGON ((1.635 0.57, 2.435 0.57, 2.435 0.93, 1.635 0.93, 1.635 0.57))",2,5800
FreshMart Banksia Grove,Aisle 5 - Baby Care,Aisle 5,06,FreshMart Essentials Baby Food Pouch 120g,Product,FreshMart Essentials,1,"POLYGON ((2.447 0.57, 2.517 0.57, 2.517 0.71, 2.447 0.71, 2.447 0.57))",2,4100
FreshMart Banksia Grove,Aisle 5 - Baby Care,Aisle 5,06,TinyCare Baby Food Pouch 120g,Product,TinyCare,1,"POLYGON ((2.529 0.57, 2.599 0.57, 2.599 0.71, 2.529 0.71, 2.529 0.57))",2,4300
FreshMart Banksia Grove,Aisle 5 - Baby Care,Aisle 5,06,Little Cloud Rusks 100g,Product,Little Cloud,2,"POLYGON ((2.611 0.57, 2.871 0.57, 2.871 0.75, 2.611 0.75, 2.611 0.57))",2,5000
FreshMart Banksia Grove,Aisle 5 - Baby Care,Aisle 5,06,Little Cloud Baby Wipes 240pk,Product,Little Cloud,1,"POLYGON ((2.883 0.57, 3.143 0.57, 3.143 0.73, 2.883 0.73, 2.883 0.57))",2,3000
FreshMart Banksia Grove,Aisle 5 - Baby Care,Aisle 5,06,Shelf 2 - Bay 06,Shelf,,,"POLYGON ((1.6 1, 3.2 1, 3.2 1.04, 1.6 1.04, 1.6 1))",1,
FreshMart Banksia Grove,Aisle 5 - Baby Care,Aisle 5,06,TinyCare Baby Food Pouch 120g,Product,TinyCare,2,"POLYGON ((1.635 1.04, 1.775 1.04, 1.775 1.18, 1.635 1.18, 1.635 1.04))",2,5600
FreshMart Banksia Grove,Aisle 5 - Baby Care,Aisle 5,06,Little Cloud Baby Shampoo 500ml,Product,Little Cloud,1,"POLYGON ((1.787 1.04, 1.867 1.04, 1.867 1.24, 1.787 1.24, 1.787 1.04))",2,3500
FreshMart Banksia Grove,Aisle 5 - Baby Care,Aisle 5,06,Little Cloud Infant Formula 900g,Product,Little Cloud,2,"POLYGON ((1.879 1.04, 2.139 1.04, 2.139 1.24, 1.879 1.24, 1.879 1.04))",2,8200
FreshMart Banksia Grove,Aisle 5 - Baby Care,Aisle 5,06,FreshMart Essentials Baby Food Pouch 120g,Product,FreshMart Essentials,2,"POLYGON ((2.151 1.04, 2.291 1.04, 2.291 1.18, 2.151 1.18, 2.151 1.04))",2,4400
FreshMart Banksia Grove,Aisle 5 - Baby Care,Aisle 5,06,FreshMart Essentials Rusks 100g,Product,FreshMart Essentials,2,"POLYGON ((2.303 1.04, 2.563 1.04, 2.563 1.22, 2.303 1.22, 2.303 1.04))",2,7300
FreshMart Banksia Grove,Aisle 5 - Baby Care,Aisle 5,06,TinyCare Nappies Size 3 44pk,Product,TinyCare,1,"POLYGON ((2.575 1.04, 2.975 1.04, 2.975 1.4, 2.575 1.4, 2.575 1.04))",2,2900
FreshMart Banksia Grove,Aisle 5 - Baby Care,Aisle 5,06,Little Cloud Infant Formula 900g,Product,Little Cloud,1,"POLYGON ((2.987 1.04, 3.117 1.04, 3.117 1.24, 2.987 1.24, 2.987 1.04))",2,2300
FreshMart Banksia Grove,Aisle 5 - Baby Care,Aisle 5,06,Shelf 3 - Bay 06,Shelf,,,"POLYGON ((1.6 1.46, 3.2 1.46, 3.2 1.5, 1.6 1.5, 1.6 1.46))",1,
FreshMart Banksia Grove,Aisle 5 - Baby Care,Aisle 5,06,TinyCare Baby Shampoo 500ml,Product,TinyCare,1,"POLYGON ((1.635 1.5, 1.715 1.5, 1.715 1.7, 1.635 1.7, 1.635 1.5))",2,4100
FreshMart Banksia Grove,Aisle 5 - Baby Care,Aisle 5,06,Little Cloud Rusks 100g,Product,Little Cloud,2,"POLYGON ((1.727 1.5, 1.987 1.5, 1.987 1.68, 1.727 1.68, 1.727 1.5))",2,5400
FreshMart Banksia Grove,Aisle 5 - Baby Care,Aisle 5,06,Little Cloud Rusks 100g,Product,Little Cloud,1,"POLYGON ((1.999 1.5, 2.129 1.5, 2.129 1.68, 1.999 1.68, 1.999 1.5))",2,2200
FreshMart Banksia Grove,Aisle 5 - Baby Care,Aisle 5,06,FreshMart Essentials Baby Food Pouch 120g,Product,FreshMart Essentials,1,"POLYGON ((2.141 1.5, 2.211 1.5, 2.211 1.64, 2.141 1.64, 2.141 1.5))",2,4200
FreshMart Banksia Grove,Aisle 5 - Baby Care,Aisle 5,06,FreshMart Essentials Baby Shampoo 500ml,Product,FreshMart Essentials,1,"POLYGON ((2.223 1.5, 2.303 1.5, 2.303 1.7, 2.223 1.7, 2.223 1.5))",2,4000
FreshMart Banksia Grove,Aisle 5 - Baby Care,Aisle 5,06,FreshMart Essentials Baby Shampoo 500ml,Product,FreshMart Essentials,1,"POLYGON ((2.315 1.5, 2.395 1.5, 2.395 1.7, 2.315 1.7, 2.315 1.5))",2,4200
FreshMart Banksia Grove,Aisle 5 - Baby Care,Aisle 5,06,TinyCare Baby Wipes 240pk,Product,TinyCare,2,"POLYGON ((2.407 1.5, 2.927 1.5, 2.927 1.66, 2.407 1.66, 2.407 1.5))",2,6600
FreshMart Banksia Grove,Aisle 5 - Baby Care,Aisle 5,06,Little Cloud Baby Shampoo 500ml,Product,Little Cloud,1,"POLYGON ((2.939 1.5, 3.019 1.5, 3.019 1.7, 2.939 1.7, 2.939 1.5))",2,2300
FreshMart Banksia Grove,Aisle 5 - Baby Care,Aisle 5,06,Little Cloud Rusks 100g,Product,Little Cloud,1,"POLYGON ((3.031 1.5, 3.161 1.5, 3.161 1.68, 3.031 1.68, 3.031 1.5))",2,2700
FreshMart Banksia Grove,Aisle 5 - Baby Care,Aisle 5,06,Shelf 4 - Bay 06,Shelf,,,"POLYGON ((1.6 1.86, 3.2 1.86, 3.2 1.9, 1.6 1.9, 1.6 1.86))",1,
FreshMart Banksia Grove,Aisle 5 - Baby Care,Aisle 5,06,FreshMart Essentials Baby Wipes 240pk,Product,FreshMart Essentials,1,"POLYGON ((1.635 1.9, 1.895 1.9, 1.895 2.06, 1.635 2.06, 1.635 1.9))",2,3100
FreshMart Banksia Grove,Aisle 5 - Baby Care,Aisle 5,06,TinyCare Infant Formula 900g,Product,TinyCare,3,"POLYGON ((1.907 1.9, 2.297 1.9, 2.297 2.1, 1.907 2.1, 1.907 1.9))",2,11100
FreshMart Banksia Grove,Aisle 5 - Baby Care,Aisle 5,06,Little Cloud Baby Shampoo 500ml,Product,Little Cloud,1,"POLYGON ((2.309 1.9, 2.389 1.9, 2.389 2.1, 2.309 2.1, 2.309 1.9))",2,2700
FreshMart Banksia Grove,Aisle 5 - Baby Care,Aisle 5,06,FreshMart Essentials Baby Wipes 240pk,Product,FreshMart Essentials,2,"POLYGON ((2.401 1.9, 2.921 1.9, 2.921 2.06, 2.401 2.06, 2.401 1.9))",2,6500
FreshMart Banksia Grove,Aisle 5 - Baby Care,Aisle 5,06,FreshMart Essentials Rusks 100g,Product,FreshMart Essentials,1,"POLYGON ((2.933 1.9, 3.063 1.9, 3.063 2.08, 2.933 2.08, 2.933 1.9))",2,2500
FreshMart Banksia Grove,Aisle 5 - Baby Care,Aisle 5,06,Little Cloud Baby Food Pouch 120g,Product,Little Cloud,1,"POLYGON ((3.075 1.9, 3.145 1.9, 3.145 2.04, 3.075 2.04, 3.075 1.9))",2,3300
FreshMart Banksia Grove,Aisle 5 - Baby Care,Aisle 5,07,Base Deck - Bay 07,Base Deck,,,"POLYGON ((3.2 0, 4.8 0, 4.8 0.1, 3.2 0.1, 3.2 0))",1,
FreshMart Banksia Grove,Aisle 5 - Baby Care,Aisle 5,07,Little Cloud Baby Wipes 240pk,Product,Little Cloud,1,"POLYGON ((3.235 0.1, 3.495 0.1, 3.495 0.26, 3.235 0.26, 3.235 0.1))",2,2300
FreshMart Banksia Grove,Aisle 5 - Baby Care,Aisle 5,07,TinyCare Baby Food Pouch 120g,Product,TinyCare,3,"POLYGON ((3.507 0.1, 3.717 0.1, 3.717 0.24, 3.507 0.24, 3.507 0.1))",2,10500
FreshMart Banksia Grove,Aisle 5 - Baby Care,Aisle 5,07,FreshMart Essentials Infant Formula 900g,Product,FreshMart Essentials,1,"POLYGON ((3.729 0.1, 3.859 0.1, 3.859 0.3, 3.729 0.3, 3.729 0.1))",2,3300
FreshMart Banksia Grove,Aisle 5 - Baby Care,Aisle 5,07,FreshMart Essentials Baby Shampoo 500ml,Product,FreshMart Essentials,2,"POLYGON ((3.871 0.1, 4.031 0.1, 4.031 0.3, 3.871 0.3, 3.871 0.1))",2,6200
FreshMart Banksia Grove,Aisle 5 - Baby Care,Aisle 5,07,TinyCare Baby Shampoo 500ml,Product,TinyCare,1,"POLYGON ((4.043 0.1, 4.123 0.1, 4.123 0.3, 4.043 0.3, 4.043 0.1))",2,3400
FreshMart Banksia Grove,Aisle 5 - Baby Care,Aisle 5,07,FreshMart Essentials Infant Formula 900g,Product,FreshMart Essentials,2,"POLYGON ((4.135 0.1, 4.395 0.1, 4.395 0.3, 4.135 0.3, 4.135 0.1))",2,6400
FreshMart Banksia Grove,Aisle 5 - Baby Care,Aisle 5,07,TinyCare Baby Food Pouch 120g,Product,TinyCare,1,"POLYGON ((4.407 0.1, 4.477 0.1, 4.477 0.24, 4.407 0.24, 4.407 0.1))",2,3300
FreshMart Banksia Grove,Aisle 5 - Baby Care,Aisle 5,07,TinyCare Rusks 100g,Product,TinyCare,2,"POLYGON ((4.489 0.1, 4.749 0.1, 4.749 0.28, 4.489 0.28, 4.489 0.1))",2,5600
FreshMart Banksia Grove,Aisle 5 - Baby Care,Aisle 5,07,Shelf 1 - Bay 07,Shelf,,,"POLYGON ((3.2 0.53, 4.8 0.53, 4.8 0.57, 3.2 0.57, 3.2 0.53))",1,
FreshMart Banksia Grove,Aisle 5 - Baby Care,Aisle 5,07,TinyCare Baby Food Pouch 120g,Product,TinyCare,2,"POLYGON ((3.235 0.57, 3.375 0.57, 3.375 0.71, 3.235 0.71, 3.235 0.57))",2,7300
FreshMart Banksia Grove,Aisle 5 - Baby Care,Aisle 5,07,FreshMart Essentials Rusks 100g,Product,FreshMart Essentials,1,"POLYGON ((3.387 0.57, 3.517 0.57, 3.517 0.75, 3.387 0.75, 3.387 0.57))",2,3800
FreshMart Banksia Grove,Aisle 5 - Baby Care,Aisle 5,07,FreshMart Essentials Baby Food Pouch 120g,Product,FreshMart Essentials,2,"POLYGON ((3.529 0.57, 3.669 0.57, 3.669 0.71, 3.529 0.71, 3.529 0.57))",2,6100
FreshMart Banksia Grove,Aisle 5 - Baby Care,Aisle 5,07,Little Cloud Rusks 100g,Product,Little Cloud,3,"POLYGON ((3.681 0.57, 4.071 0.57, 4.071 0.75, 3.681 0.75, 3.681 0.57))",2,9400
FreshMart Banksia Grove,Aisle 5 - Baby Care,Aisle 5,07,Little Cloud Nappies Size 3 44pk,Product,Little Cloud,1,"POLYGON ((4.083 0.57, 4.483 0.57, 4.483 0.93, 4.083 0.93, 4.083 0.57))",2,4000
FreshMart Banksia Grove,Aisle 5 - Baby Care,Aisle 5,07,TinyCare Baby Wipes 240pk,Product,TinyCare,1,"POLYGON ((4.495 0.57, 4.755 0.57, 4.755 0.73, 4.495 0.73, 4.495 0.57))",2,4100
FreshMart Banksia Grove,Aisle 5 - Baby Care,Aisle 5,07,Shelf 2 - Bay 07,Shelf,,,"POLYGON ((3.2 1, 4.8 1, 4.8 1.04, 3.2 1.04, 3.2 1))",1,
FreshMart Banksia Grove,Aisle 5 - Baby Care,Aisle 5,07,TinyCare Nappies Size 3 44pk,Product,TinyCare,3,"POLYGON ((3.235 1.04, 4.435 1.04, 4.435 1.4, 3.235 1.4, 3.235 1.04))",2,10800
FreshMart Banksia Grove,Aisle 5 - Baby Care,Aisle 5,07,Little Cloud Baby Wipes 240pk,Product,Little Cloud,1,"POLYGON ((4.447 1.04, 4.707 1.04, 4.707 1.2, 4.447 1.2, 4.447 1.04))",2,3800
FreshMart Banksia Grove,Aisle 5 - Baby Care,Aisle 5,07,Shelf 3 - Bay 07,Shelf,,,"POLYGON ((3.2 1.46, 4.8 1.46, 4.8 1.5, 3.2 1.5, 3.2 1.46))",1,
FreshMart Banksia Grove,Aisle 5 - Baby Care,Aisle 5,07,TinyCare Infant Formula 900g,Product,TinyCare,3,"POLYGON ((3.235 1.5, 3.625 1.5, 3.625 1.7, 3.235 1.7, 3.235 1.5))",2,8400
FreshMart Banksia Grove,Aisle 5 - Baby Care,Aisle 5,07,Little Cloud Rusks 100g,Product,Little Cloud,2,"POLYGON ((3.637 1.5, 3.897 1.5, 3.897 1.68, 3.637 1.68, 3.637 1.5))",2,6000
FreshMart Banksia Grove,Aisle 5 - Baby Care,Aisle 5,07,FreshMart Essentials Infant Formula 900g,Product,FreshMart Essentials,2,"POLYGON ((3.909 1.5, 4.169 1.5, 4.169 1.7, 3.909 1.7, 3.909 1.5))",2,5000
FreshMart Banksia Grove,Aisle 5 - Baby Care,Aisle 5,07,Little Cloud Baby Wipes 240pk,Product,Little Cloud,1,"POLYGON ((4.181 1.5, 4.441 1.5, 4.441 1.66, 4.181 1.66, 4.181 1.5))",2,4400
FreshMart Banksia Grove,Aisle 5 - Baby Care,Aisle 5,07,Little Cloud Rusks 100g,Product,Little Cloud,2,"POLYGON ((4.453 1.5, 4.713 1.5, 4.713 1.68, 4.453 1.68, 4.453 1.5))",2,7700
FreshMart Banksia Grove,Aisle 5 - Baby Care,Aisle 5,07,Shelf 4 - Bay 07,Shelf,,,"POLYGON ((3.2 1.86, 4.8 1.86, 4.8 1.9, 3.2 1.9, 3.2 1.86))",1,
FreshMart Banksia Grove,Aisle 5 - Baby Care,Aisle 5,07,TinyCare Baby Shampoo 500ml,Product,TinyCare,1,"POLYGON ((3.235 1.9, 3.315 1.9, 3.315 2.1, 3.235 2.1, 3.235 1.9))",2,2400
FreshMart Banksia Grove,Aisle 5 - Baby Care,Aisle 5,07,FreshMart Essentials Infant Formula 900g,Product,FreshMart Essentials,1,"POLYGON ((3.327 1.9, 3.457 1.9, 3.457 2.1, 3.327 2.1, 3.327 1.9))",2,2600
FreshMart Banksia Grove,Aisle 5 - Baby Care,Aisle 5,07,Little Cloud Baby Food Pouch 120g,Product,Little Cloud,3,"POLYGON ((3.469 1.9, 3.679 1.9, 3.679 2.04, 3.469 2.04, 3.469 1.9))",2,10300
FreshMart Banksia Grove,Aisle 5 - Baby Care,Aisle 5,07,TinyCare Rusks 100g,Product,TinyCare,3,"POLYGON ((3.691 1.9, 4.081 1.9, 4.081 2.08, 3.691 2.08, 3.691 1.9))",2,7900
FreshMart Banksia Grove,Aisle 5 - Baby Care,Aisle 5,07,TinyCare Rusks 100g,Product,TinyCare,3,"POLYGON ((4.093 1.9, 4.483 1.9, 4.483 2.08, 4.093 2.08, 4.093 1.9))",2,13100
FreshMart Banksia Grove,Aisle 5 - Baby Care,Aisle 5,07,TinyCare Rusks 100g,Product,TinyCare,2,"POLYGON ((4.495 1.9, 4.755 1.9, 4.755 2.08, 4.495 2.08, 4.495 1.9))",2,8100
FreshMart Banksia Grove,Aisle 5 - Pet Care,Aisle 5,08,Bay Frame 08,Rack,,,"POLYGON ((0 0, 1.6 0, 1.6 2.2, 0 2.2, 0 0))",0,
FreshMart Banksia Grove,Aisle 5 - Pet Care,Aisle 5,09,Bay Frame 09,Rack,,,"POLYGON ((1.6 0, 3.2 0, 3.2 2.2, 1.6 2.2, 1.6 0))",0,
FreshMart Banksia Grove,Aisle 5 - Pet Care,Aisle 5,10,Bay Frame 10,Rack,,,"POLYGON ((3.2 0, 4.8 0, 4.8 2.2, 3.2 2.2, 3.2 0))",0,
FreshMart Banksia Grove,Aisle 5 - Pet Care,Aisle 5,,Upright 1,Rack,,,"POLYGON ((0 0, 0.025 0, 0.025 2.2, 0 2.2, 0 0))",0,
FreshMart Banksia Grove,Aisle 5 - Pet Care,Aisle 5,,Upright 2,Rack,,,"POLYGON ((1.575 0, 1.625 0, 1.625 2.2, 1.575 2.2, 1.575 0))",0,
FreshMart Banksia Grove,Aisle 5 - Pet Care,Aisle 5,,Upright 3,Rack,,,"POLYGON ((3.175 0, 3.225 0, 3.225 2.2, 3.175 2.2, 3.175 0))",0,
FreshMart Banksia Grove,Aisle 5 - Pet Care,Aisle 5,,Upright 4,Rack,,,"POLYGON ((4.775 0, 4.8 0, 4.8 2.2, 4.775 2.2, 4.775 0))",0,
FreshMart Banksia Grove,Aisle 5 - Pet Care,Aisle 5,08,Base Deck - Bay 08,Base Deck,,,"POLYGON ((0 0, 1.6 0, 1.6 0.1, 0 0.1, 0 0))",1,
FreshMart Banksia Grove,Aisle 5 - Pet Care,Aisle 5,08,FreshMart Essentials Dog Treats 500g,Product,FreshMart Essentials,1,"POLYGON ((0.035 0.1, 0.215 0.1, 0.215 0.36, 0.035 0.36, 0.035 0.1))",2,3700
FreshMart Banksia Grove,Aisle 5 - Pet Care,Aisle 5,08,Wagful Bird Seed Mix 2kg,Product,Wagful,1,"POLYGON ((0.227 0.1, 0.407 0.1, 0.407 0.38, 0.227 0.38, 0.227 0.1))",2,3600
FreshMart Banksia Grove,Aisle 5 - Pet Care,Aisle 5,08,Whisker & Co. Bird Seed Mix 2kg,Product,Whisker & Co.,1,"POLYGON ((0.419 0.1, 0.599 0.1, 0.599 0.38, 0.419 0.38, 0.419 0.1))",2,3200
FreshMart Banksia Grove,Aisle 5 - Pet Care,Aisle 5,08,FreshMart Essentials Dry Cat Food 3kg,Product,FreshMart Essentials,3,"POLYGON ((0.611 0.1, 1.451 0.1, 1.451 0.46, 0.611 0.46, 0.611 0.1))",2,8800
FreshMart Banksia Grove,Aisle 5 - Pet Care,Aisle 5,08,Shelf 1 - Bay 08,Shelf,,,"POLYGON ((0 0.53, 1.6 0.53, 1.6 0.57, 0 0.57, 0 0.53))",1,
FreshMart Banksia Grove,Aisle 5 - Pet Care,Aisle 5,08,Wagful Cat Pouches 12pk,Product,Wagful,1,"POLYGON ((0.035 0.57, 0.235 0.57, 0.235 0.71, 0.035 0.71, 0.035 0.57))",2,3400
FreshMart Banksia Grove,Aisle 5 - Pet Care,Aisle 5,08,Wagful Dry Cat Food 3kg,Product,Wagful,1,"POLYGON ((0.247 0.57, 0.527 0.57, 0.527 0.93, 0.247 0.93, 0.247 0.57))",2,3000
FreshMart Banksia Grove,Aisle 5 - Pet Care,Aisle 5,08,FreshMart Essentials Cat Pouches 12pk,Product,FreshMart Essentials,3,"POLYGON ((0.539 0.57, 1.139 0.57, 1.139 0.71, 0.539 0.71, 0.539 0.57))",2,9000
FreshMart Banksia Grove,Aisle 5 - Pet Care,Aisle 5,08,Whisker & Co. Cat Pouches 12pk,Product,Whisker & Co.,2,"POLYGON ((1.151 0.57, 1.551 0.57, 1.551 0.71, 1.151 0.71, 1.151 0.57))",2,5800
FreshMart Banksia Grove,Aisle 5 - Pet Care,Aisle 5,08,Shelf 2 - Bay 08,Shelf,,,"POLYGON ((0 1, 1.6 1, 1.6 1.04, 0 1.04, 0 1))",1,
FreshMart Banksia Grove,Aisle 5 - Pet Care,Aisle 5,08,Whisker & Co. Cat Pouches 12pk,Product,Whisker & Co.,1,"POLYGON ((0.035 1.04, 0.235 1.04, 0.235 1.18, 0.035 1.18, 0.035 1.04))",2,3100
FreshMart Banksia Grove,Aisle 5 - Pet Care,Aisle 5,08,FreshMart Essentials Cat Pouches 12pk,Product,FreshMart Essentials,1,"POLYGON ((0.247 1.04, 0.447 1.04, 0.447 1.18, 0.247 1.18, 0.247 1.04))",2,2200
FreshMart Banksia Grove,Aisle 5 - Pet Care,Aisle 5,08,Whisker & Co. Cat Pouches 12pk,Product,Whisker & Co.,3,"POLYGON ((0.459 1.04, 1.059 1.04, 1.059 1.18, 0.459 1.18, 0.459 1.04))",2,8700
FreshMart Banksia Grove,Aisle 5 - Pet Care,Aisle 5,08,FreshMart Essentials Cat Litter 7L,Product,FreshMart Essentials,1,"POLYGON ((1.071 1.04, 1.341 1.04, 1.341 1.39, 1.071 1.39, 1.071 1.04))",2,2100
FreshMart Banksia Grove,Aisle 5 - Pet Care,Aisle 5,08,Whisker & Co. Cat Pouches 12pk,Product,Whisker & Co.,1,"POLYGON ((1.353 1.04, 1.553 1.04, 1.553 1.18, 1.353 1.18, 1.353 1.04))",2,2700
FreshMart Banksia Grove,Aisle 5 - Pet Care,Aisle 5,08,Shelf 3 - Bay 08,Shelf,,,"POLYGON ((0 1.46, 1.6 1.46, 1.6 1.5, 0 1.5, 0 1.46))",1,
FreshMart Banksia Grove,Aisle 5 - Pet Care,Aisle 5,08,FreshMart Essentials Cat Pouches 12pk,Product,FreshMart Essentials,3,"POLYGON ((0.035 1.5, 0.635 1.5, 0.635 1.64, 0.035 1.64, 0.035 1.5))",2,8900
FreshMart Banksia Grove,Aisle 5 - Pet Care,Aisle 5,08,Whisker & Co. Bird Seed Mix 2kg,Product,Whisker & Co.,3,"POLYGON ((0.647 1.5, 1.187 1.5, 1.187 1.78, 0.647 1.78, 0.647 1.5))",2,7200
FreshMart Banksia Grove,Aisle 5 - Pet Care,Aisle 5,08,Whisker & Co. Cat Pouches 12pk,Product,Whisker & Co.,1,"POLYGON ((1.199 1.5, 1.399 1.5, 1.399 1.64, 1.199 1.64, 1.199 1.5))",2,1900
FreshMart Banksia Grove,Aisle 5 - Pet Care,Aisle 5,08,Shelf 4 - Bay 08,Shelf,,,"POLYGON ((0 1.86, 1.6 1.86, 1.6 1.9, 0 1.9, 0 1.86))",1,
FreshMart Banksia Grove,Aisle 5 - Pet Care,Aisle 5,08,FreshMart Essentials Dog Treats 500g,Product,FreshMart Essentials,2,"POLYGON ((0.035 1.9, 0.395 1.9, 0.395 2.16, 0.035 2.16, 0.035 1.9))",2,5900
FreshMart Banksia Grove,Aisle 5 - Pet Care,Aisle 5,08,Wagful Dog Treats 500g,Product,Wagful,2,"POLYGON ((0.407 1.9, 0.767 1.9, 0.767 2.16, 0.407 2.16, 0.407 1.9))",2,6900
FreshMart Banksia Grove,Aisle 5 - Pet Care,Aisle 5,08,Whisker & Co. Cat Pouches 12pk,Product,Whisker & Co.,1,"POLYGON ((0.779 1.9, 0.979 1.9, 0.979 2.04, 0.779 2.04, 0.779 1.9))",2,2400
FreshMart Banksia Grove,Aisle 5 - Pet Care,Aisle 5,08,FreshMart Essentials Dog Treats 500g,Product,FreshMart Essentials,1,"POLYGON ((0.991 1.9, 1.171 1.9, 1.171 2.16, 0.991 2.16, 0.991 1.9))",2,3200
FreshMart Banksia Grove,Aisle 5 - Pet Care,Aisle 5,08,Whisker & Co. Cat Pouches 12pk,Product,Whisker & Co.,1,"POLYGON ((1.183 1.9, 1.383 1.9, 1.383 2.04, 1.183 2.04, 1.183 1.9))",2,1800
FreshMart Banksia Grove,Aisle 5 - Pet Care,Aisle 5,09,Base Deck - Bay 09,Base Deck,,,"POLYGON ((1.6 0, 3.2 0, 3.2 0.1, 1.6 0.1, 1.6 0))",1,
FreshMart Banksia Grove,Aisle 5 - Pet Care,Aisle 5,09,Wagful Bird Seed Mix 2kg,Product,Wagful,1,"POLYGON ((1.635 0.1, 1.815 0.1, 1.815 0.38, 1.635 0.38, 1.635 0.1))",2,2300
FreshMart Banksia Grove,Aisle 5 - Pet Care,Aisle 5,09,FreshMart Essentials Cat Litter 7L,Product,FreshMart Essentials,1,"POLYGON ((1.827 0.1, 2.097 0.1, 2.097 0.45, 1.827 0.45, 1.827 0.1))",2,2800
FreshMart Banksia Grove,Aisle 5 - Pet Care,Aisle 5,09,Whisker & Co. Dry Cat Food 3kg,Product,Whisker & Co.,3,"POLYGON ((2.109 0.1, 2.949 0.1, 2.949 0.46, 2.109 0.46, 2.109 0.1))",2,10500
FreshMart Banksia Grove,Aisle 5 - Pet Care,Aisle 5,09,Whisker & Co. Dog Treats 500g,Product,Whisker & Co.,1,"POLYGON ((2.961 0.1, 3.141 0.1, 3.141 0.36, 2.961 0.36, 2.961 0.1))",2,3500
FreshMart Banksia Grove,Aisle 5 - Pet Care,Aisle 5,09,Shelf 1 - Bay 09,Shelf,,,"POLYGON ((1.6 0.53, 3.2 0.53, 3.2 0.57, 1.6 0.57, 1.6 0.53))",1,
FreshMart Banksia Grove,Aisle 5 - Pet Care,Aisle 5,09,Whisker & Co. Cat Pouches 12pk,Product,Whisker & Co.,2,"POLYGON ((1.635 0.57, 2.035 0.57, 2.035 0.71, 1.635 0.71, 1.635 0.57))",2,6100
FreshMart Banksia Grove,Aisle 5 - Pet Care,Aisle 5,09,FreshMart Essentials Cat Litter 7L,Product,FreshMart Essentials,2,"POLYGON ((2.047 0.57, 2.587 0.57, 2.587 0.92, 2.047 0.92, 2.047 0.57))",2,6200
FreshMart Banksia Grove,Aisle 5 - Pet Care,Aisle 5,09,Whisker & Co. Cat Litter 7L,Product,Whisker & Co.,1,"POLYGON ((2.599 0.57, 2.869 0.57, 2.869 0.92, 2.599 0.92, 2.599 0.57))",2,3200
FreshMart Banksia Grove,Aisle 5 - Pet Care,Aisle 5,09,Whisker & Co. Dog Treats 500g,Product,Whisker & Co.,1,"POLYGON ((2.881 0.57, 3.061 0.57, 3.061 0.83, 2.881 0.83, 2.881 0.57))",2,3000
FreshMart Banksia Grove,Aisle 5 - Pet Care,Aisle 5,09,Shelf 2 - Bay 09,Shelf,,,"POLYGON ((1.6 1, 3.2 1, 3.2 1.04, 1.6 1.04, 1.6 1))",1,
FreshMart Banksia Grove,Aisle 5 - Pet Care,Aisle 5,09,Wagful Bird Seed Mix 2kg,Product,Wagful,2,"POLYGON ((1.635 1.04, 1.995 1.04, 1.995 1.32, 1.635 1.32, 1.635 1.04))",2,4100
FreshMart Banksia Grove,Aisle 5 - Pet Care,Aisle 5,09,Whisker & Co. Dry Cat Food 3kg,Product,Whisker & Co.,3,"POLYGON ((2.007 1.04, 2.847 1.04, 2.847 1.4, 2.007 1.4, 2.007 1.04))",2,11000
FreshMart Banksia Grove,Aisle 5 - Pet Care,Aisle 5,09,Whisker & Co. Bird Seed Mix 2kg,Product,Whisker & Co.,1,"POLYGON ((2.859 1.04, 3.039 1.04, 3.039 1.32, 2.859 1.32, 2.859 1.04))",2,3300
FreshMart Banksia Grove,Aisle 5 - Pet Care,Aisle 5,09,Shelf 3 - Bay 09,Shelf,,,"POLYGON ((1.6 1.46, 3.2 1.46, 3.2 1.5, 1.6 1.5, 1.6 1.46))",1,
FreshMart Banksia Grove,Aisle 5 - Pet Care,Aisle 5,09,Whisker & Co. Cat Pouches 12pk,Product,Whisker & Co.,3,"POLYGON ((1.635 1.5, 2.235 1.5, 2.235 1.64, 1.635 1.64, 1.635 1.5))",2,10300
FreshMart Banksia Grove,Aisle 5 - Pet Care,Aisle 5,09,Wagful Bird Seed Mix 2kg,Product,Wagful,3,"POLYGON ((2.247 1.5, 2.787 1.5, 2.787 1.78, 2.247 1.78, 2.247 1.5))",2,7000
FreshMart Banksia Grove,Aisle 5 - Pet Care,Aisle 5,09,Whisker & Co. Cat Pouches 12pk,Product,Whisker & Co.,1,"POLYGON ((2.799 1.5, 2.999 1.5, 2.999 1.64, 2.799 1.64, 2.799 1.5))",2,2500
FreshMart Banksia Grove,Aisle 5 - Pet Care,Aisle 5,09,Shelf 4 - Bay 09,Shelf,,,"POLYGON ((1.6 1.86, 3.2 1.86, 3.2 1.9, 1.6 1.9, 1.6 1.86))",1,
FreshMart Banksia Grove,Aisle 5 - Pet Care,Aisle 5,09,Whisker & Co. Dog Treats 500g,Product,Whisker & Co.,2,"POLYGON ((1.635 1.9, 1.995 1.9, 1.995 2.16, 1.635 2.16, 1.635 1.9))",2,6800
FreshMart Banksia Grove,Aisle 5 - Pet Care,Aisle 5,09,Wagful Dog Treats 500g,Product,Wagful,2,"POLYGON ((2.007 1.9, 2.367 1.9, 2.367 2.16, 2.007 2.16, 2.007 1.9))",2,5400
FreshMart Banksia Grove,Aisle 5 - Pet Care,Aisle 5,09,Whisker & Co. Dog Treats 500g,Product,Whisker & Co.,3,"POLYGON ((2.379 1.9, 2.919 1.9, 2.919 2.16, 2.379 2.16, 2.379 1.9))",2,5600
FreshMart Banksia Grove,Aisle 5 - Pet Care,Aisle 5,09,Wagful Cat Pouches 12pk,Product,Wagful,1,"POLYGON ((2.931 1.9, 3.131 1.9, 3.131 2.04, 2.931 2.04, 2.931 1.9))",2,2600
FreshMart Banksia Grove,Aisle 5 - Pet Care,Aisle 5,10,Base Deck - Bay 10,Base Deck,,,"POLYGON ((3.2 0, 4.8 0, 4.8 0.1, 3.2 0.1, 3.2 0))",1,
FreshMart Banksia Grove,Aisle 5 - Pet Care,Aisle 5,10,Whisker & Co. Cat Litter 7L,Product,Whisker & Co.,3,"POLYGON ((3.235 0.1, 4.045 0.1, 4.045 0.45, 3.235 0.45, 3.235 0.1))",2,5500
FreshMart Banksia Grove,Aisle 5 - Pet Care,Aisle 5,10,Wagful Dry Cat Food 3kg,Product,Wagful,1,"POLYGON ((4.057 0.1, 4.337 0.1, 4.337 0.46, 4.057 0.46, 4.057 0.1))",2,3600
FreshMart Banksia Grove,Aisle 5 - Pet Care,Aisle 5,10,Wagful Cat Litter 7L,Product,Wagful,1,"POLYGON ((4.349 0.1, 4.619 0.1, 4.619 0.45, 4.349 0.45, 4.349 0.1))",2,2800
FreshMart Banksia Grove,Aisle 5 - Pet Care,Aisle 5,10,Shelf 1 - Bay 10,Shelf,,,"POLYGON ((3.2 0.53, 4.8 0.53, 4.8 0.57, 3.2 0.57, 3.2 0.53))",1,
FreshMart Banksia Grove,Aisle 5 - Pet Care,Aisle 5,10,Whisker & Co. Dog Treats 500g,Product,Whisker & Co.,3,"POLYGON ((3.235 0.57, 3.775 0.57, 3.775 0.83, 3.235 0.83, 3.235 0.57))",2,8400
FreshMart Banksia Grove,Aisle 5 - Pet Care,Aisle 5,10,Wagful Bird Seed Mix 2kg,Product,Wagful,3,"POLYGON ((3.787 0.57, 4.327 0.57, 4.327 0.85, 3.787 0.85, 3.787 0.57))",2,11200
FreshMart Banksia Grove,Aisle 5 - Pet Care,Aisle 5,10,FreshMart Essentials Dry Cat Food 3kg,Product,FreshMart Essentials,1,"POLYGON ((4.339 0.57, 4.619 0.57, 4.619 0.93, 4.339 0.93, 4.339 0.57))",2,2100
FreshMart Banksia Grove,Aisle 5 - Pet Care,Aisle 5,10,Shelf 2 - Bay 10,Shelf,,,"POLYGON ((3.2 1, 4.8 1, 4.8 1.04, 3.2 1.04, 3.2 1))",1,
FreshMart Banksia Grove,Aisle 5 - Pet Care,Aisle 5,10,Wagful Cat Litter 7L,Product,Wagful,1,"POLYGON ((3.235 1.04, 3.505 1.04, 3.505 1.39, 3.235 1.39, 3.235 1.04))",2,3700
FreshMart Banksia Grove,Aisle 5 - Pet Care,Aisle 5,10,Whisker & Co. Cat Pouches 12pk,Product,Whisker & Co.,1,"POLYGON ((3.517 1.04, 3.717 1.04, 3.717 1.18, 3.517 1.18, 3.517 1.04))",2,2300
FreshMart Banksia Grove,Aisle 5 - Pet Care,Aisle 5,10,FreshMart Essentials Cat Litter 7L,Product,FreshMart Essentials,3,"POLYGON ((3.729 1.04, 4.539 1.04, 4.539 1.39, 3.729 1.39, 3.729 1.04))",2,9800
FreshMart Banksia Grove,Aisle 5 - Pet Care,Aisle 5,10,FreshMart Essentials Dog Treats 500g,Product,FreshMart Essentials,1,"POLYGON ((4.551 1.04, 4.731 1.04, 4.731 1.3, 4.551 1.3, 4.551 1.04))",2,2400
FreshMart Banksia Grove,Aisle 5 - Pet Care,Aisle 5,10,Shelf 3 - Bay 10,Shelf,,,"POLYGON ((3.2 1.46, 4.8 1.46, 4.8 1.5, 3.2 1.5, 3.2 1.46))",1,
FreshMart Banksia Grove,Aisle 5 - Pet Care,Aisle 5,10,Whisker & Co. Bird Seed Mix 2kg,Product,Whisker & Co.,3,"POLYGON ((3.235 1.5, 3.775 1.5, 3.775 1.78, 3.235 1.78, 3.235 1.5))",2,7800
FreshMart Banksia Grove,Aisle 5 - Pet Care,Aisle 5,10,Wagful Cat Pouches 12pk,Product,Wagful,3,"POLYGON ((3.787 1.5, 4.387 1.5, 4.387 1.64, 3.787 1.64, 3.787 1.5))",2,7800
FreshMart Banksia Grove,Aisle 5 - Pet Care,Aisle 5,10,FreshMart Essentials Bird Seed Mix 2kg,Product,FreshMart Essentials,2,"POLYGON ((4.399 1.5, 4.759 1.5, 4.759 1.78, 4.399 1.78, 4.399 1.5))",2,4000
FreshMart Banksia Grove,Aisle 5 - Pet Care,Aisle 5,10,Shelf 4 - Bay 10,Shelf,,,"POLYGON ((3.2 1.86, 4.8 1.86, 4.8 1.9, 3.2 1.9, 3.2 1.86))",1,
FreshMart Banksia Grove,Aisle 5 - Pet Care,Aisle 5,10,Whisker & Co. Dog Treats 500g,Product,Whisker & Co.,3,"POLYGON ((3.235 1.9, 3.775 1.9, 3.775 2.16, 3.235 2.16, 3.235 1.9))",2,6600
FreshMart Banksia Grove,Aisle 5 - Pet Care,Aisle 5,10,Wagful Cat Pouches 12pk,Product,Wagful,2,"POLYGON ((3.787 1.9, 4.187 1.9, 4.187 2.04, 3.787 2.04, 3.787 1.9))",2,4900
FreshMart Banksia Grove,Aisle 5 - Pet Care,Aisle 5,10,FreshMart Essentials Dog Treats 500g,Product,FreshMart Essentials,1,"POLYGON ((4.199 1.9, 4.379 1.9, 4.379 2.16, 4.199 2.16, 4.199 1.9))",2,3800
FreshMart Banksia Grove,Aisle 5 - Pet Care,Aisle 5,10,FreshMart Essentials Cat Pouches 12pk,Product,FreshMart Essentials,1,"POLYGON ((4.391 1.9, 4.591 1.9, 4.591 2.04, 4.391 2.04, 4.391 1.9))",2,3500
FreshMart Banksia Grove,Aisle 6 - Frozen Vegetables,Aisle 6,01,Bay Frame 01,Rack,,,"POLYGON ((0 0, 1.6 0, 1.6 2.2, 0 2.2, 0 0))",0,
FreshMart Banksia Grove,Aisle 6 - Frozen Vegetables,Aisle 6,02,Bay Frame 02,Rack,,,"POLYGON ((1.6 0, 3.2 0, 3.2 2.2, 1.6 2.2, 1.6 0))",0,
FreshMart Banksia Grove,Aisle 6 - Frozen Vegetables,Aisle 6,03,Bay Frame 03,Rack,,,"POLYGON ((3.2 0, 4.8 0, 4.8 2.2, 3.2 2.2, 3.2 0))",0,
FreshMart Banksia Grove,Aisle 6 - Frozen Vegetables,Aisle 6,,Upright 1,Rack,,,"POLYGON ((0 0, 0.025 0, 0.025 2.2, 0 2.2, 0 0))",0,
FreshMart Banksia Grove,Aisle 6 - Frozen Vegetables,Aisle 6,,Upright 2,Rack,,,"POLYGON ((1.575 0, 1.625 0, 1.625 2.2, 1.575 2.2, 1.575 0))",0,
FreshMart Banksia Grove,Aisle 6 - Frozen Vegetables,Aisle 6,,Upright 3,Rack,,,"POLYGON ((3.175 0, 3.225 0, 3.225 2.2, 3.175 2.2, 3.175 0))",0,
FreshMart Banksia Grove,Aisle 6 - Frozen Vegetables,Aisle 6,,Upright 4,Rack,,,"POLYGON ((4.775 0, 4.8 0, 4.8 2.2, 4.775 2.2, 4.775 0))",0,
FreshMart Banksia Grove,Aisle 6 - Frozen Vegetables,Aisle 6,01,Glass Door 01,Glass Door,,,"POLYGON ((0.02 0.05, 1.58 0.05, 1.58 2.15, 0.02 2.15, 0.02 0.05))",1,
FreshMart Banksia Grove,Aisle 6 - Frozen Vegetables,Aisle 6,01,Base Deck - Bay 01,Base Deck,,,"POLYGON ((0 0, 1.6 0, 1.6 0.15, 0 0.15, 0 0))",1,
FreshMart Banksia Grove,Aisle 6 - Frozen Vegetables,Aisle 6,01,FreshMart Essentials Mixed Vegetables 1kg,Product,FreshMart Essentials,1,"POLYGON ((0.035 0.15, 0.255 0.15, 0.255 0.43, 0.035 0.43, 0.035 0.15))",2,2300
FreshMart Banksia Grove,Aisle 6 - Frozen Vegetables,Aisle 6,01,SnowFields Stir Fry Mix 750g,Product,SnowFields,2,"POLYGON ((0.267 0.15, 0.667 0.15, 0.667 0.41, 0.267 0.41, 0.267 0.15))",2,4900
FreshMart Banksia Grove,Aisle 6 - Frozen Vegetables,Aisle 6,01,FreshMart Essentials Chips Crinkle 1kg,Product,FreshMart Essentials,3,"POLYGON ((0.679 0.15, 1.399 0.15, 1.399 0.45, 0.679 0.45, 0.679 0.15))",2,11800
FreshMart Banksia Grove,Aisle 6 - Frozen Vegetables,Aisle 6,01,Shelf 1 - Bay 01,Wire Shelf,,,"POLYGON ((0 0.53, 1.6 0.53, 1.6 0.57, 0 0.57, 0 0.53))",1,
FreshMart Banksia Grove,Aisle 6 - Frozen Vegetables,Aisle 6,01,SnowFields Stir Fry Mix 750g,Product,SnowFields,2,"POLYGON ((0.035 0.57, 0.435 0.57, 0.435 0.83, 0.035 0.83, 0.035 0.57))",2,7500
FreshMart Banksia Grove,Aisle 6 - Frozen Vegetables,Aisle 6,01,FreshMart Essentials Mixed Vegetables 1kg,Product,FreshMart Essentials,2,"POLYGON ((0.447 0.57, 0.887 0.57, 0.887 0.85, 0.447 0.85, 0.447 0.57))",2,7400
FreshMart Banksia Grove,Aisle 6 - Frozen Vegetables,Aisle 6,01,SnowFields Mixed Vegetables 1kg,Product,SnowFields,1,"POLYGON ((0.899 0.57, 1.119 0.57, 1.119 0.85, 0.899 0.85, 0.899 0.57))",2,2600
FreshMart Banksia Grove,Aisle 6 - Frozen Vegetables,Aisle 6,01,FreshMart Essentials Chips Crinkle 1kg,Product,FreshMart Essentials,1,"POLYGON ((1.131 0.57, 1.371 0.57, 1.371 0.87, 1.131 0.87, 1.131 0.57))",2,3200
FreshMart Banksia Grove,Aisle 6 - Frozen Vegetables,Aisle 6,01,FreshMart Essentials Spinach Portions 250g,Product,FreshMart Essentials,1,"POLYGON ((1.383 0.57, 1.543 0.57, 1.543 0.77, 1.383 0.77, 1.383 0.57))",2,3800
FreshMart Banksia Grove,Aisle 6 - Frozen Vegetables,Aisle 6,01,Shelf 2 - Bay 01,Wire Shelf,,,"POLYGON ((0 0.95, 1.6 0.95, 1.6 0.99, 0 0.99, 0 0.95))",1,
FreshMart Banksia Grove,Aisle 6 - Frozen Vegetables,Aisle 6,01,SnowFields Spinach Portions 250g,Product,SnowFields,2,"POLYGON ((0.035 0.99, 0.355 0.99, 0.355 1.19, 0.035 1.19, 0.035 0.99))",2,8000
FreshMart Banksia Grove,Aisle 6 - Frozen Vegetables,Aisle 6,01,FreshMart Essentials Stir Fry Mix 750g,Product,FreshMart Essentials,1,"POLYGON ((0.367 0.99, 0.567 0.99, 0.567 1.25, 0.367 1.25, 0.367 0.99))",2,2300
FreshMart Banksia Grove,Aisle 6 - Frozen Vegetables,Aisle 6,01,FreshMart Essentials Spinach Portions 250g,Product,FreshMart Essentials,2,"POLYGON ((0.579 0.99, 0.899 0.99, 0.899 1.19, 0.579 1.19, 0.579 0.99))",2,6600
FreshMart Banksia Grove,Aisle 6 - Frozen Vegetables,Aisle 6,01,Garden Frost Spinach Portions 250g,Product,Garden Frost,2,"POLYGON ((0.911 0.99, 1.231 0.99, 1.231 1.19, 0.911 1.19, 0.911 0.99))",2,5400
FreshMart Banksia Grove,Aisle 6 - Frozen Vegetables,Aisle 6,01,FreshMart Essentials Stir Fry Mix 750g,Product,FreshMart Essentials,1,"POLYGON ((1.243 0.99, 1.443 0.99, 1.443 1.25, 1.243 1.25, 1.243 0.99))",2,2400
FreshMart Banksia Grove,Aisle 6 - Frozen Vegetables,Aisle 6,01,Shelf 3 - Bay 01,Wire Shelf,,,"POLYGON ((0 1.37, 1.6 1.37, 1.6 1.41, 0 1.41, 0 1.37))",1,
FreshMart Banksia Grove,Aisle 6 - Frozen Vegetables,Aisle 6,01,SnowFields Sweet Corn Cobs 4pk,Product,SnowFields,1,"POLYGON ((0.035 1.41, 0.255 1.41, 0.255 1.57, 0.035 1.57, 0.035 1.41))",2,3900
FreshMart Banksia Grove,Aisle 6 - Frozen Vegetables,Aisle 6,01,SnowFields Chips Crinkle 1kg,Product,SnowFields,1,"POLYGON ((0.267 1.41, 0.507 1.41, 0.507 1.71, 0.267 1.71, 0.267 1.41))",2,3200
FreshMart Banksia Grove,Aisle 6 - Frozen Vegetables,Aisle 6,01,FreshMart Essentials Sweet Corn Cobs 4pk,Product,FreshMart Essentials,1,"POLYGON ((0.519 1.41, 0.739 1.41, 0.739 1.57, 0.519 1.57, 0.519 1.41))",2,2200
FreshMart Banksia Grove,Aisle 6 - Frozen Vegetables,Aisle 6,01,Garden Frost Sweet Corn Cobs 4pk,Product,Garden Frost,3,"POLYGON ((0.751 1.41, 1.411 1.41, 1.411 1.57, 0.751 1.57, 0.751 1.41))",2,11200
FreshMart Banksia Grove,Aisle 6 - Frozen Vegetables,Aisle 6,01,Shelf 4 - Bay 01,Wire Shelf,,,"POLYGON ((0 1.79, 1.6 1.79, 1.6 1.83, 0 1.83, 0 1.79))",1,
FreshMart Banksia Grove,Aisle 6 - Frozen Vegetables,Aisle 6,01,FreshMart Essentials Peas 500g,Product,FreshMart Essentials,3,"POLYGON ((0.035 1.83, 0.575 1.83, 0.575 2.07, 0.035 2.07, 0.035 1.83))",2,6800
FreshMart Banksia Grove,Aisle 6 - Frozen Vegetables,Aisle 6,01,FreshMart Essentials Sweet Corn Cobs 4pk,Product,FreshMart Essentials,2,"POLYGON ((0.587 1.83, 1.027 1.83, 1.027 1.99, 0.587 1.99, 0.587 1.83))",2,5900
FreshMart Banksia Grove,Aisle 6 - Frozen Vegetables,Aisle 6,01,SnowFields Mixed Vegetables 1kg,Product,SnowFields,2,"POLYGON ((1.039 1.83, 1.479 1.83, 1.479 2.11, 1.039 2.11, 1.039 1.83))",2,6200
FreshMart Banksia Grove,Aisle 6 - Frozen Vegetables,Aisle 6,02,Glass Door 02,Glass Door,,,"POLYGON ((1.62 0.05, 3.18 0.05, 3.18 2.15, 1.62 2.15, 1.62 0.05))",1,
FreshMart Banksia Grove,Aisle 6 - Frozen Vegetables,Aisle 6,02,Base Deck - Bay 02,Base Deck,,,"POLYGON ((1.6 0, 3.2 0, 3.2 0.15, 1.6 0.15, 1.6 0))",1,
FreshMart Banksia Grove,Aisle 6 - Frozen Vegetables,Aisle 6,02,Garden Frost Peas 500g,Product,Garden Frost,3,"POLYGON ((1.635 0.15, 2.175 0.15, 2.175 0.39, 1.635 0.39, 1.635 0.15))",2,6000
FreshMart Banksia Grove,Aisle 6 - Frozen Vegetables,Aisle 6,02,SnowFields Peas 500g,Product,SnowFields,2,"POLYGON ((2.187 0.15, 2.547 0.15, 2.547 0.39, 2.187 0.39, 2.187 0.15))",2,4900
FreshMart Banksia Grove,Aisle 6 - Frozen Vegetables,Aisle 6,02,FreshMart Essentials Stir Fry Mix 750g,Product,FreshMart Essentials,3,"POLYGON ((2.559 0.15, 3.159 0.15, 3.159 0.41, 2.559 0.41, 2.559 0.15))",2,7600
FreshMart Banksia Grove,Aisle 6 - Frozen Vegetables,Aisle 6,02,Shelf 1 - Bay 02,Wire Shelf,,,"POLYGON ((1.6 0.53, 3.2 0.53, 3.2 0.57, 1.6 0.57, 1.6 0.53))",1,
FreshMart Banksia Grove,Aisle 6 - Frozen Vegetables,Aisle 6,02,SnowFields Chips Crinkle 1kg,Product,SnowFields,3,"POLYGON ((1.635 0.57, 2.355 0.57, 2.355 0.87, 1.635 0.87, 1.635 0.57))",2,11100
FreshMart Banksia Grove,Aisle 6 - Frozen Vegetables,Aisle 6,02,Garden Frost Mixed Vegetables 1kg,Product,Garden Frost,2,"POLYGON ((2.367 0.57, 2.807 0.57, 2.807 0.85, 2.367 0.85, 2.367 0.57))",2,5000
FreshMart Banksia Grove,Aisle 6 - Frozen Vegetables,Aisle 6,02,FreshMart Essentials Chips Crinkle 1kg,Product,FreshMart Essentials,1,"POLYGON ((2.819 0.57, 3.059 0.57, 3.059 0.87, 2.819 0.87, 2.819 0.57))",2,2700
FreshMart Banksia Grove,Aisle 6 - Frozen Vegetables,Aisle 6,02,Shelf 2 - Bay 02,Wire Shelf,,,"POLYGON ((1.6 0.95, 3.2 0.95, 3.2 0.99, 1.6 0.99, 1.6 0.95))",1,
FreshMart Banksia Grove,Aisle 6 - Frozen Vegetables,Aisle 6,02,SnowFields Chips Crinkle 1kg,Product,SnowFields,3,"POLYGON ((1.635 0.99, 2.355 0.99, 2.355 1.29, 1.635 1.29, 1.635 0.99))",2,8600
FreshMart Banksia Grove,Aisle 6 - Frozen Vegetables,Aisle 6,02,SnowFields Sweet Corn Cobs 4pk,Product,SnowFields,1,"POLYGON ((2.367 0.99, 2.587 0.99, 2.587 1.15, 2.367 1.15, 2.367 0.99))",2,2100
FreshMart Banksia Grove,Aisle 6 - Frozen Vegetables,Aisle 6,02,Garden Frost Chips Crinkle 1kg,Product,Garden Frost,1,"POLYGON ((2.599 0.99, 2.839 0.99, 2.839 1.29, 2.599 1.29, 2.599 0.99))",2,3900
FreshMart Banksia Grove,Aisle 6 - Frozen Vegetables,Aisle 6,02,SnowFields Stir Fry Mix 750g,Product,SnowFields,1,"POLYGON ((2.851 0.99, 3.051 0.99, 3.051 1.25, 2.851 1.25, 2.851 0.99))",2,3500
FreshMart Banksia Grove,Aisle 6 - Frozen Vegetables,Aisle 6,02,Shelf 3 - Bay 02,Wire Shelf,,,"POLYGON ((1.6 1.37, 3.2 1.37, 3.2 1.41, 1.6 1.41, 1.6 1.37))",1,
FreshMart Banksia Grove,Aisle 6 - Frozen Vegetables,Aisle 6,02,SnowFields Chips Crinkle 1kg,Product,SnowFields,1,"POLYGON ((1.635 1.41, 1.875 1.41, 1.875 1.71, 1.635 1.71, 1.635 1.41))",2,3600
FreshMart Banksia Grove,Aisle 6 - Frozen Vegetables,Aisle 6,02,Garden Frost Stir Fry Mix 750g,Product,Garden Frost,1,"POLYGON ((1.887 1.41, 2.087 1.41, 2.087 1.67, 1.887 1.67, 1.887 1.41))",2,3800
FreshMart Banksia Grove,Aisle 6 - Frozen Vegetables,Aisle 6,02,FreshMart Essentials Peas 500g,Product,FreshMart Essentials,2,"POLYGON ((2.099 1.41, 2.459 1.41, 2.459 1.65, 2.099 1.65, 2.099 1.41))",2,6400
FreshMart Banksia Grove,Aisle 6 - Frozen Vegetables,Aisle 6,02,Garden Frost Spinach Portions 250g,Product,Garden Frost,1,"POLYGON ((2.471 1.41, 2.631 1.41, 2.631 1.61, 2.471 1.61, 2.471 1.41))",2,3300
FreshMart Banksia Grove,Aisle 6 - Frozen Vegetables,Aisle 6,02,SnowFields Spinach Portions 250g,Product,SnowFields,1,"POLYGON ((2.643 1.41, 2.803 1.41, 2.803 1.61, 2.643 1.61, 2.643 1.41))",2,2800
FreshMart Banksia Grove,Aisle 6 - Frozen Vegetables,Aisle 6,02,Garden Frost Mixed Vegetables 1kg,Product,Garden Frost,1,"POLYGON ((2.815 1.41, 3.035 1.41, 3.035 1.69, 2.815 1.69, 2.815 1.41))",2,3000
FreshMart Banksia Grove,Aisle 6 - Frozen Vegetables,Aisle 6,02,Shelf 4 - Bay 02,Wire Shelf,,,"POLYGON ((1.6 1.79, 3.2 1.79, 3.2 1.83, 1.6 1.83, 1.6 1.79))",1,
FreshMart Banksia Grove,Aisle 6 - Frozen Vegetables,Aisle 6,02,SnowFields Stir Fry Mix 750g,Product,SnowFields,2,"POLYGON ((1.635 1.83, 2.035 1.83, 2.035 2.09, 1.635 2.09, 1.635 1.83))",2,5900
FreshMart Banksia Grove,Aisle 6 - Frozen Vegetables,Aisle 6,02,SnowFields Peas 500g,Product,SnowFields,2,"POLYGON ((2.047 1.83, 2.407 1.83, 2.407 2.07, 2.047 2.07, 2.047 1.83))",2,6600
FreshMart Banksia Grove,Aisle 6 - Frozen Vegetables,Aisle 6,02,FreshMart Essentials Chips Crinkle 1kg,Product,FreshMart Essentials,1,"POLYGON ((2.419 1.83, 2.659 1.83, 2.659 2.13, 2.419 2.13, 2.419 1.83))",2,3700
FreshMart Banksia Grove,Aisle 6 - Frozen Vegetables,Aisle 6,02,Garden Frost Peas 500g,Product,Garden Frost,1,"POLYGON ((2.671 1.83, 2.851 1.83, 2.851 2.07, 2.671 2.07, 2.671 1.83))",2,3200
FreshMart Banksia Grove,Aisle 6 - Frozen Vegetables,Aisle 6,02,Garden Frost Spinach Portions 250g,Product,Garden Frost,1,"POLYGON ((2.863 1.83, 3.023 1.83, 3.023 2.03, 2.863 2.03, 2.863 1.83))",2,3800
FreshMart Banksia Grove,Aisle 6 - Frozen Vegetables,Aisle 6,03,Glass Door 03,Glass Door,,,"POLYGON ((3.22 0.05, 4.78 0.05, 4.78 2.15, 3.22 2.15, 3.22 0.05))",1,
FreshMart Banksia Grove,Aisle 6 - Frozen Vegetables,Aisle 6,03,Base Deck - Bay 03,Base Deck,,,"POLYGON ((3.2 0, 4.8 0, 4.8 0.15, 3.2 0.15, 3.2 0))",1,
FreshMart Banksia Grove,Aisle 6 - Frozen Vegetables,Aisle 6,03,SnowFields Mixed Vegetables 1kg,Product,SnowFields,1,"POLYGON ((3.235 0.15, 3.455 0.15, 3.455 0.43, 3.235 0.43, 3.235 0.15))",2,2000
FreshMart Banksia Grove,Aisle 6 - Frozen Vegetables,Aisle 6,03,Garden Frost Chips Crinkle 1kg,Product,Garden Frost,1,"POLYGON ((3.467 0.15, 3.707 0.15, 3.707 0.45, 3.467 0.45, 3.467 0.15))",2,3400
FreshMart Banksia Grove,Aisle 6 - Frozen Vegetables,Aisle 6,03,FreshMart Essentials Chips Crinkle 1kg,Product,FreshMart Essentials,1,"POLYGON ((3.719 0.15, 3.959 0.15, 3.959 0.45, 3.719 0.45, 3.719 0.15))",2,2900
FreshMart Banksia Grove,Aisle 6 - Frozen Vegetables,Aisle 6,03,FreshMart Essentials Chips Crinkle 1kg,Product,FreshMart Essentials,2,"POLYGON ((3.971 0.15, 4.451 0.15, 4.451 0.45, 3.971 0.45, 3.971 0.15))",2,6400
FreshMart Banksia Grove,Aisle 6 - Frozen Vegetables,Aisle 6,03,FreshMart Essentials Mixed Vegetables 1kg,Product,FreshMart Essentials,1,"POLYGON ((4.463 0.15, 4.683 0.15, 4.683 0.43, 4.463 0.43, 4.463 0.15))",2,2800
FreshMart Banksia Grove,Aisle 6 - Frozen Vegetables,Aisle 6,03,Shelf 1 - Bay 03,Wire Shelf,,,"POLYGON ((3.2 0.53, 4.8 0.53, 4.8 0.57, 3.2 0.57, 3.2 0.53))",1,
FreshMart Banksia Grove,Aisle 6 - Frozen Vegetables,Aisle 6,03,SnowFields Mixed Vegetables 1kg,Product,SnowFields,3,"POLYGON ((3.235 0.57, 3.895 0.57, 3.895 0.85, 3.235 0.85, 3.235 0.57))",2,6300
FreshMart Banksia Grove,Aisle 6 - Frozen Vegetables,Aisle 6,03,FreshMart Essentials Chips Crinkle 1kg,Product,FreshMart Essentials,2,"POLYGON ((3.907 0.57, 4.387 0.57, 4.387 0.87, 3.907 0.87, 3.907 0.57))",2,5000
FreshMart Banksia Grove,Aisle 6 - Frozen Vegetables,Aisle 6,03,SnowFields Mixed Vegetables 1kg,Product,SnowFields,1,"POLYGON ((4.399 0.57, 4.619 0.57, 4.619 0.85, 4.399 0.85, 4.399 0.57))",2,3300
FreshMart Banksia Grove,Aisle 6 - Frozen Vegetables,Aisle 6,03,Shelf 2 - Bay 03,Wire Shelf,,,"POLYGON ((3.2 0.95, 4.8 0.95, 4.8 0.99, 3.2 0.99, 3.2 0.95))",1,
FreshMart Banksia Grove,Aisle 6 - Frozen Vegetables,Aisle 6,03,Garden Frost Stir Fry Mix 750g,Product,Garden Frost,2,"POLYGON ((3.235 0.99, 3.635 0.99, 3.635 1.25, 3.235 1.25, 3.235 0.99))",2,7200
FreshMart Banksia Grove,Aisle 6 - Frozen Vegetables,Aisle 6,03,Garden Frost Spinach Portions 250g,Product,Garden Frost,3,"POLYGON ((3.647 0.99, 4.127 0.99, 4.127 1.19, 3.647 1.19, 3.647 0.99))",2,8000
FreshMart Banksia Grove,Aisle 6 - Frozen Vegetables,Aisle 6,03,Garden Frost Peas 500g,Product,Garden Frost,2,"POLYGON ((4.139 0.99, 4.499 0.99, 4.499 1.23, 4.139 1.23, 4.139 0.99))",2,6400
FreshMart Banksia Grove,Aisle 6 - Frozen Vegetables,Aisle 6,03,Garden Frost Sweet Corn Cobs 4pk,Product,Garden Frost,1,"POLYGON ((4.511 0.99, 4.731 0.99, 4.731 1.15, 4.511 1.15, 4.511 0.99))",2,2400
FreshMart Banksia Grove,Aisle 6 - Frozen Vegetables,Aisle 6,03,Shelf 3 - Bay 03,Wire Shelf,,,"POLYGON ((3.2 1.37, 4.8 1.37, 4.8 1.41, 3.2 1.41, 3.2 1.37))",1,
FreshMart Banksia Grove,Aisle 6 - Frozen Vegetables,Aisle 6,03,Garden Frost Stir Fry Mix 750g,Product,Garden Frost,2,"POLYGON ((3.235 1.41, 3.635 1.41, 3.635 1.67, 3.235 1.67, 3.235 1.41))",2,5900
FreshMart Banksia Grove,Aisle 6 - Frozen Vegetables,Aisle 6,03,FreshMart Essentials Chips Crinkle 1kg,Product,FreshMart Essentials,3,"POLYGON ((3.647 1.41, 4.367 1.41, 4.367 1.71, 3.647 1.71, 3.647 1.41))",2,11300
FreshMart Banksia Grove,Aisle 6 - Frozen Vegetables,Aisle 6,03,Garden Frost Stir Fry Mix 750g,Product,Garden Frost,1,"POLYGON ((4.379 1.41, 4.579 1.41, 4.579 1.67, 4.379 1.67, 4.379 1.41))",2,2500
FreshMart Banksia Grove,Aisle 6 - Frozen Vegetables,Aisle 6,03,Garden Frost Spinach Portions 250g,Product,Garden Frost,1,"POLYGON ((4.591 1.41, 4.751 1.41, 4.751 1.61, 4.591 1.61, 4.591 1.41))",2,2700
FreshMart Banksia Grove,Aisle 6 - Frozen Vegetables,Aisle 6,03,Shelf 4 - Bay 03,Wire Shelf,,,"POLYGON ((3.2 1.79, 4.8 1.79, 4.8 1.83, 3.2 1.83, 3.2 1.79))",1,
FreshMart Banksia Grove,Aisle 6 - Frozen Vegetables,Aisle 6,03,FreshMart Essentials Chips Crinkle 1kg,Product,FreshMart Essentials,2,"POLYGON ((3.235 1.83, 3.715 1.83, 3.715 2.13, 3.235 2.13, 3.235 1.83))",2,3900
FreshMart Banksia Grove,Aisle 6 - Frozen Vegetables,Aisle 6,03,Garden Frost Spinach Portions 250g,Product,Garden Frost,1,"POLYGON ((3.727 1.83, 3.887 1.83, 3.887 2.03, 3.727 2.03, 3.727 1.83))",2,3100
FreshMart Banksia Grove,Aisle 6 - Frozen Vegetables,Aisle 6,03,FreshMart Essentials Sweet Corn Cobs 4pk,Product,FreshMart Essentials,3,"POLYGON ((3.899 1.83, 4.559 1.83, 4.559 1.99, 3.899 1.99, 3.899 1.83))",2,11700
FreshMart Banksia Grove,Aisle 6 - Frozen Vegetables,Aisle 6,03,FreshMart Essentials Peas 500g,Product,FreshMart Essentials,1,"POLYGON ((4.571 1.83, 4.751 1.83, 4.751 2.07, 4.571 2.07, 4.571 1.83))",2,1900
FreshMart Banksia Grove,Aisle 6 - Frozen Meals,Aisle 6,04,Bay Frame 04,Rack,,,"POLYGON ((0 0, 1.6 0, 1.6 2.2, 0 2.2, 0 0))",0,
FreshMart Banksia Grove,Aisle 6 - Frozen Meals,Aisle 6,05,Bay Frame 05,Rack,,,"POLYGON ((1.6 0, 3.2 0, 3.2 2.2, 1.6 2.2, 1.6 0))",0,
FreshMart Banksia Grove,Aisle 6 - Frozen Meals,Aisle 6,06,Bay Frame 06,Rack,,,"POLYGON ((3.2 0, 4.8 0, 4.8 2.2, 3.2 2.2, 3.2 0))",0,
FreshMart Banksia Grove,Aisle 6 - Frozen Meals,Aisle 6,07,Bay Frame 07,Rack,,,"POLYGON ((4.8 0, 6.4 0, 6.4 2.2, 4.8 2.2, 4.8 0))",0,
FreshMart Banksia Grove,Aisle 6 - Frozen Meals,Aisle 6,,Upright 1,Rack,,,"POLYGON ((0 0, 0.025 0, 0.025 2.2, 0 2.2, 0 0))",0,
FreshMart Banksia Grove,Aisle 6 - Frozen Meals,Aisle 6,,Upright 2,Rack,,,"POLYGON ((1.575 0, 1.625 0, 1.625 2.2, 1.575 2.2, 1.575 0))",0,
FreshMart Banksia Grove,Aisle 6 - Frozen Meals,Aisle 6,,Upright 3,Rack,,,"POLYGON ((3.175 0, 3.225 0, 3.225 2.2, 3.175 2.2, 3.175 0))",0,
FreshMart Banksia Grove,Aisle 6 - Frozen Meals,Aisle 6,,Upright 4,Rack,,,"POLYGON ((4.775 0, 4.825 0, 4.825 2.2, 4.775 2.2, 4.775 0))",0,
FreshMart Banksia Grove,Aisle 6 - Frozen Meals,Aisle 6,,Upright 5,Rack,,,"POLYGON ((6.375 0, 6.4 0, 6.4 2.2, 6.375 2.2, 6.375 0))",0,
FreshMart Banksia Grove,Aisle 6 - Frozen Meals,Aisle 6,04,Glass Door 04,Glass Door,,,"POLYGON ((0.02 0.05, 1.58 0.05, 1.58 2.15, 0.02 2.15, 0.02 0.05))",1,
FreshMart Banksia Grove,Aisle 6 - Frozen Meals,Aisle 6,04,Base Deck - Bay 04,Base Deck,,,"POLYGON ((0 0, 1.6 0, 1.6 0.15, 0 0.15, 0 0))",1,
FreshMart Banksia Grove,Aisle 6 - Frozen Meals,Aisle 6,04,Mama Rosa Mac & Cheese 320g,Product,Mama Rosa,2,"POLYGON ((0.035 0.15, 0.335 0.15, 0.335 0.2, 0.035 0.2, 0.035 0.15))",2,5900
FreshMart Banksia Grove,Aisle 6 - Frozen Meals,Aisle 6,04,Heat & Eat Lasagne 400g,Product,Heat & Eat,3,"POLYGON ((0.347 0.15, 0.827 0.15, 0.827 0.2, 0.347 0.2, 0.347 0.15))",2,11700
FreshMart Banksia Grove,Aisle 6 - Frozen Meals,Aisle 6,04,FreshMart Essentials Mac & Cheese 320g,Product,FreshMart Essentials,1,"POLYGON ((0.839 0.15, 0.989 0.15, 0.989 0.2, 0.839 0.2, 0.839 0.15))",2,2200
FreshMart Banksia Grove,Aisle 6 - Frozen Meals,Aisle 6,04,FreshMart Essentials Butter Chicken 350g,Product,FreshMart Essentials,2,"POLYGON ((1.001 0.15, 1.321 0.15, 1.321 0.2, 1.001 0.2, 1.001 0.15))",2,5900
FreshMart Banksia Grove,Aisle 6 - Frozen Meals,Aisle 6,04,Mama Rosa Family Pie 700g,Product,Mama Rosa,1,"POLYGON ((1.333 0.15, 1.533 0.15, 1.533 0.24, 1.333 0.24, 1.333 0.15))",2,3900
FreshMart Banksia Grove,Aisle 6 - Frozen Meals,Aisle 6,04,Shelf 1 - Bay 04,Wire Shelf,,,"POLYGON ((0 0.53, 1.6 0.53, 1.6 0.57, 0 0.57, 0 0.53))",1,
FreshMart Banksia Grove,Aisle 6 - Frozen Meals,Aisle 6,04,FreshMart Essentials Dumplings 750g,Product,FreshMart Essentials,1,"POLYGON ((0.035 0.57, 0.245 0.57, 0.245 0.67, 0.035 0.67, 0.035 0.57))",2,3000
FreshMart Banksia Grove,Aisle 6 - Frozen Meals,Aisle 6,04,FreshMart Essentials Mac & Cheese 320g,Product,FreshMart Essentials,1,"POLYGON ((0.257 0.57, 0.407 0.57, 0.407 0.62, 0.257 0.62, 0.257 0.57))",2,3300
FreshMart Banksia Grove,Aisle 6 - Frozen Meals,Aisle 6,04,Mama Rosa Butter Chicken 350g,Product,Mama Rosa,1,"POLYGON ((0.419 0.57, 0.579 0.57, 0.579 0.62, 0.419 0.62, 0.419 0.57))",2,3000
FreshMart Banksia Grove,Aisle 6 - Frozen Meals,Aisle 6,04,Mama Rosa Dumplings 750g,Product,Mama Rosa,3,"POLYGON ((0.591 0.57, 1.221 0.57, 1.221 0.67, 0.591 0.67, 0.591 0.57))",2,12300
FreshMart Banksia Grove,Aisle 6 - Frozen Meals,Aisle 6,04,FreshMart Essentials Lasagne 400g,Product,FreshMart Essentials,1,"POLYGON ((1.233 0.57, 1.393 0.57, 1.393 0.62, 1.233 0.62, 1.233 0.57))",2,3400
FreshMart Banksia Grove,Aisle 6 - Frozen Meals,Aisle 6,04,Mama Rosa Lasagne 400g,Product,Mama Rosa,1,"POLYGON ((1.405 0.57, 1.565 0.57, 1.565 0.62, 1.405 0.62, 1.405 0.57))",2,2800
FreshMart Banksia Grove,Aisle 6 - Frozen Meals,Aisle 6,04,Shelf 2 - Bay 04,Wire Shelf,,,"POLYGON ((0 0.95, 1.6 0.95, 1.6 0.99, 0 0.99, 0 0.95))",1,
FreshMart Banksia Grove,Aisle 6 - Frozen Meals,Aisle 6,04,FreshMart Essentials Lasagne 400g,Product,FreshMart Essentials,3,"POLYGON ((0.035 0.99, 0.515 0.99, 0.515 1.04, 0.035 1.04, 0.035 0.99))",2,11200
FreshMart Banksia Grove,Aisle 6 - Frozen Meals,Aisle 6,04,Heat & Eat Butter Chicken 350g,Product,Heat & Eat,3,"POLYGON ((0.527 0.99, 1.007 0.99, 1.007 1.04, 0.527 1.04, 0.527 0.99))",2,11300
FreshMart Banksia Grove,Aisle 6 - Frozen Meals,Aisle 6,04,FreshMart Essentials Dumplings 750g,Product,FreshMart Essentials,2,"POLYGON ((1.019 0.99, 1.439 0.99, 1.439 1.09, 1.019 1.09, 1.019 0.99))",2,6200
FreshMart Banksia Grove,Aisle 6 - Frozen Meals,Aisle 6,04,Shelf 3 - Bay 04,Wire Shelf,,,"POLYGON ((0 1.37, 1.6 1.37, 1.6 1.41, 0 1.41, 0 1.37))",1,
FreshMart Banksia Grove,Aisle 6 - Frozen Meals,Aisle 6,04,Heat & Eat Lasagne 400g,Product,Heat & Eat,3,"POLYGON ((0.035 1.41, 0.515 1.41, 0.515 1.46, 0.035 1.46, 0.035 1.41))",2,7100
FreshMart Banksia Grove,Aisle 6 - Frozen Meals,Aisle 6,04,Mama Rosa Family Pie 700g,Product,Mama Rosa,2,"POLYGON ((0.527 1.41, 0.927 1.41, 0.927 1.5, 0.527 1.5, 0.527 1.41))",2,6500
FreshMart Banksia Grove,Aisle 6 - Frozen Meals,Aisle 6,04,FreshMart Essentials Lasagne 400g,Product,FreshMart Essentials,1,"POLYGON ((0.939 1.41, 1.099 1.41, 1.099 1.46, 0.939 1.46, 0.939 1.41))",2,3100
FreshMart Banksia Grove,Aisle 6 - Frozen Meals,Aisle 6,04,FreshMart Essentials Butter Chicken 350g,Product,FreshMart Essentials,2,"POLYGON ((1.111 1.41, 1.431 1.41, 1.431 1.46, 1.111 1.46, 1.111 1.41))",2,4800
FreshMart Banksia Grove,Aisle 6 - Frozen Meals,Aisle 6,04,Shelf 4 - Bay 04,Wire Shelf,,,"POLYGON ((0 1.79, 1.6 1.79, 1.6 1.83, 0 1.83, 0 1.79))",1,
FreshMart Banksia Grove,Aisle 6 - Frozen Meals,Aisle 6,04,FreshMart Essentials Dumplings 750g,Product,FreshMart Essentials,3,"POLYGON ((0.035 1.83, 0.665 1.83, 0.665 1.93, 0.035 1.93, 0.035 1.83))",2,9800
FreshMart Banksia Grove,Aisle 6 - Frozen Meals,Aisle 6,04,Heat & Eat Fried Rice 450g,Product,Heat & Eat,3,"POLYGON ((0.677 1.83, 1.187 1.83, 1.187 1.89, 0.677 1.89, 0.677 1.83))",2,9600
FreshMart Banksia Grove,Aisle 6 - Frozen Meals,Aisle 6,04,Heat & Eat Dumplings 750g,Product,Heat & Eat,1,"POLYGON ((1.199 1.83, 1.409 1.83, 1.409 1.93, 1.199 1.93, 1.199 1.83))",2,2800
FreshMart Banksia Grove,Aisle 6 - Frozen Meals,Aisle 6,05,Glass Door 05,Glass Door,,,"POLYGON ((1.62 0.05, 3.18 0.05, 3.18 2.15, 1.62 2.15, 1.62 0.05))",1,
FreshMart Banksia Grove,Aisle 6 - Frozen Meals,Aisle 6,05,Base Deck - Bay 05,Base Deck,,,"POLYGON ((1.6 0, 3.2 0, 3.2 0.15, 1.6 0.15, 1.6 0))",1,
FreshMart Banksia Grove,Aisle 6 - Frozen Meals,Aisle 6,05,Mama Rosa Mac & Cheese 320g,Product,Mama Rosa,3,"POLYGON ((1.635 0.15, 2.085 0.15, 2.085 0.2, 1.635 0.2, 1.635 0.15))",2,7200
FreshMart Banksia Grove,Aisle 6 - Frozen Meals,Aisle 6,05,FreshMart Essentials Lasagne 400g,Product,FreshMart Essentials,3,"POLYGON ((2.097 0.15, 2.577 0.15, 2.577 0.2, 2.097 0.2, 2.097 0.15))",2,11000
FreshMart Banksia Grove,Aisle 6 - Frozen Meals,Aisle 6,05,Mama Rosa Butter Chicken 350g,Product,Mama Rosa,3,"POLYGON ((2.589 0.15, 3.069 0.15, 3.069 0.2, 2.589 0.2, 2.589 0.15))",2,13000
FreshMart Banksia Grove,Aisle 6 - Frozen Meals,Aisle 6,05,Shelf 1 - Bay 05,Wire Shelf,,,"POLYGON ((1.6 0.53, 3.2 0.53, 3.2 0.57, 1.6 0.57, 1.6 0.53))",1,
FreshMart Banksia Grove,Aisle 6 - Frozen Meals,Aisle 6,05,Heat & Eat Fried Rice 450g,Product,Heat & Eat,2,"POLYGON ((1.635 0.57, 1.975 0.57, 1.975 0.63, 1.635 0.63, 1.635 0.57))",2,7200
FreshMart Banksia Grove,Aisle 6 - Frozen Meals,Aisle 6,05,FreshMart Essentials Lasagne 400g,Product,FreshMart Essentials,2,"POLYGON ((1.987 0.57, 2.307 0.57, 2.307 0.62, 1.987 0.62, 1.987 0.57))",2,6200
FreshMart Banksia Grove,Aisle 6 - Frozen Meals,Aisle 6,05,Mama Rosa Mac & Cheese 320g,Product,Mama Rosa,1,"POLYGON ((2.319 0.57, 2.469 0.57, 2.469 0.62, 2.319 0.62, 2.319 0.57))",2,3700
FreshMart Banksia Grove,Aisle 6 - Frozen Meals,Aisle 6,05,FreshMart Essentials Fried Rice 450g,Product,FreshMart Essentials,2,"POLYGON ((2.481 0.57, 2.821 0.57, 2.821 0.63, 2.481 0.63, 2.481 0.57))",2,8000
FreshMart Banksia Grove,Aisle 6 - Frozen Meals,Aisle 6,05,FreshMart Essentials Family Pie 700g,Product,FreshMart Essentials,1,"POLYGON ((2.833 0.57, 3.033 0.57, 3.033 0.66, 2.833 0.66, 2.833 0.57))",2,4000
FreshMart Banksia Grove,Aisle 6 - Frozen Meals,Aisle 6,05,Shelf 2 - Bay 05,Wire Shelf,,,"POLYGON ((1.6 0.95, 3.2 0.95, 3.2 0.99, 1.6 0.99, 1.6 0.95))",1,
FreshMart Banksia Grove,Aisle 6 - Frozen Meals,Aisle 6,05,Heat & Eat Dumplings 750g,Product,Heat & Eat,3,"POLYGON ((1.635 0.99, 2.265 0.99, 2.265 1.09, 1.635 1.09, 1.635 0.99))",2,11300
FreshMart Banksia Grove,Aisle 6 - Frozen Meals,Aisle 6,05,Mama Rosa Mac & Cheese 320g,Product,Mama Rosa,2,"POLYGON ((2.277 0.99, 2.577 0.99, 2.577 1.04, 2.277 1.04, 2.277 0.99))",2,7800
FreshMart Banksia Grove,Aisle 6 - Frozen Meals,Aisle 6,05,FreshMart Essentials Dumplings 750g,Product,FreshMart Essentials,2,"POLYGON ((2.589 0.99, 3.009 0.99, 3.009 1.09, 2.589 1.09, 2.589 0.99))",2,6700
FreshMart Banksia Grove,Aisle 6 - Frozen Meals,Aisle 6,05,Shelf 3 - Bay 05,Wire Shelf,,,"POLYGON ((1.6 1.37, 3.2 1.37, 3.2 1.41, 1.6 1.41, 1.6 1.37))",1,
FreshMart Banksia Grove,Aisle 6 - Frozen Meals,Aisle 6,05,Mama Rosa Family Pie 700g,Product,Mama Rosa,1,"POLYGON ((1.635 1.41, 1.835 1.41, 1.835 1.5, 1.635 1.5, 1.635 1.41))",2,2800
FreshMart Banksia Grove,Aisle 6 - Frozen Meals,Aisle 6,05,Heat & Eat Dumplings 750g,Product,Heat & Eat,3,"POLYGON ((1.847 1.41, 2.477 1.41, 2.477 1.51, 1.847 1.51, 1.847 1.41))",2,7800
FreshMart Banksia Grove,Aisle 6 - Frozen Meals,Aisle 6,05,Mama Rosa Dumplings 750g,Product,Mama Rosa,3,"POLYGON ((2.489 1.41, 3.119 1.41, 3.119 1.51, 2.489 1.51, 2.489 1.41))",2,8200
FreshMart Banksia Grove,Aisle 6 - Frozen Meals,Aisle 6,05,Shelf 4 - Bay 05,Wire Shelf,,,"POLYGON ((1.6 1.79, 3.2 1.79, 3.2 1.83, 1.6 1.83, 1.6 1.79))",1,
FreshMart Banksia Grove,Aisle 6 - Frozen Meals,Aisle 6,05,Mama Rosa Dumplings 750g,Product,Mama Rosa,1,"POLYGON ((1.635 1.83, 1.845 1.83, 1.845 1.93, 1.635 1.93, 1.635 1.83))",2,4100
FreshMart Banksia Grove,Aisle 6 - Frozen Meals,Aisle 6,05,Mama Rosa Butter Chicken 350g,Product,Mama Rosa,3,"POLYGON ((1.857 1.83, 2.337 1.83, 2.337 1.88, 1.857 1.88, 1.857 1.83))",2,11900
FreshMart Banksia Grove,Aisle 6 - Frozen Meals,Aisle 6,05,FreshMart Essentials Family Pie 700g,Product,FreshMart Essentials,3,"POLYGON ((2.349 1.83, 2.949 1.83, 2.949 1.92, 2.349 1.92, 2.349 1.83))",2,10400
FreshMart Banksia Grove,Aisle 6 - Frozen Meals,Aisle 6,05,FreshMart Essentials Lasagne 400g,Product,FreshMart Essentials,1,"POLYGON ((2.961 1.83, 3.121 1.83, 3.121 1.88, 2.961 1.88, 2.961 1.83))",2,3800
FreshMart Banksia Grove,Aisle 6 - Frozen Meals,Aisle 6,06,Glass Door 06,Glass Door,,,"POLYGON ((3.22 0.05, 4.78 0.05, 4.78 2.15, 3.22 2.15, 3.22 0.05))",1,
FreshMart Banksia Grove,Aisle 6 - Frozen Meals,Aisle 6,06,Base Deck - Bay 06,Base Deck,,,"POLYGON ((3.2 0, 4.8 0, 4.8 0.15, 3.2 0.15, 3.2 0))",1,
FreshMart Banksia Grove,Aisle 6 - Frozen Meals,Aisle 6,06,Heat & Eat Fried Rice 450g,Product,Heat & Eat,3,"POLYGON ((3.235 0.15, 3.745 0.15, 3.745 0.21, 3.235 0.21, 3.235 0.15))",2,8200
FreshMart Banksia Grove,Aisle 6 - Frozen Meals,Aisle 6,06,FreshMart Essentials Fried Rice 450g,Product,FreshMart Essentials,2,"POLYGON ((3.757 0.15, 4.097 0.15, 4.097 0.21, 3.757 0.21, 3.757 0.15))",2,7000
FreshMart Banksia Grove,Aisle 6 - Frozen Meals,Aisle 6,06,Mama Rosa Mac & Cheese 320g,Product,Mama Rosa,3,"POLYGON ((4.109 0.15, 4.559 0.15, 4.559 0.2, 4.109 0.2, 4.109 0.15))",2,8400
FreshMart Banksia Grove,Aisle 6 - Frozen Meals,Aisle 6,06,Heat & Eat Fried Rice 450g,Product,Heat & Eat,1,"POLYGON ((4.571 0.15, 4.741 0.15, 4.741 0.21, 4.571 0.21, 4.571 0.15))",2,2300
FreshMart Banksia Grove,Aisle 6 - Frozen Meals,Aisle 6,06,Shelf 1 - Bay 06,Wire Shelf,,,"POLYGON ((3.2 0.53, 4.8 0.53, 4.8 0.57, 3.2 0.57, 3.2 0.53))",1,
FreshMart Banksia Grove,Aisle 6 - Frozen Meals,Aisle 6,06,FreshMart Essentials Mac & Cheese 320g,Product,FreshMart Essentials,1,"POLYGON ((3.235 0.57, 3.385 0.57, 3.385 0.62, 3.235 0.62, 3.235 0.57))",2,4400
FreshMart Banksia Grove,Aisle 6 - Frozen Meals,Aisle 6,06,FreshMart Essentials Fried Rice 450g,Product,FreshMart Essentials,2,"POLYGON ((3.397 0.57, 3.737 0.57, 3.737 0.63, 3.397 0.63, 3.397 0.57))",2,6000
FreshMart Banksia Grove,Aisle 6 - Frozen Meals,Aisle 6,06,FreshMart Essentials Fried Rice 450g,Product,FreshMart Essentials,1,"POLYGON ((3.749 0.57, 3.919 0.57, 3.919 0.63, 3.749 0.63, 3.749 0.57))",2,3300
FreshMart Banksia Grove,Aisle 6 - Frozen Meals,Aisle 6,06,FreshMart Essentials Family Pie 700g,Product,FreshMart Essentials,1,"POLYGON ((3.931 0.57, 4.131 0.57, 4.131 0.66, 3.931 0.66, 3.931 0.57))",2,3800
FreshMart Banksia Grove,Aisle 6 - Frozen Meals,Aisle 6,06,Mama Rosa Dumplings 750g,Product,Mama Rosa,2,"POLYGON ((4.143 0.57, 4.563 0.57, 4.563 0.67, 4.143 0.67, 4.143 0.57))",2,8800
FreshMart Banksia Grove,Aisle 6 - Frozen Meals,Aisle 6,06,Heat & Eat Fried Rice 450g,Product,Heat & Eat,1,"POLYGON ((4.575 0.57, 4.745 0.57, 4.745 0.63, 4.575 0.63, 4.575 0.57))",2,2500
FreshMart Banksia Grove,Aisle 6 - Frozen Meals,Aisle 6,06,Shelf 2 - Bay 06,Wire Shelf,,,"POLYGON ((3.2 0.95, 4.8 0.95, 4.8 0.99, 3.2 0.99, 3.2 0.95))",1,
FreshMart Banksia Grove,Aisle 6 - Frozen Meals,Aisle 6,06,Heat & Eat Fried Rice 450g,Product,Heat & Eat,3,"POLYGON ((3.235 0.99, 3.745 0.99, 3.745 1.05, 3.235 1.05, 3.235 0.99))",2,9800
FreshMart Banksia Grove,Aisle 6 - Frozen Meals,Aisle 6,06,Mama Rosa Mac & Cheese 320g,Product,Mama Rosa,3,"POLYGON ((3.757 0.99, 4.207 0.99, 4.207 1.04, 3.757 1.04, 3.757 0.99))",2,9100
FreshMart Banksia Grove,Aisle 6 - Frozen Meals,Aisle 6,06,Heat & Eat Lasagne 400g,Product,Heat & Eat,3,"POLYGON ((4.219 0.99, 4.699 0.99, 4.699 1.04, 4.219 1.04, 4.219 0.99))",2,6700
FreshMart Banksia Grove,Aisle 6 - Frozen Meals,Aisle 6,06,Shelf 3 - Bay 06,Wire Shelf,,,"POLYGON ((3.2 1.37, 4.8 1.37, 4.8 1.41, 3.2 1.41, 3.2 1.37))",1,
FreshMart Banksia Grove,Aisle 6 - Frozen Meals,Aisle 6,06,Mama Rosa Family Pie 700g,Product,Mama Rosa,3,"POLYGON ((3.235 1.41, 3.835 1.41, 3.835 1.5, 3.235 1.5, 3.235 1.41))",2,9700
FreshMart Banksia Grove,Aisle 6 - Frozen Meals,Aisle 6,06,Mama Rosa Mac & Cheese 320g,Product,Mama Rosa,1,"POLYGON ((3.847 1.41, 3.997 1.41, 3.997 1.46, 3.847 1.46, 3.847 1.41))",2,2700
FreshMart Banksia Grove,Aisle 6 - Frozen Meals,Aisle 6,06,Mama Rosa Mac & Cheese 320g,Product,Mama Rosa,1,"POLYGON ((4.009 1.41, 4.159 1.41, 4.159 1.46, 4.009 1.46, 4.009 1.41))",2,3300
FreshMart Banksia Grove,Aisle 6 - Frozen Meals,Aisle 6,06,FreshMart Essentials Dumplings 750g,Product,FreshMart Essentials,2,"POLYGON ((4.171 1.41, 4.591 1.41, 4.591 1.51, 4.171 1.51, 4.171 1.41))",2,6100
FreshMart Banksia Grove,Aisle 6 - Frozen Meals,Aisle 6,06,FreshMart Essentials Mac & Cheese 320g,Product,FreshMart Essentials,1,"POLYGON ((4.603 1.41, 4.753 1.41, 4.753 1.46, 4.603 1.46, 4.603 1.41))",2,2400
FreshMart Banksia Grove,Aisle 6 - Frozen Meals,Aisle 6,06,Shelf 4 - Bay 06,Wire Shelf,,,"POLYGON ((3.2 1.79, 4.8 1.79, 4.8 1.83, 3.2 1.83, 3.2 1.79))",1,
FreshMart Banksia Grove,Aisle 6 - Frozen Meals,Aisle 6,06,FreshMart Essentials Fried Rice 450g,Product,FreshMart Essentials,2,"POLYGON ((3.235 1.83, 3.575 1.83, 3.575 1.89, 3.235 1.89, 3.235 1.83))",2,5300
FreshMart Banksia Grove,Aisle 6 - Frozen Meals,Aisle 6,06,Mama Rosa Family Pie 700g,Product,Mama Rosa,1,"POLYGON ((3.587 1.83, 3.787 1.83, 3.787 1.92, 3.587 1.92, 3.587 1.83))",2,3600
FreshMart Banksia Grove,Aisle 6 - Frozen Meals,Aisle 6,06,FreshMart Essentials Mac & Cheese 320g,Product,FreshMart Essentials,2,"POLYGON ((3.799 1.83, 4.099 1.83, 4.099 1.88, 3.799 1.88, 3.799 1.83))",2,5000
FreshMart Banksia Grove,Aisle 6 - Frozen Meals,Aisle 6,06,FreshMart Essentials Dumplings 750g,Product,FreshMart Essentials,3,"POLYGON ((4.111 1.83, 4.741 1.83, 4.741 1.93, 4.111 1.93, 4.111 1.83))",2,10600
FreshMart Banksia Grove,Aisle 6 - Frozen Meals,Aisle 6,07,Glass Door 07,Glass Door,,,"POLYGON ((4.82 0.05, 6.38 0.05, 6.38 2.15, 4.82 2.15, 4.82 0.05))",1,
FreshMart Banksia Grove,Aisle 6 - Frozen Meals,Aisle 6,07,Base Deck - Bay 07,Base Deck,,,"POLYGON ((4.8 0, 6.4 0, 6.4 0.15, 4.8 0.15, 4.8 0))",1,
FreshMart Banksia Grove,Aisle 6 - Frozen Meals,Aisle 6,07,FreshMart Essentials Lasagne 400g,Product,FreshMart Essentials,3,"POLYGON ((4.835 0.15, 5.315 0.15, 5.315 0.2, 4.835 0.2, 4.835 0.15))",2,8500
FreshMart Banksia Grove,Aisle 6 - Frozen Meals,Aisle 6,07,Mama Rosa Dumplings 750g,Product,Mama Rosa,2,"POLYGON ((5.327 0.15, 5.747 0.15, 5.747 0.25, 5.327 0.25, 5.327 0.15))",2,7100
FreshMart Banksia Grove,Aisle 6 - Frozen Meals,Aisle 6,07,FreshMart Essentials Butter Chicken 350g,Product,FreshMart Essentials,1,"POLYGON ((5.759 0.15, 5.919 0.15, 5.919 0.2, 5.759 0.2, 5.759 0.15))",2,4100
FreshMart Banksia Grove,Aisle 6 - Frozen Meals,Aisle 6,07,Heat & Eat Fried Rice 450g,Product,Heat & Eat,2,"POLYGON ((5.931 0.15, 6.271 0.15, 6.271 0.21, 5.931 0.21, 5.931 0.15))",2,7400
FreshMart Banksia Grove,Aisle 6 - Frozen Meals,Aisle 6,07,Shelf 1 - Bay 07,Wire Shelf,,,"POLYGON ((4.8 0.53, 6.4 0.53, 6.4 0.57, 4.8 0.57, 4.8 0.53))",1,
FreshMart Banksia Grove,Aisle 6 - Frozen Meals,Aisle 6,07,FreshMart Essentials Mac & Cheese 320g,Product,FreshMart Essentials,1,"POLYGON ((4.835 0.57, 4.985 0.57, 4.985 0.62, 4.835 0.62, 4.835 0.57))",2,2700
FreshMart Banksia Grove,Aisle 6 - Frozen Meals,Aisle 6,07,Mama Rosa Dumplings 750g,Product,Mama Rosa,2,"POLYGON ((4.997 0.57, 5.417 0.57, 5.417 0.67, 4.997 0.67, 4.997 0.57))",2,7800
FreshMart Banksia Grove,Aisle 6 - Frozen Meals,Aisle 6,07,Heat & Eat Dumplings 750g,Product,Heat & Eat,1,"POLYGON ((5.429 0.57, 5.639 0.57, 5.639 0.67, 5.429 0.67, 5.429 0.57))",2,4300
FreshMart Banksia Grove,Aisle 6 - Frozen Meals,Aisle 6,07,Heat & Eat Mac & Cheese 320g,Product,Heat & Eat,2,"POLYGON ((5.651 0.57, 5.951 0.57, 5.951 0.62, 5.651 0.62, 5.651 0.57))",2,5800
FreshMart Banksia Grove,Aisle 6 - Frozen Meals,Aisle 6,07,Mama Rosa Butter Chicken 350g,Product,Mama Rosa,1,"POLYGON ((5.963 0.57, 6.123 0.57, 6.123 0.62, 5.963 0.62, 5.963 0.57))",2,2100
FreshMart Banksia Grove,Aisle 6 - Frozen Meals,Aisle 6,07,Heat & Eat Dumplings 750g,Product,Heat & Eat,1,"POLYGON ((6.135 0.57, 6.345 0.57, 6.345 0.67, 6.135 0.67, 6.135 0.57))",2,3900
FreshMart Banksia Grove,Aisle 6 - Frozen Meals,Aisle 6,07,Shelf 2 - Bay 07,Wire Shelf,,,"POLYGON ((4.8 0.95, 6.4 0.95, 6.4 0.99, 4.8 0.99, 4.8 0.95))",1,
FreshMart Banksia Grove,Aisle 6 - Frozen Meals,Aisle 6,07,Mama Rosa Family Pie 700g,Product,Mama Rosa,2,"POLYGON ((4.835 0.99, 5.235 0.99, 5.235 1.08, 4.835 1.08, 4.835 0.99))",2,7200
FreshMart Banksia Grove,Aisle 6 - Frozen Meals,Aisle 6,07,Heat & Eat Lasagne 400g,Product,Heat & Eat,2,"POLYGON ((5.247 0.99, 5.567 0.99, 5.567 1.04, 5.247 1.04, 5.247 0.99))",2,7900
FreshMart Banksia Grove,Aisle 6 - Frozen Meals,Aisle 6,07,Heat & Eat Butter Chicken 350g,Product,Heat & Eat,2,"POLYGON ((5.579 0.99, 5.899 0.99, 5.899 1.04, 5.579 1.04, 5.579 0.99))",2,7200
FreshMart Banksia Grove,Aisle 6 - Frozen Meals,Aisle 6,07,FreshMart Essentials Lasagne 400g,Product,FreshMart Essentials,2,"POLYGON ((5.911 0.99, 6.231 0.99, 6.231 1.04, 5.911 1.04, 5.911 0.99))",2,6300
FreshMart Banksia Grove,Aisle 6 - Frozen Meals,Aisle 6,07,Shelf 3 - Bay 07,Wire Shelf,,,"POLYGON ((4.8 1.37, 6.4 1.37, 6.4 1.41, 4.8 1.41, 4.8 1.37))",1,
FreshMart Banksia Grove,Aisle 6 - Frozen Meals,Aisle 6,07,Mama Rosa Lasagne 400g,Product,Mama Rosa,1,"POLYGON ((4.835 1.41, 4.995 1.41, 4.995 1.46, 4.835 1.46, 4.835 1.41))",2,4300
FreshMart Banksia Grove,Aisle 6 - Frozen Meals,Aisle 6,07,Mama Rosa Family Pie 700g,Product,Mama Rosa,2,"POLYGON ((5.007 1.41, 5.407 1.41, 5.407 1.5, 5.007 1.5, 5.007 1.41))",2,4500
FreshMart Banksia Grove,Aisle 6 - Frozen Meals,Aisle 6,07,Mama Rosa Family Pie 700g,Product,Mama Rosa,2,"POLYGON ((5.419 1.41, 5.819 1.41, 5.819 1.5, 5.419 1.5, 5.419 1.41))",2,4600
FreshMart Banksia Grove,Aisle 6 - Frozen Meals,Aisle 6,07,FreshMart Essentials Lasagne 400g,Product,FreshMart Essentials,2,"POLYGON ((5.831 1.41, 6.151 1.41, 6.151 1.46, 5.831 1.46, 5.831 1.41))",2,6300
FreshMart Banksia Grove,Aisle 6 - Frozen Meals,Aisle 6,07,FreshMart Essentials Lasagne 400g,Product,FreshMart Essentials,1,"POLYGON ((6.163 1.41, 6.323 1.41, 6.323 1.46, 6.163 1.46, 6.163 1.41))",2,3700
FreshMart Banksia Grove,Aisle 6 - Frozen Meals,Aisle 6,07,Shelf 4 - Bay 07,Wire Shelf,,,"POLYGON ((4.8 1.79, 6.4 1.79, 6.4 1.83, 4.8 1.83, 4.8 1.79))",1,
FreshMart Banksia Grove,Aisle 6 - Frozen Meals,Aisle 6,07,FreshMart Essentials Lasagne 400g,Product,FreshMart Essentials,1,"POLYGON ((4.835 1.83, 4.995 1.83, 4.995 1.88, 4.835 1.88, 4.835 1.83))",2,3600
FreshMart Banksia Grove,Aisle 6 - Frozen Meals,Aisle 6,07,FreshMart Essentials Mac & Cheese 320g,Product,FreshMart Essentials,3,"POLYGON ((5.007 1.83, 5.457 1.83, 5.457 1.88, 5.007 1.88, 5.007 1.83))",2,6900
FreshMart Banksia Grove,Aisle 6 - Frozen Meals,Aisle 6,07,Heat & Eat Family Pie 700g,Product,Heat & Eat,3,"POLYGON ((5.469 1.83, 6.069 1.83, 6.069 1.92, 5.469 1.92, 5.469 1.83))",2,10200
FreshMart Banksia Grove,Aisle 6 - Frozen Meals,Aisle 6,07,FreshMart Essentials Family Pie 700g,Product,FreshMart Essentials,1,"POLYGON ((6.081 1.83, 6.281 1.83, 6.281 1.92, 6.081 1.92, 6.081 1.83))",2,2300
FreshMart Banksia Grove,Aisle 6 - Ice Cream,Aisle 6,08,Bay Frame 08,Rack,,,"POLYGON ((0 0, 1.6 0, 1.6 2.2, 0 2.2, 0 0))",0,
FreshMart Banksia Grove,Aisle 6 - Ice Cream,Aisle 6,09,Bay Frame 09,Rack,,,"POLYGON ((1.6 0, 3.2 0, 3.2 2.2, 1.6 2.2, 1.6 0))",0,
FreshMart Banksia Grove,Aisle 6 - Ice Cream,Aisle 6,10,Bay Frame 10,Rack,,,"POLYGON ((3.2 0, 4.8 0, 4.8 2.2, 3.2 2.2, 3.2 0))",0,
FreshMart Banksia Grove,Aisle 6 - Ice Cream,Aisle 6,,Upright 1,Rack,,,"POLYGON ((0 0, 0.025 0, 0.025 2.2, 0 2.2, 0 0))",0,
FreshMart Banksia Grove,Aisle 6 - Ice Cream,Aisle 6,,Upright 2,Rack,,,"POLYGON ((1.575 0, 1.625 0, 1.625 2.2, 1.575 2.2, 1.575 0))",0,
FreshMart Banksia Grove,Aisle 6 - Ice Cream,Aisle 6,,Upright 3,Rack,,,"POLYGON ((3.175 0, 3.225 0, 3.225 2.2, 3.175 2.2, 3.175 0))",0,
FreshMart Banksia Grove,Aisle 6 - Ice Cream,Aisle 6,,Upright 4,Rack,,,"POLYGON ((4.775 0, 4.8 0, 4.8 2.2, 4.775 2.2, 4.775 0))",0,
FreshMart Banksia Grove,Aisle 6 - Ice Cream,Aisle 6,08,Glass Door 08,Glass Door,,,"POLYGON ((0.02 0.05, 1.58 0.05, 1.58 2.15, 0.02 2.15, 0.02 0.05))",1,
FreshMart Banksia Grove,Aisle 6 - Ice Cream,Aisle 6,08,Base Deck - Bay 08,Base Deck,,,"POLYGON ((0 0, 1.6 0, 1.6 0.15, 0 0.15, 0 0))",1,
FreshMart Banksia Grove,Aisle 6 - Ice Cream,Aisle 6,08,FreshMart Essentials Mango Sorbet 500ml,Product,FreshMart Essentials,1,"POLYGON ((0.035 0.15, 0.165 0.15, 0.165 0.26, 0.035 0.26, 0.035 0.15))",2,5100
FreshMart Banksia Grove,Aisle 6 - Ice Cream,Aisle 6,08,Polar Peak Choc Sticks 4pk,Product,Polar Peak,1,"POLYGON ((0.177 0.15, 0.357 0.15, 0.357 0.27, 0.177 0.27, 0.177 0.15))",2,4700
FreshMart Banksia Grove,Aisle 6 - Ice Cream,Aisle 6,08,Gelato Lane Choc Sticks 4pk,Product,Gelato Lane,3,"POLYGON ((0.369 0.15, 0.909 0.15, 0.909 0.27, 0.369 0.27, 0.369 0.15))",2,9500
FreshMart Banksia Grove,Aisle 6 - Ice Cream,Aisle 6,08,FreshMart Essentials Mango Sorbet 500ml,Product,FreshMart Essentials,1,"POLYGON ((0.921 0.15, 1.051 0.15, 1.051 0.26, 0.921 0.26, 0.921 0.15))",2,4200
FreshMart Banksia Grove,Aisle 6 - Ice Cream,Aisle 6,08,FreshMart Essentials Vanilla Tub 2L,Product,FreshMart Essentials,1,"POLYGON ((1.063 0.15, 1.273 0.15, 1.273 0.29, 1.063 0.29, 1.063 0.15))",2,3900
FreshMart Banksia Grove,Aisle 6 - Ice Cream,Aisle 6,08,Polar Peak Salted Caramel 1L,Product,Polar Peak,1,"POLYGON ((1.285 0.15, 1.445 0.15, 1.445 0.27, 1.285 0.27, 1.285 0.15))",2,4000
FreshMart Banksia Grove,Aisle 6 - Ice Cream,Aisle 6,08,Shelf 1 - Bay 08,Wire Shelf,,,"POLYGON ((0 0.53, 1.6 0.53, 1.6 0.57, 0 0.57, 0 0.53))",1,
FreshMart Banksia Grove,Aisle 6 - Ice Cream,Aisle 6,08,FreshMart Essentials Salted Caramel 1L,Product,FreshMart Essentials,1,"POLYGON ((0.035 0.57, 0.195 0.57, 0.195 0.69, 0.035 0.69, 0.035 0.57))",2,4500
FreshMart Banksia Grove,Aisle 6 - Ice Cream,Aisle 6,08,Gelato Lane Vanilla Tub 2L,Product,Gelato Lane,2,"POLYGON ((0.207 0.57, 0.627 0.57, 0.627 0.71, 0.207 0.71, 0.207 0.57))",2,8300
FreshMart Banksia Grove,Aisle 6 - Ice Cream,Aisle 6,08,Gelato Lane Cookie Sandwiches 4pk,Product,Gelato Lane,2,"POLYGON ((0.639 0.57, 0.979 0.57, 0.979 0.68, 0.639 0.68, 0.639 0.57))",2,7900
FreshMart Banksia Grove,Aisle 6 - Ice Cream,Aisle 6,08,Gelato Lane Cookie Sandwiches 4pk,Product,Gelato Lane,1,"POLYGON ((0.991 0.57, 1.161 0.57, 1.161 0.68, 0.991 0.68, 0.991 0.57))",2,4300
FreshMart Banksia Grove,Aisle 6 - Ice Cream,Aisle 6,08,FreshMart Essentials Salted Caramel 1L,Product,FreshMart Essentials,2,"POLYGON ((1.173 0.57, 1.493 0.57, 1.493 0.69, 1.173 0.69, 1.173 0.57))",2,6800
FreshMart Banksia Grove,Aisle 6 - Ice Cream,Aisle 6,08,Shelf 2 - Bay 08,Wire Shelf,,,"POLYGON ((0 0.95, 1.6 0.95, 1.6 0.99, 0 0.99, 0 0.95))",1,
FreshMart Banksia Grove,Aisle 6 - Ice Cream,Aisle 6,08,FreshMart Essentials Cookie Sandwiches 4pk,Product,FreshMart Essentials,2,"POLYGON ((0.035 0.99, 0.375 0.99, 0.375 1.1, 0.035 1.1, 0.035 0.99))",2,5900
FreshMart Banksia Grove,Aisle 6 - Ice Cream,Aisle 6,08,Gelato Lane Choc Sticks 4pk,Product,Gelato Lane,3,"POLYGON ((0.387 0.99, 0.927 0.99, 0.927 1.11, 0.387 1.11, 0.387 0.99))",2,12600
FreshMart Banksia Grove,Aisle 6 - Ice Cream,Aisle 6,08,Gelato Lane Salted Caramel 1L,Product,Gelato Lane,3,"POLYGON ((0.939 0.99, 1.419 0.99, 1.419 1.11, 0.939 1.11, 0.939 0.99))",2,9400
FreshMart Banksia Grove,Aisle 6 - Ice Cream,Aisle 6,08,Polar Peak Mango Sorbet 500ml,Product,Polar Peak,1,"POLYGON ((1.431 0.99, 1.561 0.99, 1.561 1.1, 1.431 1.1, 1.431 0.99))",2,4000
FreshMart Banksia Grove,Aisle 6 - Ice Cream,Aisle 6,08,Shelf 3 - Bay 08,Wire Shelf,,,"POLYGON ((0 1.37, 1.6 1.37, 1.6 1.41, 0 1.41, 0 1.37))",1,
FreshMart Banksia Grove,Aisle 6 - Ice Cream,Aisle 6,08,FreshMart Essentials Vanilla Tub 2L,Product,FreshMart Essentials,3,"POLYGON ((0.035 1.41, 0.665 1.41, 0.665 1.55, 0.035 1.55, 0.035 1.41))",2,10000
FreshMart Banksia Grove,Aisle 6 - Ice Cream,Aisle 6,08,Gelato Lane Fruit Pops 8pk,Product,Gelato Lane,1,"POLYGON ((0.677 1.41, 0.877 1.41, 0.877 1.54, 0.677 1.54, 0.677 1.41))",2,3800
FreshMart Banksia Grove,Aisle 6 - Ice Cream,Aisle 6,08,FreshMart Essentials Choc Sticks 4pk,Product,FreshMart Essentials,2,"POLYGON ((0.889 1.41, 1.249 1.41, 1.249 1.53, 0.889 1.53, 0.889 1.41))",2,8500
FreshMart Banksia Grove,Aisle 6 - Ice Cream,Aisle 6,08,Polar Peak Choc Sticks 4pk,Product,Polar Peak,1,"POLYGON ((1.261 1.41, 1.441 1.41, 1.441 1.53, 1.261 1.53, 1.261 1.41))",2,4100
FreshMart Banksia Grove,Aisle 6 - Ice Cream,Aisle 6,08,Shelf 4 - Bay 08,Wire Shelf,,,"POLYGON ((0 1.79, 1.6 1.79, 1.6 1.83, 0 1.83, 0 1.79))",1,
FreshMart Banksia Grove,Aisle 6 - Ice Cream,Aisle 6,08,Gelato Lane Vanilla Tub 2L,Product,Gelato Lane,3,"POLYGON ((0.035 1.83, 0.665 1.83, 0.665 1.97, 0.035 1.97, 0.035 1.83))",2,14700
FreshMart Banksia Grove,Aisle 6 - Ice Cream,Aisle 6,08,Gelato Lane Salted Caramel 1L,Product,Gelato Lane,3,"POLYGON ((0.677 1.83, 1.157 1.83, 1.157 1.95, 0.677 1.95, 0.677 1.83))",2,8900
FreshMart Banksia Grove,Aisle 6 - Ice Cream,Aisle 6,08,Polar Peak Choc Sticks 4pk,Product,Polar Peak,1,"POLYGON ((1.169 1.83, 1.349 1.83, 1.349 1.95, 1.169 1.95, 1.169 1.83))",2,4600
FreshMart Banksia Grove,Aisle 6 - Ice Cream,Aisle 6,08,Polar Peak Cookie Sandwiches 4pk,Product,Polar Peak,1,"POLYGON ((1.361 1.83, 1.531 1.83, 1.531 1.94, 1.361 1.94, 1.361 1.83))",2,4400
FreshMart Banksia Grove,Aisle 6 - Ice Cream,Aisle 6,09,Glass Door 09,Glass Door,,,"POLYGON ((1.62 0.05, 3.18 0.05, 3.18 2.15, 1.62 2.15, 1.62 0.05))",1,
FreshMart Banksia Grove,Aisle 6 - Ice Cream,Aisle 6,09,Base Deck - Bay 09,Base Deck,,,"POLYGON ((1.6 0, 3.2 0, 3.2 0.15, 1.6 0.15, 1.6 0))",1,
FreshMart Banksia Grove,Aisle 6 - Ice Cream,Aisle 6,09,Gelato Lane Fruit Pops 8pk,Product,Gelato Lane,1,"POLYGON ((1.635 0.15, 1.835 0.15, 1.835 0.28, 1.635 0.28, 1.635 0.15))",2,3500
FreshMart Banksia Grove,Aisle 6 - Ice Cream,Aisle 6,09,Polar Peak Choc Sticks 4pk,Product,Polar Peak,2,"POLYGON ((1.847 0.15, 2.207 0.15, 2.207 0.27, 1.847 0.27, 1.847 0.15))",2,9900
FreshMart Banksia Grove,Aisle 6 - Ice Cream,Aisle 6,09,Gelato Lane Fruit Pops 8pk,Product,Gelato Lane,3,"POLYGON ((2.219 0.15, 2.819 0.15, 2.819 0.28, 2.219 0.28, 2.219 0.15))",2,9600
FreshMart Banksia Grove,Aisle 6 - Ice Cream,Aisle 6,09,FreshMart Essentials Choc Sticks 4pk,Product,FreshMart Essentials,1,"POLYGON ((2.831 0.15, 3.011 0.15, 3.011 0.27, 2.831 0.27, 2.831 0.15))",2,4100
FreshMart Banksia Grove,Aisle 6 - Ice Cream,Aisle 6,09,Polar Peak Mango Sorbet 500ml,Product,Polar Peak,1,"POLYGON ((3.023 0.15, 3.153 0.15, 3.153 0.26, 3.023 0.26, 3.023 0.15))",2,4100
FreshMart Banksia Grove,Aisle 6 - Ice Cream,Aisle 6,09,Shelf 1 - Bay 09,Wire Shelf,,,"POLYGON ((1.6 0.53, 3.2 0.53, 3.2 0.57, 1.6 0.57, 1.6 0.53))",1,
FreshMart Banksia Grove,Aisle 6 - Ice Cream,Aisle 6,09,FreshMart Essentials Salted Caramel 1L,Product,FreshMart Essentials,3,"POLYGON ((1.635 0.57, 2.115 0.57, 2.115 0.69, 1.635 0.69, 1.635 0.57))",2,10400
FreshMart Banksia Grove,Aisle 6 - Ice Cream,Aisle 6,09,Gelato Lane Salted Caramel 1L,Product,Gelato Lane,1,"POLYGON ((2.127 0.57, 2.287 0.57, 2.287 0.69, 2.127 0.69, 2.127 0.57))",2,4100
FreshMart Banksia Grove,Aisle 6 - Ice Cream,Aisle 6,09,Gelato Lane Mango Sorbet 500ml,Product,Gelato Lane,1,"POLYGON ((2.299 0.57, 2.429 0.57, 2.429 0.68, 2.299 0.68, 2.299 0.57))",2,4600
FreshMart Banksia Grove,Aisle 6 - Ice Cream,Aisle 6,09,Gelato Lane Fruit Pops 8pk,Product,Gelato Lane,3,"POLYGON ((2.441 0.57, 3.041 0.57, 3.041 0.7, 2.441 0.7, 2.441 0.57))",2,10900
FreshMart Banksia Grove,Aisle 6 - Ice Cream,Aisle 6,09,Shelf 2 - Bay 09,Wire Shelf,,,"POLYGON ((1.6 0.95, 3.2 0.95, 3.2 0.99, 1.6 0.99, 1.6 0.95))",1,
FreshMart Banksia Grove,Aisle 6 - Ice Cream,Aisle 6,09,Polar Peak Mango Sorbet 500ml,Product,Polar Peak,1,"POLYGON ((1.635 0.99, 1.765 0.99, 1.765 1.1, 1.635 1.1, 1.635 0.99))",2,3900
FreshMart Banksia Grove,Aisle 6 - Ice Cream,Aisle 6,09,Gelato Lane Cookie Sandwiches 4pk,Product,Gelato Lane,2,"POLYGON ((1.777 0.99, 2.117 0.99, 2.117 1.1, 1.777 1.1, 1.777 0.99))",2,9900
FreshMart Banksia Grove,Aisle 6 - Ice Cream,Aisle 6,09,FreshMart Essentials Cookie Sandwiches 4pk,Product,FreshMart Essentials,3,"POLYGON ((2.129 0.99, 2.639 0.99, 2.639 1.1, 2.129 1.1, 2.129 0.99))",2,12600
FreshMart Banksia Grove,Aisle 6 - Ice Cream,Aisle 6,09,Gelato Lane Cookie Sandwiches 4pk,Product,Gelato Lane,1,"POLYGON ((2.651 0.99, 2.821 0.99, 2.821 1.1, 2.651 1.1, 2.651 0.99))",2,4200
FreshMart Banksia Grove,Aisle 6 - Ice Cream,Aisle 6,09,Polar Peak Fruit Pops 8pk,Product,Polar Peak,1,"POLYGON ((2.833 0.99, 3.033 0.99, 3.033 1.12, 2.833 1.12, 2.833 0.99))",2,4600
FreshMart Banksia Grove,Aisle 6 - Ice Cream,Aisle 6,09,Shelf 3 - Bay 09,Wire Shelf,,,"POLYGON ((1.6 1.37, 3.2 1.37, 3.2 1.41, 1.6 1.41, 1.6 1.37))",1,
FreshMart Banksia Grove,Aisle 6 - Ice Cream,Aisle 6,09,Polar Peak Vanilla Tub 2L,Product,Polar Peak,1,"POLYGON ((1.635 1.41, 1.845 1.41, 1.845 1.55, 1.635 1.55, 1.635 1.41))",2,2800
FreshMart Banksia Grove,Aisle 6 - Ice Cream,Aisle 6,09,Polar Peak Mango Sorbet 500ml,Product,Polar Peak,2,"POLYGON ((1.857 1.41, 2.117 1.41, 2.117 1.52, 1.857 1.52, 1.857 1.41))",2,10400
FreshMart Banksia Grove,Aisle 6 - Ice Cream,Aisle 6,09,Gelato Lane Cookie Sandwiches 4pk,Product,Gelato Lane,1,"POLYGON ((2.129 1.41, 2.299 1.41, 2.299 1.52, 2.129 1.52, 2.129 1.41))",2,4200
FreshMart Banksia Grove,Aisle 6 - Ice Cream,Aisle 6,09,FreshMart Essentials Mango Sorbet 500ml,Product,FreshMart Essentials,3,"POLYGON ((2.311 1.41, 2.701 1.41, 2.701 1.52, 2.311 1.52, 2.311 1.41))",2,14300
FreshMart Banksia Grove,Aisle 6 - Ice Cream,Aisle 6,09,Polar Peak Vanilla Tub 2L,Product,Polar Peak,1,"POLYGON ((2.713 1.41, 2.923 1.41, 2.923 1.55, 2.713 1.55, 2.713 1.41))",2,4800
FreshMart Banksia Grove,Aisle 6 - Ice Cream,Aisle 6,09,Gelato Lane Vanilla Tub 2L,Product,Gelato Lane,1,"POLYGON ((2.935 1.41, 3.145 1.41, 3.145 1.55, 2.935 1.55, 2.935 1.41))",2,4800
FreshMart Banksia Grove,Aisle 6 - Ice Cream,Aisle 6,09,Shelf 4 - Bay 09,Wire Shelf,,,"POLYGON ((1.6 1.79, 3.2 1.79, 3.2 1.83, 1.6 1.83, 1.6 1.79))",1,
FreshMart Banksia Grove,Aisle 6 - Ice Cream,Aisle 6,09,Polar Peak Salted Caramel 1L,Product,Polar Peak,3,"POLYGON ((1.635 1.83, 2.115 1.83, 2.115 1.95, 1.635 1.95, 1.635 1.83))",2,15400
FreshMart Banksia Grove,Aisle 6 - Ice Cream,Aisle 6,09,FreshMart Essentials Salted Caramel 1L,Product,FreshMart Essentials,2,"POLYGON ((2.127 1.83, 2.447 1.83, 2.447 1.95, 2.127 1.95, 2.127 1.83))",2,7900
FreshMart Banksia Grove,Aisle 6 - Ice Cream,Aisle 6,09,Polar Peak Salted Caramel 1L,Product,Polar Peak,3,"POLYGON ((2.459 1.83, 2.939 1.83, 2.939 1.95, 2.459 1.95, 2.459 1.83))",2,9900
FreshMart Banksia Grove,Aisle 6 - Ice Cream,Aisle 6,09,FreshMart Essentials Cookie Sandwiches 4pk,Product,FreshMart Essentials,1,"POLYGON ((2.951 1.83, 3.121 1.83, 3.121 1.94, 2.951 1.94, 2.951 1.83))",2,2800
FreshMart Banksia Grove,Aisle 6 - Ice Cream,Aisle 6,10,Glass Door 10,Glass Door,,,"POLYGON ((3.22 0.05, 4.78 0.05, 4.78 2.15, 3.22 2.15, 3.22 0.05))",1,
FreshMart Banksia Grove,Aisle 6 - Ice Cream,Aisle 6,10,Base Deck - Bay 10,Base Deck,,,"POLYGON ((3.2 0, 4.8 0, 4.8 0.15, 3.2 0.15, 3.2 0))",1,
FreshMart Banksia Grove,Aisle 6 - Ice Cream,Aisle 6,10,Polar Peak Mango Sorbet 500ml,Product,Polar Peak,1,"POLYGON ((3.235 0.15, 3.365 0.15, 3.365 0.26, 3.235 0.26, 3.235 0.15))",2,3400
FreshMart Banksia Grove,Aisle 6 - Ice Cream,Aisle 6,10,Gelato Lane Fruit Pops 8pk,Product,Gelato Lane,3,"POLYGON ((3.377 0.15, 3.977 0.15, 3.977 0.28, 3.377 0.28, 3.377 0.15))",2,14100
FreshMart Banksia Grove,Aisle 6 - Ice Cream,Aisle 6,10,FreshMart Essentials Vanilla Tub 2L,Product,FreshMart Essentials,2,"POLYGON ((3.989 0.15, 4.409 0.15, 4.409 0.29, 3.989 0.29, 3.989 0.15))",2,8300
FreshMart Banksia Grove,Aisle 6 - Ice Cream,Aisle 6,10,Gelato Lane Cookie Sandwiches 4pk,Product,Gelato Lane,2,"POLYGON ((4.421 0.15, 4.761 0.15, 4.761 0.26, 4.421 0.26, 4.421 0.15))",2,10400
FreshMart Banksia Grove,Aisle 6 - Ice Cream,Aisle 6,10,Shelf 1 - Bay 10,Wire Shelf,,,"POLYGON ((3.2 0.53, 4.8 0.53, 4.8 0.57, 3.2 0.57, 3.2 0.53))",1,
FreshMart Banksia Grove,Aisle 6 - Ice Cream,Aisle 6,10,Polar Peak Salted Caramel 1L,Product,Polar Peak,1,"POLYGON ((3.235 0.57, 3.395 0.57, 3.395 0.69, 3.235 0.69, 3.235 0.57))",2,2800
FreshMart Banksia Grove,Aisle 6 - Ice Cream,Aisle 6,10,Polar Peak Salted Caramel 1L,Product,Polar Peak,1,"POLYGON ((3.407 0.57, 3.567 0.57, 3.567 0.69, 3.407 0.69, 3.407 0.57))",2,4200
FreshMart Banksia Grove,Aisle 6 - Ice Cream,Aisle 6,10,Gelato Lane Mango Sorbet 500ml,Product,Gelato Lane,1,"POLYGON ((3.579 0.57, 3.709 0.57, 3.709 0.68, 3.579 0.68, 3.579 0.57))",2,2900
FreshMart Banksia Grove,Aisle 6 - Ice Cream,Aisle 6,10,Polar Peak Mango Sorbet 500ml,Product,Polar Peak,3,"POLYGON ((3.721 0.57, 4.111 0.57, 4.111 0.68, 3.721 0.68, 3.721 0.57))",2,10100
FreshMart Banksia Grove,Aisle 6 - Ice Cream,Aisle 6,10,Polar Peak Mango Sorbet 500ml,Product,Polar Peak,2,"POLYGON ((4.123 0.57, 4.383 0.57, 4.383 0.68, 4.123 0.68, 4.123 0.57))",2,7100
FreshMart Banksia Grove,Aisle 6 - Ice Cream,Aisle 6,10,FreshMart Essentials Mango Sorbet 500ml,Product,FreshMart Essentials,2,"POLYGON ((4.395 0.57, 4.655 0.57, 4.655 0.68, 4.395 0.68, 4.395 0.57))",2,9900
FreshMart Banksia Grove,Aisle 6 - Ice Cream,Aisle 6,10,Shelf 2 - Bay 10,Wire Shelf,,,"POLYGON ((3.2 0.95, 4.8 0.95, 4.8 0.99, 3.2 0.99, 3.2 0.95))",1,
FreshMart Banksia Grove,Aisle 6 - Ice Cream,Aisle 6,10,FreshMart Essentials Mango Sorbet 500ml,Product,FreshMart Essentials,3,"POLYGON ((3.235 0.99, 3.625 0.99, 3.625 1.1, 3.235 1.1, 3.235 0.99))",2,15300
FreshMart Banksia Grove,Aisle 6 - Ice Cream,Aisle 6,10,Polar Peak Salted Caramel 1L,Product,Polar Peak,2,"POLYGON ((3.637 0.99, 3.957 0.99, 3.957 1.11, 3.637 1.11, 3.637 0.99))",2,9000
FreshMart Banksia Grove,Aisle 6 - Ice Cream,Aisle 6,10,FreshMart Essentials Cookie Sandwiches 4pk,Product,FreshMart Essentials,3,"POLYGON ((3.969 0.99, 4.479 0.99, 4.479 1.1, 3.969 1.1, 3.969 0.99))",2,13400
FreshMart Banksia Grove,Aisle 6 - Ice Cream,Aisle 6,10,FreshMart Essentials Choc Sticks 4pk,Product,FreshMart Essentials,1,"POLYGON ((4.491 0.99, 4.671 0.99, 4.671 1.11, 4.491 1.11, 4.491 0.99))",2,3900
FreshMart Banksia Grove,Aisle 6 - Ice Cream,Aisle 6,10,Shelf 3 - Bay 10,Wire Shelf,,,"POLYGON ((3.2 1.37, 4.8 1.37, 4.8 1.41, 3.2 1.41, 3.2 1.37))",1,
FreshMart Banksia Grove,Aisle 6 - Ice Cream,Aisle 6,10,Gelato Lane Mango Sorbet 500ml,Product,Gelato Lane,3,"POLYGON ((3.235 1.41, 3.625 1.41, 3.625 1.52, 3.235 1.52, 3.235 1.41))",2,11200
FreshMart Banksia Grove,Aisle 6 - Ice Cream,Aisle 6,10,Polar Peak Choc Sticks 4pk,Product,Polar Peak,1,"POLYGON ((3.637 1.41, 3.817 1.41, 3.817 1.53, 3.637 1.53, 3.637 1.41))",2,3500
FreshMart Banksia Grove,Aisle 6 - Ice Cream,Aisle 6,10,Polar Peak Mango Sorbet 500ml,Product,Polar Peak,3,"POLYGON ((3.829 1.41, 4.219 1.41, 4.219 1.52, 3.829 1.52, 3.829 1.41))",2,7900
FreshMart Banksia Grove,Aisle 6 - Ice Cream,Aisle 6,10,Gelato Lane Choc Sticks 4pk,Product,Gelato Lane,1,"POLYGON ((4.231 1.41, 4.411 1.41, 4.411 1.53, 4.231 1.53, 4.231 1.41))",2,4600
FreshMart Banksia Grove,Aisle 6 - Ice Cream,Aisle 6,10,FreshMart Essentials Fruit Pops 8pk,Product,FreshMart Essentials,1,"POLYGON ((4.423 1.41, 4.623 1.41, 4.623 1.54, 4.423 1.54, 4.423 1.41))",2,4000
FreshMart Banksia Grove,Aisle 6 - Ice Cream,Aisle 6,10,Gelato Lane Mango Sorbet 500ml,Product,Gelato Lane,1,"POLYGON ((4.635 1.41, 4.765 1.41, 4.765 1.52, 4.635 1.52, 4.635 1.41))",2,4200
FreshMart Banksia Grove,Aisle 6 - Ice Cream,Aisle 6,10,Shelf 4 - Bay 10,Wire Shelf,,,"POLYGON ((3.2 1.79, 4.8 1.79, 4.8 1.83, 3.2 1.83, 3.2 1.79))",1,
FreshMart Banksia Grove,Aisle 6 - Ice Cream,Aisle 6,10,Gelato Lane Salted Caramel 1L,Product,Gelato Lane,3,"POLYGON ((3.235 1.83, 3.715 1.83, 3.715 1.95, 3.235 1.95, 3.235 1.83))",2,15000
FreshMart Banksia Grove,Aisle 6 - Ice Cream,Aisle 6,10,Polar Peak Salted Caramel 1L,Product,Polar Peak,2,"POLYGON ((3.727 1.83, 4.047 1.83, 4.047 1.95, 3.727 1.95, 3.727 1.83))",2,5600
FreshMart Banksia Grove,Aisle 6 - Ice Cream,Aisle 6,10,Gelato Lane Mango Sorbet 500ml,Product,Gelato Lane,2,"POLYGON ((4.059 1.83, 4.319 1.83, 4.319 1.94, 4.059 1.94, 4.059 1.83))",2,7900
FreshMart Banksia Grove,Aisle 6 - Ice Cream,Aisle 6,10,FreshMart Essentials Mango Sorbet 500ml,Product,FreshMart Essentials,1,"POLYGON ((4.331 1.83, 4.461 1.83, 4.461 1.94, 4.331 1.94, 4.331 1.83))",2,2700
FreshMart Banksia Grove,Aisle 6 - Ice Cream,Aisle 6,10,Polar Peak Choc Sticks 4pk,Product,Polar Peak,1,"POLYGON ((4.473 1.83, 4.653 1.83, 4.653 1.95, 4.473 1.95, 4.473 1.83))",2,3300
FreshMart Banksia Grove,Aisle 7 - Frozen Seafood,Aisle 7,01,Bay Frame 01,Rack,,,"POLYGON ((0 0, 1.6 0, 1.6 2.2, 0 2.2, 0 0))",0,
FreshMart Banksia Grove,Aisle 7 - Frozen Seafood,Aisle 7,02,Bay Frame 02,Rack,,,"POLYGON ((1.6 0, 3.2 0, 3.2 2.2, 1.6 2.2, 1.6 0))",0,
FreshMart Banksia Grove,Aisle 7 - Frozen Seafood,Aisle 7,03,Bay Frame 03,Rack,,,"POLYGON ((3.2 0, 4.8 0, 4.8 2.2, 3.2 2.2, 3.2 0))",0,
FreshMart Banksia Grove,Aisle 7 - Frozen Seafood,Aisle 7,,Upright 1,Rack,,,"POLYGON ((0 0, 0.025 0, 0.025 2.2, 0 2.2, 0 0))",0,
FreshMart Banksia Grove,Aisle 7 - Frozen Seafood,Aisle 7,,Upright 2,Rack,,,"POLYGON ((1.575 0, 1.625 0, 1.625 2.2, 1.575 2.2, 1.575 0))",0,
FreshMart Banksia Grove,Aisle 7 - Frozen Seafood,Aisle 7,,Upright 3,Rack,,,"POLYGON ((3.175 0, 3.225 0, 3.225 2.2, 3.175 2.2, 3.175 0))",0,
FreshMart Banksia Grove,Aisle 7 - Frozen Seafood,Aisle 7,,Upright 4,Rack,,,"POLYGON ((4.775 0, 4.8 0, 4.8 2.2, 4.775 2.2, 4.775 0))",0,
FreshMart Banksia Grove,Aisle 7 - Frozen Seafood,Aisle 7,01,Glass Door 01,Glass Door,,,"POLYGON ((0.02 0.05, 1.58 0.05, 1.58 2.15, 0.02 2.15, 0.02 0.05))",1,
FreshMart Banksia Grove,Aisle 7 - Frozen Seafood,Aisle 7,01,Base Deck - Bay 01,Base Deck,,,"POLYGON ((0 0, 1.6 0, 1.6 0.15, 0 0.15, 0 0))",1,
FreshMart Banksia Grove,Aisle 7 - Frozen Seafood,Aisle 7,01,Sea Cliff Fish Fillets 425g,Product,Sea Cliff,3,"POLYGON ((0.035 0.15, 0.665 0.15, 0.665 0.21, 0.035 0.21, 0.035 0.15))",2,9600
FreshMart Banksia Grove,Aisle 7 - Frozen Seafood,Aisle 7,01,FreshMart Essentials Prawn Cutlets 400g,Product,FreshMart Essentials,2,"POLYGON ((0.677 0.15, 1.077 0.15, 1.077 0.22, 0.677 0.22, 0.677 0.15))",2,7300
FreshMart Banksia Grove,Aisle 7 - Frozen Seafood,Aisle 7,01,Sea Cliff Squid Rings 500g,Product,Sea Cliff,1,"POLYGON ((1.089 0.15, 1.289 0.15, 1.289 0.22, 1.089 0.22, 1.089 0.15))",2,3800
FreshMart Banksia Grove,Aisle 7 - Frozen Seafood,Aisle 7,01,Sea Cliff Squid Rings 500g,Product,Sea Cliff,1,"POLYGON ((1.301 0.15, 1.501 0.15, 1.501 0.22, 1.301 0.22, 1.301 0.15))",2,3100
FreshMart Banksia Grove,Aisle 7 - Frozen Seafood,Aisle 7,01,Shelf 1 - Bay 01,Wire Shelf,,,"POLYGON ((0 0.53, 1.6 0.53, 1.6 0.57, 0 0.57, 0 0.53))",1,
FreshMart Banksia Grove,Aisle 7 - Frozen Seafood,Aisle 7,01,Sea Cliff Squid Rings 500g,Product,Sea Cliff,3,"POLYGON ((0.035 0.57, 0.635 0.57, 0.635 0.64, 0.035 0.64, 0.035 0.57))",2,12500
FreshMart Banksia Grove,Aisle 7 - Frozen Seafood,Aisle 7,01,Reel Catch Crumbed Whiting 400g,Product,Reel Catch,2,"POLYGON ((0.647 0.57, 1.067 0.57, 1.067 0.63, 0.647 0.63, 0.647 0.57))",2,8000
FreshMart Banksia Grove,Aisle 7 - Frozen Seafood,Aisle 7,01,Sea Cliff Crumbed Whiting 400g,Product,Sea Cliff,1,"POLYGON ((1.079 0.57, 1.289 0.57, 1.289 0.63, 1.079 0.63, 1.079 0.57))",2,2900
FreshMart Banksia Grove,Aisle 7 - Frozen Seafood,Aisle 7,01,FreshMart Essentials Squid Rings 500g,Product,FreshMart Essentials,1,"POLYGON ((1.301 0.57, 1.501 0.57, 1.501 0.64, 1.301 0.64, 1.301 0.57))",2,2800
FreshMart Banksia Grove,Aisle 7 - Frozen Seafood,Aisle 7,01,Shelf 2 - Bay 01,Wire Shelf,,,"POLYGON ((0 0.95, 1.6 0.95, 1.6 0.99, 0 0.99, 0 0.95))",1,
FreshMart Banksia Grove,Aisle 7 - Frozen Seafood,Aisle 7,01,Sea Cliff Fish Fingers 375g,Product,Sea Cliff,1,"POLYGON ((0.035 0.99, 0.215 0.99, 0.215 1.05, 0.035 1.05, 0.035 0.99))",2,2900
FreshMart Banksia Grove,Aisle 7 - Frozen Seafood,Aisle 7,01,FreshMart Essentials Fish Fillets 425g,Product,FreshMart Essentials,2,"POLYGON ((0.227 0.99, 0.647 0.99, 0.647 1.05, 0.227 1.05, 0.227 0.99))",2,7900
FreshMart Banksia Grove,Aisle 7 - Frozen Seafood,Aisle 7,01,Sea Cliff Squid Rings 500g,Product,Sea Cliff,3,"POLYGON ((0.659 0.99, 1.259 0.99, 1.259 1.06, 0.659 1.06, 0.659 0.99))",2,8100
FreshMart Banksia Grove,Aisle 7 - Frozen Seafood,Aisle 7,01,Reel Catch Fish Fingers 375g,Product,Reel Catch,1,"POLYGON ((1.271 0.99, 1.451 0.99, 1.451 1.05, 1.271 1.05, 1.271 0.99))",2,3600
FreshMart Banksia Grove,Aisle 7 - Frozen Seafood,Aisle 7,01,Shelf 3 - Bay 01,Wire Shelf,,,"POLYGON ((0 1.37, 1.6 1.37, 1.6 1.41, 0 1.41, 0 1.37))",1,
FreshMart Banksia Grove,Aisle 7 - Frozen Seafood,Aisle 7,01,FreshMart Essentials Fish Fillets 425g,Product,FreshMart Essentials,2,"POLYGON ((0.035 1.41, 0.455 1.41, 0.455 1.47, 0.035 1.47, 0.035 1.41))",2,7700
FreshMart Banksia Grove,Aisle 7 - Frozen Seafood,Aisle 7,01,FreshMart Essentials Crumbed Whiting 400g,Product,FreshMart Essentials,2,"POLYGON ((0.467 1.41, 0.887 1.41, 0.887 1.47, 0.467 1.47, 0.467 1.41))",2,6200
FreshMart Banksia Grove,Aisle 7 - Frozen Seafood,Aisle 7,01,Reel Catch Fish Fillets 425g,Product,Reel Catch,1,"POLYGON ((0.899 1.41, 1.109 1.41, 1.109 1.47, 0.899 1.47, 0.899 1.41))",2,2500
FreshMart Banksia Grove,Aisle 7 - Frozen Seafood,Aisle 7,01,Reel Catch Fish Fingers 375g,Product,Reel Catch,2,"POLYGON ((1.121 1.41, 1.481 1.41, 1.481 1.47, 1.121 1.47, 1.121 1.41))",2,4500
FreshMart Banksia Grove,Aisle 7 - Frozen Seafood,Aisle 7,01,Shelf 4 - Bay 01,Wire Shelf,,,"POLYGON ((0 1.79, 1.6 1.79, 1.6 1.83, 0 1.83, 0 1.79))",1,
FreshMart Banksia Grove,Aisle 7 - Frozen Seafood,Aisle 7,01,FreshMart Essentials Salmon Portions 2pk,Product,FreshMart Essentials,2,"POLYGON ((0.035 1.83, 0.395 1.83, 0.395 1.88, 0.035 1.88, 0.035 1.83))",2,6100
FreshMart Banksia Grove,Aisle 7 - Frozen Seafood,Aisle 7,01,FreshMart Essentials Salmon Portions 2pk,Product,FreshMart Essentials,3,"POLYGON ((0.407 1.83, 0.947 1.83, 0.947 1.88, 0.407 1.88, 0.407 1.83))",2,7000
FreshMart Banksia Grove,Aisle 7 - Frozen Seafood,Aisle 7,01,Reel Catch Squid Rings 500g,Product,Reel Catch,2,"POLYGON ((0.959 1.83, 1.359 1.83, 1.359 1.9, 0.959 1.9, 0.959 1.83))",2,5100
FreshMart Banksia Grove,Aisle 7 - Frozen Seafood,Aisle 7,01,Sea Cliff Salmon Portions 2pk,Product,Sea Cliff,1,"POLYGON ((1.371 1.83, 1.551 1.83, 1.551 1.88, 1.371 1.88, 1.371 1.83))",2,2500
FreshMart Banksia Grove,Aisle 7 - Frozen Seafood,Aisle 7,02,Glass Door 02,Glass Door,,,"POLYGON ((1.62 0.05, 3.18 0.05, 3.18 2.15, 1.62 2.15, 1.62 0.05))",1,
FreshMart Banksia Grove,Aisle 7 - Frozen Seafood,Aisle 7,02,Base Deck - Bay 02,Base Deck,,,"POLYGON ((1.6 0, 3.2 0, 3.2 0.15, 1.6 0.15, 1.6 0))",1,
FreshMart Banksia Grove,Aisle 7 - Frozen Seafood,Aisle 7,02,Reel Catch Fish Fingers 375g,Product,Reel Catch,3,"POLYGON ((1.635 0.15, 2.175 0.15, 2.175 0.21, 1.635 0.21, 1.635 0.15))",2,9700
FreshMart Banksia Grove,Aisle 7 - Frozen Seafood,Aisle 7,02,Reel Catch Prawn Cutlets 400g,Product,Reel Catch,1,"POLYGON ((2.187 0.15, 2.387 0.15, 2.387 0.22, 2.187 0.22, 2.187 0.15))",2,2300
FreshMart Banksia Grove,Aisle 7 - Frozen Seafood,Aisle 7,02,Reel Catch Crumbed Whiting 400g,Product,Reel Catch,2,"POLYGON ((2.399 0.15, 2.819 0.15, 2.819 0.21, 2.399 0.21, 2.399 0.15))",2,5800
FreshMart Banksia Grove,Aisle 7 - Frozen Seafood,Aisle 7,02,FreshMart Essentials Crumbed Whiting 400g,Product,FreshMart Essentials,1,"POLYGON ((2.831 0.15, 3.041 0.15, 3.041 0.21, 2.831 0.21, 2.831 0.15))",2,3000
FreshMart Banksia Grove,Aisle 7 - Frozen Seafood,Aisle 7,02,Shelf 1 - Bay 02,Wire Shelf,,,"POLYGON ((1.6 0.53, 3.2 0.53, 3.2 0.57, 1.6 0.57, 1.6 0.53))",1,
FreshMart Banksia Grove,Aisle 7 - Frozen Seafood,Aisle 7,02,FreshMart Essentials Prawn Cutlets 400g,Product,FreshMart Essentials,1,"POLYGON ((1.635 0.57, 1.835 0.57, 1.835 0.64, 1.635 0.64, 1.635 0.57))",2,3200
FreshMart Banksia Grove,Aisle 7 - Frozen Seafood,Aisle 7,02,FreshMart Essentials Crumbed Whiting 400g,Product,FreshMart Essentials,3,"POLYGON ((1.847 0.57, 2.477 0.57, 2.477 0.63, 1.847 0.63, 1.847 0.57))",2,8600
FreshMart Banksia Grove,Aisle 7 - Frozen Seafood,Aisle 7,02,Sea Cliff Crumbed Whiting 400g,Product,Sea Cliff,3,"POLYGON ((2.489 0.57, 3.119 0.57, 3.119 0.63, 2.489 0.63, 2.489 0.57))",2,7900
FreshMart Banksia Grove,Aisle 7 - Frozen Seafood,Aisle 7,02,Shelf 2 - Bay 02,Wire Shelf,,,"POLYGON ((1.6 0.95, 3.2 0.95, 3.2 0.99, 1.6 0.99, 1.6 0.95))",1,
FreshMart Banksia Grove,Aisle 7 - Frozen Seafood,Aisle 7,02,FreshMart Essentials Crumbed Whiting 400g,Product,FreshMart Essentials,3,"POLYGON ((1.635 0.99, 2.265 0.99, 2.265 1.05, 1.635 1.05, 1.635 0.99))",2,9900
FreshMart Banksia Grove,Aisle 7 - Frozen Seafood,Aisle 7,02,FreshMart Essentials Fish Fillets 425g,Product,FreshMart Essentials,1,"POLYGON ((2.277 0.99, 2.487 0.99, 2.487 1.05, 2.277 1.05, 2.277 0.99))",2,3400
FreshMart Banksia Grove,Aisle 7 - Frozen Seafood,Aisle 7,02,FreshMart Essentials Salmon Portions 2pk,Product,FreshMart Essentials,1,"POLYGON ((2.499 0.99, 2.679 0.99, 2.679 1.04, 2.499 1.04, 2.499 0.99))",2,2300
FreshMart Banksia Grove,Aisle 7 - Frozen Seafood,Aisle 7,02,Reel Catch Salmon Portions 2pk,Product,Reel Catch,2,"POLYGON ((2.691 0.99, 3.051 0.99, 3.051 1.04, 2.691 1.04, 2.691 0.99))",2,5300
FreshMart Banksia Grove,Aisle 7 - Frozen Seafood,Aisle 7,02,Shelf 3 - Bay 02,Wire Shelf,,,"POLYGON ((1.6 1.37, 3.2 1.37, 3.2 1.41, 1.6 1.41, 1.6 1.37))",1,
FreshMart Banksia Grove,Aisle 7 - Frozen Seafood,Aisle 7,02,Sea Cliff Salmon Portions 2pk,Product,Sea Cliff,1,"POLYGON ((1.635 1.41, 1.815 1.41, 1.815 1.46, 1.635 1.46, 1.635 1.41))",2,3400
FreshMart Banksia Grove,Aisle 7 - Frozen Seafood,Aisle 7,02,FreshMart Essentials Fish Fingers 375g,Product,FreshMart Essentials,1,"POLYGON ((1.827 1.41, 2.007 1.41, 2.007 1.47, 1.827 1.47, 1.827 1.41))",2,2600
FreshMart Banksia Grove,Aisle 7 - Frozen Seafood,Aisle 7,02,Reel Catch Fish Fillets 425g,Product,Reel Catch,2,"POLYGON ((2.019 1.41, 2.439 1.41, 2.439 1.47, 2.019 1.47, 2.019 1.41))",2,7200
FreshMart Banksia Grove,Aisle 7 - Frozen Seafood,Aisle 7,02,FreshMart Essentials Crumbed Whiting 400g,Product,FreshMart Essentials,2,"POLYGON ((2.451 1.41, 2.871 1.41, 2.871 1.47, 2.451 1.47, 2.451 1.41))",2,4800
FreshMart Banksia Grove,Aisle 7 - Frozen Seafood,Aisle 7,02,Reel Catch Crumbed Whiting 400g,Product,Reel Catch,1,"POLYGON ((2.883 1.41, 3.093 1.41, 3.093 1.47, 2.883 1.47, 2.883 1.41))",2,2900
FreshMart Banksia Grove,Aisle 7 - Frozen Seafood,Aisle 7,02,Shelf 4 - Bay 02,Wire Shelf,,,"POLYGON ((1.6 1.79, 3.2 1.79, 3.2 1.83, 1.6 1.83, 1.6 1.79))",1,
FreshMart Banksia Grove,Aisle 7 - Frozen Seafood,Aisle 7,02,Reel Catch Fish Fillets 425g,Product,Reel Catch,2,"POLYGON ((1.635 1.83, 2.055 1.83, 2.055 1.89, 1.635 1.89, 1.635 1.83))",2,7800
FreshMart Banksia Grove,Aisle 7 - Frozen Seafood,Aisle 7,02,FreshMart Essentials Prawn Cutlets 400g,Product,FreshMart Essentials,2,"POLYGON ((2.067 1.83, 2.467 1.83, 2.467 1.9, 2.067 1.9, 2.067 1.83))",2,5900
FreshMart Banksia Grove,Aisle 7 - Frozen Seafood,Aisle 7,02,Reel Catch Squid Rings 500g,Product,Reel Catch,3,"POLYGON ((2.479 1.83, 3.079 1.83, 3.079 1.9, 2.479 1.9, 2.479 1.83))",2,10900
FreshMart Banksia Grove,Aisle 7 - Frozen Seafood,Aisle 7,03,Glass Door 03,Glass Door,,,"POLYGON ((3.22 0.05, 4.78 0.05, 4.78 2.15, 3.22 2.15, 3.22 0.05))",1,
FreshMart Banksia Grove,Aisle 7 - Frozen Seafood,Aisle 7,03,Base Deck - Bay 03,Base Deck,,,"POLYGON ((3.2 0, 4.8 0, 4.8 0.15, 3.2 0.15, 3.2 0))",1,
FreshMart Banksia Grove,Aisle 7 - Frozen Seafood,Aisle 7,03,Reel Catch Fish Fillets 425g,Product,Reel Catch,3,"POLYGON ((3.235 0.15, 3.865 0.15, 3.865 0.21, 3.235 0.21, 3.235 0.15))",2,10200
FreshMart Banksia Grove,Aisle 7 - Frozen Seafood,Aisle 7,03,Reel Catch Salmon Portions 2pk,Product,Reel Catch,2,"POLYGON ((3.877 0.15, 4.237 0.15, 4.237 0.2, 3.877 0.2, 3.877 0.15))",2,6100
FreshMart Banksia Grove,Aisle 7 - Frozen Seafood,Aisle 7,03,FreshMart Essentials Fish Fillets 425g,Product,FreshMart Essentials,2,"POLYGON ((4.249 0.15, 4.669 0.15, 4.669 0.21, 4.249 0.21, 4.249 0.15))",2,7500
FreshMart Banksia Grove,Aisle 7 - Frozen Seafood,Aisle 7,03,Shelf 1 - Bay 03,Wire Shelf,,,"POLYGON ((3.2 0.53, 4.8 0.53, 4.8 0.57, 3.2 0.57, 3.2 0.53))",1,
FreshMart Banksia Grove,Aisle 7 - Frozen Seafood,Aisle 7,03,Reel Catch Fish Fingers 375g,Product,Reel Catch,1,"POLYGON ((3.235 0.57, 3.415 0.57, 3.415 0.63, 3.235 0.63, 3.235 0.57))",2,3400
FreshMart Banksia Grove,Aisle 7 - Frozen Seafood,Aisle 7,03,FreshMart Essentials Squid Rings 500g,Product,FreshMart Essentials,2,"POLYGON ((3.427 0.57, 3.827 0.57, 3.827 0.64, 3.427 0.64, 3.427 0.57))",2,7700
FreshMart Banksia Grove,Aisle 7 - Frozen Seafood,Aisle 7,03,FreshMart Essentials Crumbed Whiting 400g,Product,FreshMart Essentials,3,"POLYGON ((3.839 0.57, 4.469 0.57, 4.469 0.63, 3.839 0.63, 3.839 0.57))",2,11300
FreshMart Banksia Grove,Aisle 7 - Frozen Seafood,Aisle 7,03,FreshMart Essentials Fish Fillets 425g,Product,FreshMart Essentials,1,"POLYGON ((4.481 0.57, 4.691 0.57, 4.691 0.63, 4.481 0.63, 4.481 0.57))",2,3600
FreshMart Banksia Grove,Aisle 7 - Frozen Seafood,Aisle 7,03,Shelf 2 - Bay 03,Wire Shelf,,,"POLYGON ((3.2 0.95, 4.8 0.95, 4.8 0.99, 3.2 0.99, 3.2 0.95))",1,
FreshMart Banksia Grove,Aisle 7 - Frozen Seafood,Aisle 7,03,Reel Catch Squid Rings 500g,Product,Reel Catch,2,"POLYGON ((3.235 0.99, 3.635 0.99, 3.635 1.06, 3.235 1.06, 3.235 0.99))",2,5600
FreshMart Banksia Grove,Aisle 7 - Frozen Seafood,Aisle 7,03,FreshMart Essentials Squid Rings 500g,Product,FreshMart Essentials,3,"POLYGON ((3.647 0.99, 4.247 0.99, 4.247 1.06, 3.647 1.06, 3.647 0.99))",2,10600
FreshMart Banksia Grove,Aisle 7 - Frozen Seafood,Aisle 7,03,FreshMart Essentials Crumbed Whiting 400g,Product,FreshMart Essentials,1,"POLYGON ((4.259 0.99, 4.469 0.99, 4.469 1.05, 4.259 1.05, 4.259 0.99))",2,2100
FreshMart Banksia Grove,Aisle 7 - Frozen Seafood,Aisle 7,03,Sea Cliff Prawn Cutlets 400g,Product,Sea Cliff,1,"POLYGON ((4.481 0.99, 4.681 0.99, 4.681 1.06, 4.481 1.06, 4.481 0.99))",2,3400
FreshMart Banksia Grove,Aisle 7 - Frozen Seafood,Aisle 7,03,Shelf 3 - Bay 03,Wire Shelf,,,"POLYGON ((3.2 1.37, 4.8 1.37, 4.8 1.41, 3.2 1.41, 3.2 1.37))",1,
FreshMart Banksia Grove,Aisle 7 - Frozen Seafood,Aisle 7,03,FreshMart Essentials Prawn Cutlets 400g,Product,FreshMart Essentials,1,"POLYGON ((3.235 1.41, 3.435 1.41, 3.435 1.48, 3.235 1.48, 3.235 1.41))",2,3200
FreshMart Banksia Grove,Aisle 7 - Frozen Seafood,Aisle 7,03,Sea Cliff Fish Fingers 375g,Product,Sea Cliff,1,"POLYGON ((3.447 1.41, 3.627 1.41, 3.627 1.47, 3.447 1.47, 3.447 1.41))",2,2600
FreshMart Banksia Grove,Aisle 7 - Frozen Seafood,Aisle 7,03,FreshMart Essentials Prawn Cutlets 400g,Product,FreshMart Essentials,2,"POLYGON ((3.639 1.41, 4.039 1.41, 4.039 1.48, 3.639 1.48, 3.639 1.41))",2,6600
FreshMart Banksia Grove,Aisle 7 - Frozen Seafood,Aisle 7,03,Reel Catch Fish Fingers 375g,Product,Reel Catch,2,"POLYGON ((4.051 1.41, 4.411 1.41, 4.411 1.47, 4.051 1.47, 4.051 1.41))",2,5600
FreshMart Banksia Grove,Aisle 7 - Frozen Seafood,Aisle 7,03,FreshMart Essentials Squid Rings 500g,Product,FreshMart Essentials,1,"POLYGON ((4.423 1.41, 4.623 1.41, 4.623 1.48, 4.423 1.48, 4.423 1.41))",2,4000
FreshMart Banksia Grove,Aisle 7 - Frozen Seafood,Aisle 7,03,Shelf 4 - Bay 03,Wire Shelf,,,"POLYGON ((3.2 1.79, 4.8 1.79, 4.8 1.83, 3.2 1.83, 3.2 1.79))",1,
FreshMart Banksia Grove,Aisle 7 - Frozen Seafood,Aisle 7,03,FreshMart Essentials Prawn Cutlets 400g,Product,FreshMart Essentials,1,"POLYGON ((3.235 1.83, 3.435 1.83, 3.435 1.9, 3.235 1.9, 3.235 1.83))",2,3500
FreshMart Banksia Grove,Aisle 7 - Frozen Seafood,Aisle 7,03,Reel Catch Fish Fillets 425g,Product,Reel Catch,1,"POLYGON ((3.447 1.83, 3.657 1.83, 3.657 1.89, 3.447 1.89, 3.447 1.83))",2,3900
FreshMart Banksia Grove,Aisle 7 - Frozen Seafood,Aisle 7,03,FreshMart Essentials Prawn Cutlets 400g,Product,FreshMart Essentials,2,"POLYGON ((3.669 1.83, 4.069 1.83, 4.069 1.9, 3.669 1.9, 3.669 1.83))",2,7300
FreshMart Banksia Grove,Aisle 7 - Frozen Seafood,Aisle 7,03,Sea Cliff Crumbed Whiting 400g,Product,Sea Cliff,2,"POLYGON ((4.081 1.83, 4.501 1.83, 4.501 1.89, 4.081 1.89, 4.081 1.83))",2,6900
FreshMart Banksia Grove,Aisle 7 - Frozen Seafood,Aisle 7,03,Reel Catch Crumbed Whiting 400g,Product,Reel Catch,1,"POLYGON ((4.513 1.83, 4.723 1.83, 4.723 1.89, 4.513 1.89, 4.513 1.83))",2,2200
FreshMart Banksia Grove,Aisle 7 - Frozen Desserts,Aisle 7,04,Bay Frame 04,Rack,,,"POLYGON ((0 0, 1.6 0, 1.6 2.2, 0 2.2, 0 0))",0,
FreshMart Banksia Grove,Aisle 7 - Frozen Desserts,Aisle 7,05,Bay Frame 05,Rack,,,"POLYGON ((1.6 0, 3.2 0, 3.2 2.2, 1.6 2.2, 1.6 0))",0,
FreshMart Banksia Grove,Aisle 7 - Frozen Desserts,Aisle 7,06,Bay Frame 06,Rack,,,"POLYGON ((3.2 0, 4.8 0, 4.8 2.2, 3.2 2.2, 3.2 0))",0,
FreshMart Banksia Grove,Aisle 7 - Frozen Desserts,Aisle 7,,Upright 1,Rack,,,"POLYGON ((0 0, 0.025 0, 0.025 2.2, 0 2.2, 0 0))",0,
FreshMart Banksia Grove,Aisle 7 - Frozen Desserts,Aisle 7,,Upright 2,Rack,,,"POLYGON ((1.575 0, 1.625 0, 1.625 2.2, 1.575 2.2, 1.575 0))",0,
FreshMart Banksia Grove,Aisle 7 - Frozen Desserts,Aisle 7,,Upright 3,Rack,,,"POLYGON ((3.175 0, 3.225 0, 3.225 2.2, 3.175 2.2, 3.175 0))",0,
FreshMart Banksia Grove,Aisle 7 - Frozen Desserts,Aisle 7,,Upright 4,Rack,,,"POLYGON ((4.775 0, 4.8 0, 4.8 2.2, 4.775 2.2, 4.775 0))",0,
FreshMart Banksia Grove,Aisle 7 - Frozen Desserts,Aisle 7,04,Glass Door 04,Glass Door,,,"POLYGON ((0.02 0.05, 1.58 0.05, 1.58 2.15, 0.02 2.15, 0.02 0.05))",1,
FreshMart Banksia Grove,Aisle 7 - Frozen Desserts,Aisle 7,04,Base Deck - Bay 04,Base Deck,,,"POLYGON ((0 0, 1.6 0, 1.6 0.15, 0 0.15, 0 0))",1,
FreshMart Banksia Grove,Aisle 7 - Frozen Desserts,Aisle 7,04,Sweet Science Cheesecake 450g,Product,Sweet Science,2,"POLYGON ((0.035 0.15, 0.395 0.15, 0.395 0.23, 0.035 0.23, 0.035 0.15))",2,4500
FreshMart Banksia Grove,Aisle 7 - Frozen Desserts,Aisle 7,04,FreshMart Essentials Pavlova Base 500g,Product,FreshMart Essentials,3,"POLYGON ((0.407 0.15, 1.127 0.15, 1.127 0.27, 0.407 0.27, 0.407 0.15))",2,6500
FreshMart Banksia Grove,Aisle 7 - Frozen Desserts,Aisle 7,04,Bake Bros. Cheesecake 450g,Product,Bake Bros.,1,"POLYGON ((1.139 0.15, 1.319 0.15, 1.319 0.23, 1.139 0.23, 1.139 0.15))",2,2800
FreshMart Banksia Grove,Aisle 7 - Frozen Desserts,Aisle 7,04,Sweet Science Cheesecake 450g,Product,Sweet Science,1,"POLYGON ((1.331 0.15, 1.511 0.15, 1.511 0.23, 1.331 0.23, 1.331 0.15))",2,2600
FreshMart Banksia Grove,Aisle 7 - Frozen Desserts,Aisle 7,04,Shelf 1 - Bay 04,Wire Shelf,,,"POLYGON ((0 0.53, 1.6 0.53, 1.6 0.57, 0 0.57, 0 0.53))",1,
FreshMart Banksia Grove,Aisle 7 - Frozen Desserts,Aisle 7,04,FreshMart Essentials Profiteroles 12pk,Product,FreshMart Essentials,2,"POLYGON ((0.035 0.57, 0.395 0.57, 0.395 0.67, 0.035 0.67, 0.035 0.57))",2,7700
FreshMart Banksia Grove,Aisle 7 - Frozen Desserts,Aisle 7,04,Sweet Science Cheesecake 450g,Product,Sweet Science,1,"POLYGON ((0.407 0.57, 0.587 0.57, 0.587 0.65, 0.407 0.65, 0.407 0.57))",2,2200
FreshMart Banksia Grove,Aisle 7 - Frozen Desserts,Aisle 7,04,Sweet Science Pavlova Base 500g,Product,Sweet Science,2,"POLYGON ((0.599 0.57, 1.079 0.57, 1.079 0.69, 0.599 0.69, 0.599 0.57))",2,4600
FreshMart Banksia Grove,Aisle 7 - Frozen Desserts,Aisle 7,04,FreshMart Essentials Croissants 6pk,Product,FreshMart Essentials,1,"POLYGON ((1.091 0.57, 1.331 0.57, 1.331 0.67, 1.091 0.67, 1.091 0.57))",2,4000
FreshMart Banksia Grove,Aisle 7 - Frozen Desserts,Aisle 7,04,Sweet Science Cheesecake 450g,Product,Sweet Science,1,"POLYGON ((1.343 0.57, 1.523 0.57, 1.523 0.65, 1.343 0.65, 1.343 0.57))",2,2000
FreshMart Banksia Grove,Aisle 7 - Frozen Desserts,Aisle 7,04,Shelf 2 - Bay 04,Wire Shelf,,,"POLYGON ((0 0.95, 1.6 0.95, 1.6 0.99, 0 0.99, 0 0.95))",1,
FreshMart Banksia Grove,Aisle 7 - Frozen Desserts,Aisle 7,04,Bake Bros. Profiteroles 12pk,Product,Bake Bros.,3,"POLYGON ((0.035 0.99, 0.575 0.99, 0.575 1.09, 0.035 1.09, 0.035 0.99))",2,11700
FreshMart Banksia Grove,Aisle 7 - Frozen Desserts,Aisle 7,04,Bake Bros. Croissants 6pk,Product,Bake Bros.,2,"POLYGON ((0.587 0.99, 1.067 0.99, 1.067 1.09, 0.587 1.09, 0.587 0.99))",2,6000
FreshMart Banksia Grove,Aisle 7 - Frozen Desserts,Aisle 7,04,Bake Bros. Garlic Bread 2pk,Product,Bake Bros.,1,"POLYGON ((1.079 0.99, 1.339 0.99, 1.339 1.07, 1.079 1.07, 1.079 0.99))",2,3300
FreshMart Banksia Grove,Aisle 7 - Frozen Desserts,Aisle 7,04,Bake Bros. Apple Pie 600g,Product,Bake Bros.,1,"POLYGON ((1.351 0.99, 1.551 0.99, 1.551 1.07, 1.351 1.07, 1.351 0.99))",2,2300
FreshMart Banksia Grove,Aisle 7 - Frozen Desserts,Aisle 7,04,Shelf 3 - Bay 04,Wire Shelf,,,"POLYGON ((0 1.37, 1.6 1.37, 1.6 1.41, 0 1.41, 0 1.37))",1,
FreshMart Banksia Grove,Aisle 7 - Frozen Desserts,Aisle 7,04,FreshMart Essentials Profiteroles 12pk,Product,FreshMart Essentials,2,"POLYGON ((0.035 1.41, 0.395 1.41, 0.395 1.51, 0.035 1.51, 0.035 1.41))",2,6600
FreshMart Banksia Grove,Aisle 7 - Frozen Desserts,Aisle 7,04,Bake Bros. Croissants 6pk,Product,Bake Bros.,1,"POLYGON ((0.407 1.41, 0.647 1.41, 0.647 1.51, 0.407 1.51, 0.407 1.41))",2,3100
FreshMart Banksia Grove,Aisle 7 - Frozen Desserts,Aisle 7,04,FreshMart Essentials Croissants 6pk,Product,FreshMart Essentials,2,"POLYGON ((0.659 1.41, 1.139 1.41, 1.139 1.51, 0.659 1.51, 0.659 1.41))",2,4600
FreshMart Banksia Grove,Aisle 7 - Frozen Desserts,Aisle 7,04,Bake Bros. Profiteroles 12pk,Product,Bake Bros.,2,"POLYGON ((1.151 1.41, 1.511 1.41, 1.511 1.51, 1.151 1.51, 1.151 1.41))",2,4100
FreshMart Banksia Grove,Aisle 7 - Frozen Desserts,Aisle 7,04,Shelf 4 - Bay 04,Wire Shelf,,,"POLYGON ((0 1.79, 1.6 1.79, 1.6 1.83, 0 1.83, 0 1.79))",1,
FreshMart Banksia Grove,Aisle 7 - Frozen Desserts,Aisle 7,04,FreshMart Essentials Cheesecake 450g,Product,FreshMart Essentials,3,"POLYGON ((0.035 1.83, 0.575 1.83, 0.575 1.91, 0.035 1.91, 0.035 1.83))",2,9300
FreshMart Banksia Grove,Aisle 7 - Frozen Desserts,Aisle 7,04,FreshMart Essentials Cheesecake 450g,Product,FreshMart Essentials,2,"POLYGON ((0.587 1.83, 0.947 1.83, 0.947 1.91, 0.587 1.91, 0.587 1.83))",2,4000
FreshMart Banksia Grove,Aisle 7 - Frozen Desserts,Aisle 7,04,FreshMart Essentials Garlic Bread 2pk,Product,FreshMart Essentials,2,"POLYGON ((0.959 1.83, 1.479 1.83, 1.479 1.91, 0.959 1.91, 0.959 1.83))",2,4800
FreshMart Banksia Grove,Aisle 7 - Frozen Desserts,Aisle 7,05,Glass Door 05,Glass Door,,,"POLYGON ((1.62 0.05, 3.18 0.05, 3.18 2.15, 1.62 2.15, 1.62 0.05))",1,
FreshMart Banksia Grove,Aisle 7 - Frozen Desserts,Aisle 7,05,Base Deck - Bay 05,Base Deck,,,"POLYGON ((1.6 0, 3.2 0, 3.2 0.15, 1.6 0.15, 1.6 0))",1,
FreshMart Banksia Grove,Aisle 7 - Frozen Desserts,Aisle 7,05,Bake Bros. Garlic Bread 2pk,Product,Bake Bros.,2,"POLYGON ((1.635 0.15, 2.155 0.15, 2.155 0.23, 1.635 0.23, 1.635 0.15))",2,6100
FreshMart Banksia Grove,Aisle 7 - Frozen Desserts,Aisle 7,05,Bake Bros. Profiteroles 12pk,Product,Bake Bros.,2,"POLYGON ((2.167 0.15, 2.527 0.15, 2.527 0.25, 2.167 0.25, 2.167 0.15))",2,6600
FreshMart Banksia Grove,Aisle 7 - Frozen Desserts,Aisle 7,05,FreshMart Essentials Apple Pie 600g,Product,FreshMart Essentials,3,"POLYGON ((2.539 0.15, 3.139 0.15, 3.139 0.23, 2.539 0.23, 2.539 0.15))",2,10800
FreshMart Banksia Grove,Aisle 7 - Frozen Desserts,Aisle 7,05,Shelf 1 - Bay 05,Wire Shelf,,,"POLYGON ((1.6 0.53, 3.2 0.53, 3.2 0.57, 1.6 0.57, 1.6 0.53))",1,
FreshMart Banksia Grove,Aisle 7 - Frozen Desserts,Aisle 7,05,Sweet Science Croissants 6pk,Product,Sweet Science,1,"POLYGON ((1.635 0.57, 1.875 0.57, 1.875 0.67, 1.635 0.67, 1.635 0.57))",2,2200
FreshMart Banksia Grove,Aisle 7 - Frozen Desserts,Aisle 7,05,FreshMart Essentials Profiteroles 12pk,Product,FreshMart Essentials,1,"POLYGON ((1.887 0.57, 2.067 0.57, 2.067 0.67, 1.887 0.67, 1.887 0.57))",2,1900
FreshMart Banksia Grove,Aisle 7 - Frozen Desserts,Aisle 7,05,FreshMart Essentials Garlic Bread 2pk,Product,FreshMart Essentials,1,"POLYGON ((2.079 0.57, 2.339 0.57, 2.339 0.65, 2.079 0.65, 2.079 0.57))",2,3200
FreshMart Banksia Grove,Aisle 7 - Frozen Desserts,Aisle 7,05,Sweet Science Garlic Bread 2pk,Product,Sweet Science,3,"POLYGON ((2.351 0.57, 3.131 0.57, 3.131 0.65, 2.351 0.65, 2.351 0.57))",2,11900
FreshMart Banksia Grove,Aisle 7 - Frozen Desserts,Aisle 7,05,Shelf 2 - Bay 05,Wire Shelf,,,"POLYGON ((1.6 0.95, 3.2 0.95, 3.2 0.99, 1.6 0.99, 1.6 0.95))",1,
FreshMart Banksia Grove,Aisle 7 - Frozen Desserts,Aisle 7,05,FreshMart Essentials Cheesecake 450g,Product,FreshMart Essentials,3,"POLYGON ((1.635 0.99, 2.175 0.99, 2.175 1.07, 1.635 1.07, 1.635 0.99))",2,10000
FreshMart Banksia Grove,Aisle 7 - Frozen Desserts,Aisle 7,05,Sweet Science Cheesecake 450g,Product,Sweet Science,3,"POLYGON ((2.187 0.99, 2.727 0.99, 2.727 1.07, 2.187 1.07, 2.187 0.99))",2,7300
FreshMart Banksia Grove,Aisle 7 - Frozen Desserts,Aisle 7,05,Bake Bros. Cheesecake 450g,Product,Bake Bros.,1,"POLYGON ((2.739 0.99, 2.919 0.99, 2.919 1.07, 2.739 1.07, 2.739 0.99))",2,2300
FreshMart Banksia Grove,Aisle 7 - Frozen Desserts,Aisle 7,05,Sweet Science Cheesecake 450g,Product,Sweet Science,1,"POLYGON ((2.931 0.99, 3.111 0.99, 3.111 1.07, 2.931 1.07, 2.931 0.99))",2,3300
FreshMart Banksia Grove,Aisle 7 - Frozen Desserts,Aisle 7,05,Shelf 3 - Bay 05,Wire Shelf,,,"POLYGON ((1.6 1.37, 3.2 1.37, 3.2 1.41, 1.6 1.41, 1.6 1.37))",1,
FreshMart Banksia Grove,Aisle 7 - Frozen Desserts,Aisle 7,05,Bake Bros. Cheesecake 450g,Product,Bake Bros.,2,"POLYGON ((1.635 1.41, 1.995 1.41, 1.995 1.49, 1.635 1.49, 1.635 1.41))",2,6400
FreshMart Banksia Grove,Aisle 7 - Frozen Desserts,Aisle 7,05,FreshMart Essentials Apple Pie 600g,Product,FreshMart Essentials,1,"POLYGON ((2.007 1.41, 2.207 1.41, 2.207 1.49, 2.007 1.49, 2.007 1.41))",2,2300
FreshMart Banksia Grove,Aisle 7 - Frozen Desserts,Aisle 7,05,Bake Bros. Garlic Bread 2pk,Product,Bake Bros.,1,"POLYGON ((2.219 1.41, 2.479 1.41, 2.479 1.49, 2.219 1.49, 2.219 1.41))",2,2900
FreshMart Banksia Grove,Aisle 7 - Frozen Desserts,Aisle 7,05,Bake Bros. Apple Pie 600g,Product,Bake Bros.,3,"POLYGON ((2.491 1.41, 3.091 1.41, 3.091 1.49, 2.491 1.49, 2.491 1.41))",2,10400
FreshMart Banksia Grove,Aisle 7 - Frozen Desserts,Aisle 7,05,Shelf 4 - Bay 05,Wire Shelf,,,"POLYGON ((1.6 1.79, 3.2 1.79, 3.2 1.83, 1.6 1.83, 1.6 1.79))",1,
FreshMart Banksia Grove,Aisle 7 - Frozen Desserts,Aisle 7,05,Bake Bros. Croissants 6pk,Product,Bake Bros.,1,"POLYGON ((1.635 1.83, 1.875 1.83, 1.875 1.93, 1.635 1.93, 1.635 1.83))",2,3500
FreshMart Banksia Grove,Aisle 7 - Frozen Desserts,Aisle 7,05,Sweet Science Profiteroles 12pk,Product,Sweet Science,3,"POLYGON ((1.887 1.83, 2.427 1.83, 2.427 1.93, 1.887 1.93, 1.887 1.83))",2,8400
FreshMart Banksia Grove,Aisle 7 - Frozen Desserts,Aisle 7,05,Sweet Science Garlic Bread 2pk,Product,Sweet Science,2,"POLYGON ((2.439 1.83, 2.959 1.83, 2.959 1.91, 2.439 1.91, 2.439 1.83))",2,7000
FreshMart Banksia Grove,Aisle 7 - Frozen Desserts,Aisle 7,05,FreshMart Essentials Profiteroles 12pk,Product,FreshMart Essentials,1,"POLYGON ((2.971 1.83, 3.151 1.83, 3.151 1.93, 2.971 1.93, 2.971 1.83))",2,2100
FreshMart Banksia Grove,Aisle 7 - Frozen Desserts,Aisle 7,06,Glass Door 06,Glass Door,,,"POLYGON ((3.22 0.05, 4.78 0.05, 4.78 2.15, 3.22 2.15, 3.22 0.05))",1,
FreshMart Banksia Grove,Aisle 7 - Frozen Desserts,Aisle 7,06,Base Deck - Bay 06,Base Deck,,,"POLYGON ((3.2 0, 4.8 0, 4.8 0.15, 3.2 0.15, 3.2 0))",1,
FreshMart Banksia Grove,Aisle 7 - Frozen Desserts,Aisle 7,06,Bake Bros. Garlic Bread 2pk,Product,Bake Bros.,3,"POLYGON ((3.235 0.15, 4.015 0.15, 4.015 0.23, 3.235 0.23, 3.235 0.15))",2,8100
FreshMart Banksia Grove,Aisle 7 - Frozen Desserts,Aisle 7,06,FreshMart Essentials Croissants 6pk,Product,FreshMart Essentials,2,"POLYGON ((4.027 0.15, 4.507 0.15, 4.507 0.25, 4.027 0.25, 4.027 0.15))",2,5600
FreshMart Banksia Grove,Aisle 7 - Frozen Desserts,Aisle 7,06,Sweet Science Croissants 6pk,Product,Sweet Science,1,"POLYGON ((4.519 0.15, 4.759 0.15, 4.759 0.25, 4.519 0.25, 4.519 0.15))",2,3600
FreshMart Banksia Grove,Aisle 7 - Frozen Desserts,Aisle 7,06,Shelf 1 - Bay 06,Wire Shelf,,,"POLYGON ((3.2 0.53, 4.8 0.53, 4.8 0.57, 3.2 0.57, 3.2 0.53))",1,
FreshMart Banksia Grove,Aisle 7 - Frozen Desserts,Aisle 7,06,Bake Bros. Garlic Bread 2pk,Product,Bake Bros.,2,"POLYGON ((3.235 0.57, 3.755 0.57, 3.755 0.65, 3.235 0.65, 3.235 0.57))",2,6000
FreshMart Banksia Grove,Aisle 7 - Frozen Desserts,Aisle 7,06,Bake Bros. Cheesecake 450g,Product,Bake Bros.,1,"POLYGON ((3.767 0.57, 3.947 0.57, 3.947 0.65, 3.767 0.65, 3.767 0.57))",2,3200
FreshMart Banksia Grove,Aisle 7 - Frozen Desserts,Aisle 7,06,FreshMart Essentials Garlic Bread 2pk,Product,FreshMart Essentials,2,"POLYGON ((3.959 0.57, 4.479 0.57, 4.479 0.65, 3.959 0.65, 3.959 0.57))",2,4000
FreshMart Banksia Grove,Aisle 7 - Frozen Desserts,Aisle 7,06,FreshMart Essentials Croissants 6pk,Product,FreshMart Essentials,1,"POLYGON ((4.491 0.57, 4.731 0.57, 4.731 0.67, 4.491 0.67, 4.491 0.57))",2,3200
FreshMart Banksia Grove,Aisle 7 - Frozen Desserts,Aisle 7,06,Shelf 2 - Bay 06,Wire Shelf,,,"POLYGON ((3.2 0.95, 4.8 0.95, 4.8 0.99, 3.2 0.99, 3.2 0.95))",1,
FreshMart Banksia Grove,Aisle 7 - Frozen Desserts,Aisle 7,06,FreshMart Essentials Garlic Bread 2pk,Product,FreshMart Essentials,3,"POLYGON ((3.235 0.99, 4.015 0.99, 4.015 1.07, 3.235 1.07, 3.235 0.99))",2,8200
FreshMart Banksia Grove,Aisle 7 - Frozen Desserts,Aisle 7,06,Bake Bros. Croissants 6pk,Product,Bake Bros.,1,"POLYGON ((4.027 0.99, 4.267 0.99, 4.267 1.09, 4.027 1.09, 4.027 0.99))",2,2300
FreshMart Banksia Grove,Aisle 7 - Frozen Desserts,Aisle 7,06,Sweet Science Croissants 6pk,Product,Sweet Science,2,"POLYGON ((4.279 0.99, 4.759 0.99, 4.759 1.09, 4.279 1.09, 4.279 0.99))",2,5600
FreshMart Banksia Grove,Aisle 7 - Frozen Desserts,Aisle 7,06,Shelf 3 - Bay 06,Wire Shelf,,,"POLYGON ((3.2 1.37, 4.8 1.37, 4.8 1.41, 3.2 1.41, 3.2 1.37))",1,
FreshMart Banksia Grove,Aisle 7 - Frozen Desserts,Aisle 7,06,FreshMart Essentials Apple Pie 600g,Product,FreshMart Essentials,3,"POLYGON ((3.235 1.41, 3.835 1.41, 3.835 1.49, 3.235 1.49, 3.235 1.41))",2,8100
FreshMart Banksia Grove,Aisle 7 - Frozen Desserts,Aisle 7,06,FreshMart Essentials Cheesecake 450g,Product,FreshMart Essentials,1,"POLYGON ((3.847 1.41, 4.027 1.41, 4.027 1.49, 3.847 1.49, 3.847 1.41))",2,2900
FreshMart Banksia Grove,Aisle 7 - Frozen Desserts,Aisle 7,06,FreshMart Essentials Croissants 6pk,Product,FreshMart Essentials,3,"POLYGON ((4.039 1.41, 4.759 1.41, 4.759 1.51, 4.039 1.51, 4.039 1.41))",2,8100
FreshMart Banksia Grove,Aisle 7 - Frozen Desserts,Aisle 7,06,Shelf 4 - Bay 06,Wire Shelf,,,"POLYGON ((3.2 1.79, 4.8 1.79, 4.8 1.83, 3.2 1.83, 3.2 1.79))",1,
FreshMart Banksia Grove,Aisle 7 - Frozen Desserts,Aisle 7,06,FreshMart Essentials Apple Pie 600g,Product,FreshMart Essentials,2,"POLYGON ((3.235 1.83, 3.635 1.83, 3.635 1.91, 3.235 1.91, 3.235 1.83))",2,7400
FreshMart Banksia Grove,Aisle 7 - Frozen Desserts,Aisle 7,06,Bake Bros. Garlic Bread 2pk,Product,Bake Bros.,1,"POLYGON ((3.647 1.83, 3.907 1.83, 3.907 1.91, 3.647 1.91, 3.647 1.83))",2,2400
FreshMart Banksia Grove,Aisle 7 - Frozen Desserts,Aisle 7,06,Sweet Science Apple Pie 600g,Product,Sweet Science,2,"POLYGON ((3.919 1.83, 4.319 1.83, 4.319 1.91, 3.919 1.91, 3.919 1.83))",2,7100
FreshMart Banksia Grove,Aisle 7 - Frozen Desserts,Aisle 7,06,Bake Bros. Apple Pie 600g,Product,Bake Bros.,1,"POLYGON ((4.331 1.83, 4.531 1.83, 4.531 1.91, 4.331 1.91, 4.331 1.83))",2,2700
FreshMart Banksia Grove,Aisle 7 - Frozen Desserts,Aisle 7,06,Sweet Science Apple Pie 600g,Product,Sweet Science,1,"POLYGON ((4.543 1.83, 4.743 1.83, 4.743 1.91, 4.543 1.91, 4.543 1.83))",2,3700
FreshMart Banksia Grove,Aisle 7 - Frozen Pizza & Snacks,Aisle 7,07,Bay Frame 07,Rack,,,"POLYGON ((0 0, 1.6 0, 1.6 2.2, 0 2.2, 0 0))",0,
FreshMart Banksia Grove,Aisle 7 - Frozen Pizza & Snacks,Aisle 7,08,Bay Frame 08,Rack,,,"POLYGON ((1.6 0, 3.2 0, 3.2 2.2, 1.6 2.2, 1.6 0))",0,
FreshMart Banksia Grove,Aisle 7 - Frozen Pizza & Snacks,Aisle 7,09,Bay Frame 09,Rack,,,"POLYGON ((3.2 0, 4.8 0, 4.8 2.2, 3.2 2.2, 3.2 0))",0,
FreshMart Banksia Grove,Aisle 7 - Frozen Pizza & Snacks,Aisle 7,10,Bay Frame 10,Rack,,,"POLYGON ((4.8 0, 6.4 0, 6.4 2.2, 4.8 2.2, 4.8 0))",0,
FreshMart Banksia Grove,Aisle 7 - Frozen Pizza & Snacks,Aisle 7,,Upright 1,Rack,,,"POLYGON ((0 0, 0.025 0, 0.025 2.2, 0 2.2, 0 0))",0,
FreshMart Banksia Grove,Aisle 7 - Frozen Pizza & Snacks,Aisle 7,,Upright 2,Rack,,,"POLYGON ((1.575 0, 1.625 0, 1.625 2.2, 1.575 2.2, 1.575 0))",0,
FreshMart Banksia Grove,Aisle 7 - Frozen Pizza & Snacks,Aisle 7,,Upright 3,Rack,,,"POLYGON ((3.175 0, 3.225 0, 3.225 2.2, 3.175 2.2, 3.175 0))",0,
FreshMart Banksia Grove,Aisle 7 - Frozen Pizza & Snacks,Aisle 7,,Upright 4,Rack,,,"POLYGON ((4.775 0, 4.825 0, 4.825 2.2, 4.775 2.2, 4.775 0))",0,
FreshMart Banksia Grove,Aisle 7 - Frozen Pizza & Snacks,Aisle 7,,Upright 5,Rack,,,"POLYGON ((6.375 0, 6.4 0, 6.4 2.2, 6.375 2.2, 6.375 0))",0,
FreshMart Banksia Grove,Aisle 7 - Frozen Pizza & Snacks,Aisle 7,07,Glass Door 07,Glass Door,,,"POLYGON ((0.02 0.05, 1.58 0.05, 1.58 2.15, 0.02 2.15, 0.02 0.05))",1,
FreshMart Banksia Grove,Aisle 7 - Frozen Pizza & Snacks,Aisle 7,07,Base Deck - Bay 07,Base Deck,,,"POLYGON ((0 0, 1.6 0, 1.6 0.15, 0 0.15, 0 0))",1,
FreshMart Banksia Grove,Aisle 7 - Frozen Pizza & Snacks,Aisle 7,07,FreshMart Essentials BBQ Chicken Pizza 500g,Product,FreshMart Essentials,2,"POLYGON ((0.035 0.15, 0.575 0.15, 0.575 0.19, 0.035 0.19, 0.035 0.15))",2,8200
FreshMart Banksia Grove,Aisle 7 - Frozen Pizza & Snacks,Aisle 7,07,FreshMart Essentials Garlic Pizza 2pk,Product,FreshMart Essentials,2,"POLYGON ((0.587 0.15, 1.107 0.15, 1.107 0.21, 0.587 0.21, 0.587 0.15))",2,4600
FreshMart Banksia Grove,Aisle 7 - Frozen Pizza & Snacks,Aisle 7,07,FreshMart Essentials Pizza Pockets 4pk,Product,FreshMart Essentials,1,"POLYGON ((1.119 0.15, 1.319 0.15, 1.319 0.25, 1.119 0.25, 1.119 0.15))",2,3300
FreshMart Banksia Grove,Aisle 7 - Frozen Pizza & Snacks,Aisle 7,07,FreshMart Essentials Pizza Pockets 4pk,Product,FreshMart Essentials,1,"POLYGON ((1.331 0.15, 1.531 0.15, 1.531 0.25, 1.331 0.25, 1.331 0.15))",2,2700
FreshMart Banksia Grove,Aisle 7 - Frozen Pizza & Snacks,Aisle 7,07,Shelf 1 - Bay 07,Wire Shelf,,,"POLYGON ((0 0.53, 1.6 0.53, 1.6 0.57, 0 0.57, 0 0.53))",1,
FreshMart Banksia Grove,Aisle 7 - Frozen Pizza & Snacks,Aisle 7,07,Casa Bella Pepperoni Pizza 480g,Product,Casa Bella,1,"POLYGON ((0.035 0.57, 0.305 0.57, 0.305 0.61, 0.035 0.61, 0.035 0.57))",2,2500
FreshMart Banksia Grove,Aisle 7 - Frozen Pizza & Snacks,Aisle 7,07,Stonefire Pepperoni Pizza 480g,Product,Stonefire,3,"POLYGON ((0.317 0.57, 1.127 0.57, 1.127 0.61, 0.317 0.61, 0.317 0.57))",2,9700
FreshMart Banksia Grove,Aisle 7 - Frozen Pizza & Snacks,Aisle 7,07,FreshMart Essentials Margherita Pizza 420g,Product,FreshMart Essentials,1,"POLYGON ((1.139 0.57, 1.409 0.57, 1.409 0.61, 1.139 0.61, 1.139 0.57))",2,2200
FreshMart Banksia Grove,Aisle 7 - Frozen Pizza & Snacks,Aisle 7,07,Shelf 2 - Bay 07,Wire Shelf,,,"POLYGON ((0 0.95, 1.6 0.95, 1.6 0.99, 0 0.99, 0 0.95))",1,
FreshMart Banksia Grove,Aisle 7 - Frozen Pizza & Snacks,Aisle 7,07,FreshMart Essentials Pepperoni Pizza 480g,Product,FreshMart Essentials,3,"POLYGON ((0.035 0.99, 0.845 0.99, 0.845 1.03, 0.035 1.03, 0.035 0.99))",2,10300
FreshMart Banksia Grove,Aisle 7 - Frozen Pizza & Snacks,Aisle 7,07,Stonefire Margherita Pizza 420g,Product,Stonefire,1,"POLYGON ((0.857 0.99, 1.127 0.99, 1.127 1.03, 0.857 1.03, 0.857 0.99))",2,4300
FreshMart Banksia Grove,Aisle 7 - Frozen Pizza & Snacks,Aisle 7,07,Casa Bella BBQ Chicken Pizza 500g,Product,Casa Bella,1,"POLYGON ((1.139 0.99, 1.409 0.99, 1.409 1.03, 1.139 1.03, 1.139 0.99))",2,2600
FreshMart Banksia Grove,Aisle 7 - Frozen Pizza & Snacks,Aisle 7,07,Shelf 3 - Bay 07,Wire Shelf,,,"POLYGON ((0 1.37, 1.6 1.37, 1.6 1.41, 0 1.41, 0 1.37))",1,
FreshMart Banksia Grove,Aisle 7 - Frozen Pizza & Snacks,Aisle 7,07,Stonefire Margherita Pizza 420g,Product,Stonefire,1,"POLYGON ((0.035 1.41, 0.305 1.41, 0.305 1.45, 0.035 1.45, 0.035 1.41))",2,4300
FreshMart Banksia Grove,Aisle 7 - Frozen Pizza & Snacks,Aisle 7,07,Casa Bella Pepperoni Pizza 480g,Product,Casa Bella,1,"POLYGON ((0.317 1.41, 0.587 1.41, 0.587 1.45, 0.317 1.45, 0.317 1.41))",2,4100
FreshMart Banksia Grove,Aisle 7 - Frozen Pizza & Snacks,Aisle 7,07,FreshMart Essentials Margherita Pizza 420g,Product,FreshMart Essentials,1,"POLYGON ((0.599 1.41, 0.869 1.41, 0.869 1.45, 0.599 1.45, 0.599 1.41))",2,3100
FreshMart Banksia Grove,Aisle 7 - Frozen Pizza & Snacks,Aisle 7,07,FreshMart Essentials Margherita Pizza 420g,Product,FreshMart Essentials,2,"POLYGON ((0.881 1.41, 1.421 1.41, 1.421 1.45, 0.881 1.45, 0.881 1.41))",2,4800
FreshMart Banksia Grove,Aisle 7 - Frozen Pizza & Snacks,Aisle 7,07,Shelf 4 - Bay 07,Wire Shelf,,,"POLYGON ((0 1.79, 1.6 1.79, 1.6 1.83, 0 1.83, 0 1.79))",1,
FreshMart Banksia Grove,Aisle 7 - Frozen Pizza & Snacks,Aisle 7,07,Casa Bella BBQ Chicken Pizza 500g,Product,Casa Bella,3,"POLYGON ((0.035 1.83, 0.845 1.83, 0.845 1.87, 0.035 1.87, 0.035 1.83))",2,10000
FreshMart Banksia Grove,Aisle 7 - Frozen Pizza & Snacks,Aisle 7,07,FreshMart Essentials Pepperoni Pizza 480g,Product,FreshMart Essentials,1,"POLYGON ((0.857 1.83, 1.127 1.83, 1.127 1.87, 0.857 1.87, 0.857 1.83))",2,2100
FreshMart Banksia Grove,Aisle 7 - Frozen Pizza & Snacks,Aisle 7,07,Casa Bella BBQ Chicken Pizza 500g,Product,Casa Bella,1,"POLYGON ((1.139 1.83, 1.409 1.83, 1.409 1.87, 1.139 1.87, 1.139 1.83))",2,3800
FreshMart Banksia Grove,Aisle 7 - Frozen Pizza & Snacks,Aisle 7,08,Glass Door 08,Glass Door,,,"POLYGON ((1.62 0.05, 3.18 0.05, 3.18 2.15, 1.62 2.15, 1.62 0.05))",1,
FreshMart Banksia Grove,Aisle 7 - Frozen Pizza & Snacks,Aisle 7,08,Base Deck - Bay 08,Base Deck,,,"POLYGON ((1.6 0, 3.2 0, 3.2 0.15, 1.6 0.15, 1.6 0))",1,
FreshMart Banksia Grove,Aisle 7 - Frozen Pizza & Snacks,Aisle 7,08,Casa Bella Spring Rolls 20pk,Product,Casa Bella,1,"POLYGON ((1.635 0.15, 1.855 0.15, 1.855 0.26, 1.635 0.26, 1.635 0.15))",2,3700
FreshMart Banksia Grove,Aisle 7 - Frozen Pizza & Snacks,Aisle 7,08,FreshMart Essentials Pizza Pockets 4pk,Product,FreshMart Essentials,2,"POLYGON ((1.867 0.15, 2.267 0.15, 2.267 0.25, 1.867 0.25, 1.867 0.15))",2,5500
FreshMart Banksia Grove,Aisle 7 - Frozen Pizza & Snacks,Aisle 7,08,Casa Bella Pepperoni Pizza 480g,Product,Casa Bella,1,"POLYGON ((2.279 0.15, 2.549 0.15, 2.549 0.19, 2.279 0.19, 2.279 0.15))",2,2400
FreshMart Banksia Grove,Aisle 7 - Frozen Pizza & Snacks,Aisle 7,08,Stonefire Margherita Pizza 420g,Product,Stonefire,2,"POLYGON ((2.561 0.15, 3.101 0.15, 3.101 0.19, 2.561 0.19, 2.561 0.15))",2,7600
FreshMart Banksia Grove,Aisle 7 - Frozen Pizza & Snacks,Aisle 7,08,Shelf 1 - Bay 08,Wire Shelf,,,"POLYGON ((1.6 0.53, 3.2 0.53, 3.2 0.57, 1.6 0.57, 1.6 0.53))",1,
FreshMart Banksia Grove,Aisle 7 - Frozen Pizza & Snacks,Aisle 7,08,FreshMart Essentials Spring Rolls 20pk,Product,FreshMart Essentials,2,"POLYGON ((1.635 0.57, 2.075 0.57, 2.075 0.68, 1.635 0.68, 1.635 0.57))",2,6800
FreshMart Banksia Grove,Aisle 7 - Frozen Pizza & Snacks,Aisle 7,08,Stonefire Spring Rolls 20pk,Product,Stonefire,1,"POLYGON ((2.087 0.57, 2.307 0.57, 2.307 0.68, 2.087 0.68, 2.087 0.57))",2,3300
FreshMart Banksia Grove,Aisle 7 - Frozen Pizza & Snacks,Aisle 7,08,FreshMart Essentials BBQ Chicken Pizza 500g,Product,FreshMart Essentials,2,"POLYGON ((2.319 0.57, 2.859 0.57, 2.859 0.61, 2.319 0.61, 2.319 0.57))",2,8700
FreshMart Banksia Grove,Aisle 7 - Frozen Pizza & Snacks,Aisle 7,08,FreshMart Essentials Pizza Pockets 4pk,Product,FreshMart Essentials,1,"POLYGON ((2.871 0.57, 3.071 0.57, 3.071 0.67, 2.871 0.67, 2.871 0.57))",2,4200
FreshMart Banksia Grove,Aisle 7 - Frozen Pizza & Snacks,Aisle 7,08,Shelf 2 - Bay 08,Wire Shelf,,,"POLYGON ((1.6 0.95, 3.2 0.95, 3.2 0.99, 1.6 0.99, 1.6 0.95))",1,
FreshMart Banksia Grove,Aisle 7 - Frozen Pizza & Snacks,Aisle 7,08,Stonefire Pepperoni Pizza 480g,Product,Stonefire,2,"POLYGON ((1.635 0.99, 2.175 0.99, 2.175 1.03, 1.635 1.03, 1.635 0.99))",2,7800
FreshMart Banksia Grove,Aisle 7 - Frozen Pizza & Snacks,Aisle 7,08,FreshMart Essentials Pizza Pockets 4pk,Product,FreshMart Essentials,3,"POLYGON ((2.187 0.99, 2.787 0.99, 2.787 1.09, 2.187 1.09, 2.187 0.99))",2,6400
FreshMart Banksia Grove,Aisle 7 - Frozen Pizza & Snacks,Aisle 7,08,Stonefire Garlic Pizza 2pk,Product,Stonefire,1,"POLYGON ((2.799 0.99, 3.059 0.99, 3.059 1.05, 2.799 1.05, 2.799 0.99))",2,3400
FreshMart Banksia Grove,Aisle 7 - Frozen Pizza & Snacks,Aisle 7,08,Shelf 3 - Bay 08,Wire Shelf,,,"POLYGON ((1.6 1.37, 3.2 1.37, 3.2 1.41, 1.6 1.41, 1.6 1.37))",1,
FreshMart Banksia Grove,Aisle 7 - Frozen Pizza & Snacks,Aisle 7,08,Casa Bella Margherita Pizza 420g,Product,Casa Bella,1,"POLYGON ((1.635 1.41, 1.905 1.41, 1.905 1.45, 1.635 1.45, 1.635 1.41))",2,3900
FreshMart Banksia Grove,Aisle 7 - Frozen Pizza & Snacks,Aisle 7,08,Stonefire Garlic Pizza 2pk,Product,Stonefire,1,"POLYGON ((1.917 1.41, 2.177 1.41, 2.177 1.47, 1.917 1.47, 1.917 1.41))",2,4100
FreshMart Banksia Grove,Aisle 7 - Frozen Pizza & Snacks,Aisle 7,08,FreshMart Essentials Margherita Pizza 420g,Product,FreshMart Essentials,2,"POLYGON ((2.189 1.41, 2.729 1.41, 2.729 1.45, 2.189 1.45, 2.189 1.41))",2,5100
FreshMart Banksia Grove,Aisle 7 - Frozen Pizza & Snacks,Aisle 7,08,FreshMart Essentials Pizza Pockets 4pk,Product,FreshMart Essentials,2,"POLYGON ((2.741 1.41, 3.141 1.41, 3.141 1.51, 2.741 1.51, 2.741 1.41))",2,5800
FreshMart Banksia Grove,Aisle 7 - Frozen Pizza & Snacks,Aisle 7,08,Shelf 4 - Bay 08,Wire Shelf,,,"POLYGON ((1.6 1.79, 3.2 1.79, 3.2 1.83, 1.6 1.83, 1.6 1.79))",1,
FreshMart Banksia Grove,Aisle 7 - Frozen Pizza & Snacks,Aisle 7,08,FreshMart Essentials Garlic Pizza 2pk,Product,FreshMart Essentials,3,"POLYGON ((1.635 1.83, 2.415 1.83, 2.415 1.89, 1.635 1.89, 1.635 1.83))",2,12900
FreshMart Banksia Grove,Aisle 7 - Frozen Pizza & Snacks,Aisle 7,08,Casa Bella Spring Rolls 20pk,Product,Casa Bella,1,"POLYGON ((2.427 1.83, 2.647 1.83, 2.647 1.94, 2.427 1.94, 2.427 1.83))",2,2900
FreshMart Banksia Grove,Aisle 7 - Frozen Pizza & Snacks,Aisle 7,08,Stonefire BBQ Chicken Pizza 500g,Product,Stonefire,1,"POLYGON ((2.659 1.83, 2.929 1.83, 2.929 1.87, 2.659 1.87, 2.659 1.83))",2,4100
FreshMart Banksia Grove,Aisle 7 - Frozen Pizza & Snacks,Aisle 7,08,FreshMart Essentials Pizza Pockets 4pk,Product,FreshMart Essentials,1,"POLYGON ((2.941 1.83, 3.141 1.83, 3.141 1.93, 2.941 1.93, 2.941 1.83))",2,3400
FreshMart Banksia Grove,Aisle 7 - Frozen Pizza & Snacks,Aisle 7,09,Glass Door 09,Glass Door,,,"POLYGON ((3.22 0.05, 4.78 0.05, 4.78 2.15, 3.22 2.15, 3.22 0.05))",1,
FreshMart Banksia Grove,Aisle 7 - Frozen Pizza & Snacks,Aisle 7,09,Base Deck - Bay 09,Base Deck,,,"POLYGON ((3.2 0, 4.8 0, 4.8 0.15, 3.2 0.15, 3.2 0))",1,
FreshMart Banksia Grove,Aisle 7 - Frozen Pizza & Snacks,Aisle 7,09,Stonefire Margherita Pizza 420g,Product,Stonefire,3,"POLYGON ((3.235 0.15, 4.045 0.15, 4.045 0.19, 3.235 0.19, 3.235 0.15))",2,13100
FreshMart Banksia Grove,Aisle 7 - Frozen Pizza & Snacks,Aisle 7,09,Stonefire Garlic Pizza 2pk,Product,Stonefire,2,"POLYGON ((4.057 0.15, 4.577 0.15, 4.577 0.21, 4.057 0.21, 4.057 0.15))",2,8800
FreshMart Banksia Grove,Aisle 7 - Frozen Pizza & Snacks,Aisle 7,09,Shelf 1 - Bay 09,Wire Shelf,,,"POLYGON ((3.2 0.53, 4.8 0.53, 4.8 0.57, 3.2 0.57, 3.2 0.53))",1,
FreshMart Banksia Grove,Aisle 7 - Frozen Pizza & Snacks,Aisle 7,09,FreshMart Essentials Pizza Pockets 4pk,Product,FreshMart Essentials,1,"POLYGON ((3.235 0.57, 3.435 0.57, 3.435 0.67, 3.235 0.67, 3.235 0.57))",2,3100
FreshMart Banksia Grove,Aisle 7 - Frozen Pizza & Snacks,Aisle 7,09,Casa Bella Margherita Pizza 420g,Product,Casa Bella,1,"POLYGON ((3.447 0.57, 3.717 0.57, 3.717 0.61, 3.447 0.61, 3.447 0.57))",2,2900
FreshMart Banksia Grove,Aisle 7 - Frozen Pizza & Snacks,Aisle 7,09,Casa Bella BBQ Chicken Pizza 500g,Product,Casa Bella,1,"POLYGON ((3.729 0.57, 3.999 0.57, 3.999 0.61, 3.729 0.61, 3.729 0.57))",2,4400
FreshMart Banksia Grove,Aisle 7 - Frozen Pizza & Snacks,Aisle 7,09,Casa Bella BBQ Chicken Pizza 500g,Product,Casa Bella,2,"POLYGON ((4.011 0.57, 4.551 0.57, 4.551 0.61, 4.011 0.61, 4.011 0.57))",2,8300
FreshMart Banksia Grove,Aisle 7 - Frozen Pizza & Snacks,Aisle 7,09,Casa Bella Pizza Pockets 4pk,Product,Casa Bella,1,"POLYGON ((4.563 0.57, 4.763 0.57, 4.763 0.67, 4.563 0.67, 4.563 0.57))",2,3100
FreshMart Banksia Grove,Aisle 7 - Frozen Pizza & Snacks,Aisle 7,09,Shelf 2 - Bay 09,Wire Shelf,,,"POLYGON ((3.2 0.95, 4.8 0.95, 4.8 0.99, 3.2 0.99, 3.2 0.95))",1,
FreshMart Banksia Grove,Aisle 7 - Frozen Pizza & Snacks,Aisle 7,09,FreshMart Essentials Garlic Pizza 2pk,Product,FreshMart Essentials,3,"POLYGON ((3.235 0.99, 4.015 0.99, 4.015 1.05, 3.235 1.05, 3.235 0.99))",2,11700
FreshMart Banksia Grove,Aisle 7 - Frozen Pizza & Snacks,Aisle 7,09,Casa Bella Margherita Pizza 420g,Product,Casa Bella,1,"POLYGON ((4.027 0.99, 4.297 0.99, 4.297 1.03, 4.027 1.03, 4.027 0.99))",2,3400
FreshMart Banksia Grove,Aisle 7 - Frozen Pizza & Snacks,Aisle 7,09,FreshMart Essentials Pepperoni Pizza 480g,Product,FreshMart Essentials,1,"POLYGON ((4.309 0.99, 4.579 0.99, 4.579 1.03, 4.309 1.03, 4.309 0.99))",2,2700
FreshMart Banksia Grove,Aisle 7 - Frozen Pizza & Snacks,Aisle 7,09,Shelf 3 - Bay 09,Wire Shelf,,,"POLYGON ((3.2 1.37, 4.8 1.37, 4.8 1.41, 3.2 1.41, 3.2 1.37))",1,
FreshMart Banksia Grove,Aisle 7 - Frozen Pizza & Snacks,Aisle 7,09,Stonefire Spring Rolls 20pk,Product,Stonefire,2,"POLYGON ((3.235 1.41, 3.675 1.41, 3.675 1.52, 3.235 1.52, 3.235 1.41))",2,6400
FreshMart Banksia Grove,Aisle 7 - Frozen Pizza & Snacks,Aisle 7,09,Casa Bella Garlic Pizza 2pk,Product,Casa Bella,1,"POLYGON ((3.687 1.41, 3.947 1.41, 3.947 1.47, 3.687 1.47, 3.687 1.41))",2,3200
FreshMart Banksia Grove,Aisle 7 - Frozen Pizza & Snacks,Aisle 7,09,FreshMart Essentials Margherita Pizza 420g,Product,FreshMart Essentials,2,"POLYGON ((3.959 1.41, 4.499 1.41, 4.499 1.45, 3.959 1.45, 3.959 1.41))",2,8000
FreshMart Banksia Grove,Aisle 7 - Frozen Pizza & Snacks,Aisle 7,09,Stonefire Spring Rolls 20pk,Product,Stonefire,1,"POLYGON ((4.511 1.41, 4.731 1.41, 4.731 1.52, 4.511 1.52, 4.511 1.41))",2,3600
FreshMart Banksia Grove,Aisle 7 - Frozen Pizza & Snacks,Aisle 7,09,Shelf 4 - Bay 09,Wire Shelf,,,"POLYGON ((3.2 1.79, 4.8 1.79, 4.8 1.83, 3.2 1.83, 3.2 1.79))",1,
FreshMart Banksia Grove,Aisle 7 - Frozen Pizza & Snacks,Aisle 7,09,Casa Bella Margherita Pizza 420g,Product,Casa Bella,3,"POLYGON ((3.235 1.83, 4.045 1.83, 4.045 1.87, 3.235 1.87, 3.235 1.83))",2,9900
FreshMart Banksia Grove,Aisle 7 - Frozen Pizza & Snacks,Aisle 7,09,Casa Bella Pizza Pockets 4pk,Product,Casa Bella,3,"POLYGON ((4.057 1.83, 4.657 1.83, 4.657 1.93, 4.057 1.93, 4.057 1.83))",2,8600
FreshMart Banksia Grove,Aisle 7 - Frozen Pizza & Snacks,Aisle 7,10,Glass Door 10,Glass Door,,,"POLYGON ((4.82 0.05, 6.38 0.05, 6.38 2.15, 4.82 2.15, 4.82 0.05))",1,
FreshMart Banksia Grove,Aisle 7 - Frozen Pizza & Snacks,Aisle 7,10,Base Deck - Bay 10,Base Deck,,,"POLYGON ((4.8 0, 6.4 0, 6.4 0.15, 4.8 0.15, 4.8 0))",1,
FreshMart Banksia Grove,Aisle 7 - Frozen Pizza & Snacks,Aisle 7,10,Casa Bella Pizza Pockets 4pk,Product,Casa Bella,3,"POLYGON ((4.835 0.15, 5.435 0.15, 5.435 0.25, 4.835 0.25, 4.835 0.15))",2,6400
FreshMart Banksia Grove,Aisle 7 - Frozen Pizza & Snacks,Aisle 7,10,FreshMart Essentials BBQ Chicken Pizza 500g,Product,FreshMart Essentials,3,"POLYGON ((5.447 0.15, 6.257 0.15, 6.257 0.19, 5.447 0.19, 5.447 0.15))",2,12500
FreshMart Banksia Grove,Aisle 7 - Frozen Pizza & Snacks,Aisle 7,10,Shelf 1 - Bay 10,Wire Shelf,,,"POLYGON ((4.8 0.53, 6.4 0.53, 6.4 0.57, 4.8 0.57, 4.8 0.53))",1,
FreshMart Banksia Grove,Aisle 7 - Frozen Pizza & Snacks,Aisle 7,10,Stonefire Margherita Pizza 420g,Product,Stonefire,3,"POLYGON ((4.835 0.57, 5.645 0.57, 5.645 0.61, 4.835 0.61, 4.835 0.57))",2,7300
FreshMart Banksia Grove,Aisle 7 - Frozen Pizza & Snacks,Aisle 7,10,Stonefire Pizza Pockets 4pk,Product,Stonefire,2,"POLYGON ((5.657 0.57, 6.057 0.57, 6.057 0.67, 5.657 0.67, 5.657 0.57))",2,8200
FreshMart Banksia Grove,Aisle 7 - Frozen Pizza & Snacks,Aisle 7,10,Casa Bella Pizza Pockets 4pk,Product,Casa Bella,1,"POLYGON ((6.069 0.57, 6.269 0.57, 6.269 0.67, 6.069 0.67, 6.069 0.57))",2,3700
FreshMart Banksia Grove,Aisle 7 - Frozen Pizza & Snacks,Aisle 7,10,Shelf 2 - Bay 10,Wire Shelf,,,"POLYGON ((4.8 0.95, 6.4 0.95, 6.4 0.99, 4.8 0.99, 4.8 0.95))",1,
FreshMart Banksia Grove,Aisle 7 - Frozen Pizza & Snacks,Aisle 7,10,FreshMart Essentials Pizza Pockets 4pk,Product,FreshMart Essentials,2,"POLYGON ((4.835 0.99, 5.235 0.99, 5.235 1.09, 4.835 1.09, 4.835 0.99))",2,4900
FreshMart Banksia Grove,Aisle 7 - Frozen Pizza & Snacks,Aisle 7,10,FreshMart Essentials Margherita Pizza 420g,Product,FreshMart Essentials,3,"POLYGON ((5.247 0.99, 6.057 0.99, 6.057 1.03, 5.247 1.03, 5.247 0.99))",2,8500
FreshMart Banksia Grove,Aisle 7 - Frozen Pizza & Snacks,Aisle 7,10,Casa Bella Pizza Pockets 4pk,Product,Casa Bella,1,"POLYGON ((6.069 0.99, 6.269 0.99, 6.269 1.09, 6.069 1.09, 6.069 0.99))",2,3400
FreshMart Banksia Grove,Aisle 7 - Frozen Pizza & Snacks,Aisle 7,10,Shelf 3 - Bay 10,Wire Shelf,,,"POLYGON ((4.8 1.37, 6.4 1.37, 6.4 1.41, 4.8 1.41, 4.8 1.37))",1,
FreshMart Banksia Grove,Aisle 7 - Frozen Pizza & Snacks,Aisle 7,10,FreshMart Essentials Pepperoni Pizza 480g,Product,FreshMart Essentials,3,"POLYGON ((4.835 1.41, 5.645 1.41, 5.645 1.45, 4.835 1.45, 4.835 1.41))",2,10200
FreshMart Banksia Grove,Aisle 7 - Frozen Pizza & Snacks,Aisle 7,10,Casa Bella BBQ Chicken Pizza 500g,Product,Casa Bella,1,"POLYGON ((5.657 1.41, 5.927 1.41, 5.927 1.45, 5.657 1.45, 5.657 1.41))",2,2500
FreshMart Banksia Grove,Aisle 7 - Frozen Pizza & Snacks,Aisle 7,10,Casa Bella Pizza Pockets 4pk,Product,Casa Bella,1,"POLYGON ((5.939 1.41, 6.139 1.41, 6.139 1.51, 5.939 1.51, 5.939 1.41))",2,2900
FreshMart Banksia Grove,Aisle 7 - Frozen Pizza & Snacks,Aisle 7,10,Stonefire Pizza Pockets 4pk,Product,Stonefire,1,"POLYGON ((6.151 1.41, 6.351 1.41, 6.351 1.51, 6.151 1.51, 6.151 1.41))",2,4300
FreshMart Banksia Grove,Aisle 7 - Frozen Pizza & Snacks,Aisle 7,10,Shelf 4 - Bay 10,Wire Shelf,,,"POLYGON ((4.8 1.79, 6.4 1.79, 6.4 1.83, 4.8 1.83, 4.8 1.79))",1,
FreshMart Banksia Grove,Aisle 7 - Frozen Pizza & Snacks,Aisle 7,10,Stonefire Pepperoni Pizza 480g,Product,Stonefire,2,"POLYGON ((4.835 1.83, 5.375 1.83, 5.375 1.87, 4.835 1.87, 4.835 1.83))",2,4800
FreshMart Banksia Grove,Aisle 7 - Frozen Pizza & Snacks,Aisle 7,10,Casa Bella Margherita Pizza 420g,Product,Casa Bella,2,"POLYGON ((5.387 1.83, 5.927 1.83, 5.927 1.87, 5.387 1.87, 5.387 1.83))",2,6700
FreshMart Banksia Grove,Aisle 7 - Frozen Pizza & Snacks,Aisle 7,10,FreshMart Essentials Spring Rolls 20pk,Product,FreshMart Essentials,1,"POLYGON ((5.939 1.83, 6.159 1.83, 6.159 1.94, 5.939 1.94, 5.939 1.83))",2,3500
FreshMart Banksia Grove,Dairy Wall - Fresh Milk,Dairy Wall,01,Bay Frame 01,Rack,,,"POLYGON ((0 0, 1.6 0, 1.6 2.2, 0 2.2, 0 0))",0,
FreshMart Banksia Grove,Dairy Wall - Fresh Milk,Dairy Wall,02,Bay Frame 02,Rack,,,"POLYGON ((1.6 0, 3.2 0, 3.2 2.2, 1.6 2.2, 1.6 0))",0,
FreshMart Banksia Grove,Dairy Wall - Fresh Milk,Dairy Wall,03,Bay Frame 03,Rack,,,"POLYGON ((3.2 0, 4.8 0, 4.8 2.2, 3.2 2.2, 3.2 0))",0,
FreshMart Banksia Grove,Dairy Wall - Fresh Milk,Dairy Wall,04,Bay Frame 04,Rack,,,"POLYGON ((4.8 0, 6.4 0, 6.4 2.2, 4.8 2.2, 4.8 0))",0,
FreshMart Banksia Grove,Dairy Wall - Fresh Milk,Dairy Wall,,Upright 1,Rack,,,"POLYGON ((0 0, 0.025 0, 0.025 2.2, 0 2.2, 0 0))",0,
FreshMart Banksia Grove,Dairy Wall - Fresh Milk,Dairy Wall,,Upright 2,Rack,,,"POLYGON ((1.575 0, 1.625 0, 1.625 2.2, 1.575 2.2, 1.575 0))",0,
FreshMart Banksia Grove,Dairy Wall - Fresh Milk,Dairy Wall,,Upright 3,Rack,,,"POLYGON ((3.175 0, 3.225 0, 3.225 2.2, 3.175 2.2, 3.175 0))",0,
FreshMart Banksia Grove,Dairy Wall - Fresh Milk,Dairy Wall,,Upright 4,Rack,,,"POLYGON ((4.775 0, 4.825 0, 4.825 2.2, 4.775 2.2, 4.775 0))",0,
FreshMart Banksia Grove,Dairy Wall - Fresh Milk,Dairy Wall,,Upright 5,Rack,,,"POLYGON ((6.375 0, 6.4 0, 6.4 2.2, 6.375 2.2, 6.375 0))",0,
FreshMart Banksia Grove,Dairy Wall - Fresh Milk,Dairy Wall,01,Air Grille 01,Air Grille,,,"POLYGON ((0 1.84, 1.6 1.84, 1.6 2.2, 0 2.2, 0 1.84))",1,
FreshMart Banksia Grove,Dairy Wall - Fresh Milk,Dairy Wall,01,Base Deck - Bay 01,Base Deck,,,"POLYGON ((0 0, 1.6 0, 1.6 0.2, 0 0.2, 0 0))",1,
FreshMart Banksia Grove,Dairy Wall - Fresh Milk,Dairy Wall,01,Hilltop Dairy Oat Milk 1L,Product,Hilltop Dairy,1,"POLYGON ((0.035 0.2, 0.105 0.2, 0.105 0.4, 0.035 0.4, 0.035 0.2))",2,8500
FreshMart Banksia Grove,Dairy Wall - Fresh Milk,Dairy Wall,01,FreshMart Essentials Almond Milk 1L,Product,FreshMart Essentials,1,"POLYGON ((0.117 0.2, 0.187 0.2, 0.187 0.4, 0.117 0.4, 0.117 0.2))",2,4900
FreshMart Banksia Grove,Dairy Wall - Fresh Milk,Dairy Wall,01,FreshMart Essentials Full Cream Milk 1L,Product,FreshMart Essentials,1,"POLYGON ((0.199 0.2, 0.289 0.2, 0.289 0.41, 0.199 0.41, 0.199 0.2))",2,7300
FreshMart Banksia Grove,Dairy Wall - Fresh Milk,Dairy Wall,01,Hilltop Dairy Full Cream Milk 1L,Product,Hilltop Dairy,2,"POLYGON ((0.301 0.2, 0.481 0.2, 0.481 0.41, 0.301 0.41, 0.301 0.2))",2,16300
FreshMart Banksia Grove,Dairy Wall - Fresh Milk,Dairy Wall,01,Hilltop Dairy Full Cream Milk 2L,Product,Hilltop Dairy,3,"POLYGON ((0.493 0.2, 0.823 0.2, 0.823 0.46, 0.493 0.46, 0.493 0.2))",2,13900
FreshMart Banksia Grove,Dairy Wall - Fresh Milk,Dairy Wall,01,FreshMart Essentials Oat Milk 1L,Product,FreshMart Essentials,2,"POLYGON ((0.835 0.2, 0.975 0.2, 0.975 0.4, 0.835 0.4, 0.835 0.2))",2,14400
FreshMart Banksia Grove,Dairy Wall - Fresh Milk,Dairy Wall,01,Meadow Vale Full Cream Milk 1L,Product,Meadow Vale,2,"POLYGON ((0.987 0.2, 1.167 0.2, 1.167 0.41, 0.987 0.41, 0.987 0.2))",2,12000
FreshMart Banksia Grove,Dairy Wall - Fresh Milk,Dairy Wall,01,Meadow Vale Flavoured Milk 600ml,Product,Meadow Vale,2,"POLYGON ((1.179 0.2, 1.339 0.2, 1.339 0.38, 1.179 0.38, 1.179 0.2))",2,13900
FreshMart Banksia Grove,Dairy Wall - Fresh Milk,Dairy Wall,01,Meadow Vale Flavoured Milk 600ml,Product,Meadow Vale,1,"POLYGON ((1.351 0.2, 1.431 0.2, 1.431 0.38, 1.351 0.38, 1.351 0.2))",2,9000
FreshMart Banksia Grove,Dairy Wall - Fresh Milk,Dairy Wall,01,Hilltop Dairy Flavoured Milk 600ml,Product,Hilltop Dairy,1,"POLYGON ((1.443 0.2, 1.523 0.2, 1.523 0.38, 1.443 0.38, 1.443 0.2))",2,7800
FreshMart Banksia Grove,Dairy Wall - Fresh Milk,Dairy Wall,01,Shelf 1 - Bay 01,Shelf,,,"POLYGON ((0 0.56, 1.6 0.56, 1.6 0.6, 0 0.6, 0 0.56))",1,
FreshMart Banksia Grove,Dairy Wall - Fresh Milk,Dairy Wall,01,Meadow Vale Flavoured Milk 600ml,Product,Meadow Vale,2,"POLYGON ((0.035 0.6, 0.195 0.6, 0.195 0.78, 0.035 0.78, 0.035 0.6))",2,14200
FreshMart Banksia Grove,Dairy Wall - Fresh Milk,Dairy Wall,01,Meadow Vale Full Cream Milk 2L,Product,Meadow Vale,2,"POLYGON ((0.207 0.6, 0.427 0.6, 0.427 0.86, 0.207 0.86, 0.207 0.6))",2,11400
FreshMart Banksia Grove,Dairy Wall - Fresh Milk,Dairy Wall,01,Meadow Vale Almond Milk 1L,Product,Meadow Vale,2,"POLYGON ((0.439 0.6, 0.579 0.6, 0.579 0.8, 0.439 0.8, 0.439 0.6))",2,10000
FreshMart Banksia Grove,Dairy Wall - Fresh Milk,Dairy Wall,01,FreshMart Essentials Flavoured Milk 600ml,Product,FreshMart Essentials,2,"POLYGON ((0.591 0.6, 0.751 0.6, 0.751 0.78, 0.591 0.78, 0.591 0.6))",2,14600
FreshMart Banksia Grove,Dairy Wall - Fresh Milk,Dairy Wall,01,Hilltop Dairy Full Cream Milk 2L,Product,Hilltop Dairy,1,"POLYGON ((0.763 0.6, 0.873 0.6, 0.873 0.86, 0.763 0.86, 0.763 0.6))",2,6400
FreshMart Banksia Grove,Dairy Wall - Fresh Milk,Dairy Wall,01,Hilltop Dairy Flavoured Milk 600ml,Product,Hilltop Dairy,2,"POLYGON ((0.885 0.6, 1.045 0.6, 1.045 0.78, 0.885 0.78, 0.885 0.6))",2,14300
FreshMart Banksia Grove,Dairy Wall - Fresh Milk,Dairy Wall,01,FreshMart Essentials Oat Milk 1L,Product,FreshMart Essentials,2,"POLYGON ((1.057 0.6, 1.197 0.6, 1.197 0.8, 1.057 0.8, 1.057 0.6))",2,10000
FreshMart Banksia Grove,Dairy Wall - Fresh Milk,Dairy Wall,01,FreshMart Essentials Oat Milk 1L,Product,FreshMart Essentials,1,"POLYGON ((1.209 0.6, 1.279 0.6, 1.279 0.8, 1.209 0.8, 1.209 0.6))",2,8400
FreshMart Banksia Grove,Dairy Wall - Fresh Milk,Dairy Wall,01,FreshMart Essentials Full Cream Milk 1L,Product,FreshMart Essentials,2,"POLYGON ((1.291 0.6, 1.471 0.6, 1.471 0.81, 1.291 0.81, 1.291 0.6))",2,11700
FreshMart Banksia Grove,Dairy Wall - Fresh Milk,Dairy Wall,01,FreshMart Essentials Flavoured Milk 600ml,Product,FreshMart Essentials,1,"POLYGON ((1.483 0.6, 1.563 0.6, 1.563 0.78, 1.483 0.78, 1.483 0.6))",2,6000
FreshMart Banksia Grove,Dairy Wall - Fresh Milk,Dairy Wall,01,Shelf 2 - Bay 01,Shelf,,,"POLYGON ((0 0.96, 1.6 0.96, 1.6 1, 0 1, 0 0.96))",1,
FreshMart Banksia Grove,Dairy Wall - Fresh Milk,Dairy Wall,01,Hilltop Dairy Full Cream Milk 1L,Product,Hilltop Dairy,1,"POLYGON ((0.035 1, 0.125 1, 0.125 1.21, 0.035 1.21, 0.035 1))",2,7600
FreshMart Banksia Grove,Dairy Wall - Fresh Milk,Dairy Wall,01,Hilltop Dairy Full Cream Milk 1L,Product,Hilltop Dairy,3,"POLYGON ((0.137 1, 0.407 1, 0.407 1.21, 0.137 1.21, 0.137 1))",2,22200
FreshMart Banksia Grove,Dairy Wall - Fresh Milk,Dairy Wall,01,Hilltop Dairy Full Cream Milk 2L,Product,Hilltop Dairy,1,"POLYGON ((0.419 1, 0.529 1, 0.529 1.26, 0.419 1.26, 0.419 1))",2,7100
FreshMart Banksia Grove,Dairy Wall - Fresh Milk,Dairy Wall,01,Meadow Vale Flavoured Milk 600ml,Product,Meadow Vale,3,"POLYGON ((0.541 1, 0.781 1, 0.781 1.18, 0.541 1.18, 0.541 1))",2,19300
FreshMart Banksia Grove,Dairy Wall - Fresh Milk,Dairy Wall,01,Meadow Vale Almond Milk 1L,Product,Meadow Vale,1,"POLYGON ((0.793 1, 0.863 1, 0.863 1.2, 0.793 1.2, 0.793 1))",2,6200
FreshMart Banksia Grove,Dairy Wall - Fresh Milk,Dairy Wall,01,Meadow Vale Flavoured Milk 600ml,Product,Meadow Vale,3,"POLYGON ((0.875 1, 1.115 1, 1.115 1.18, 0.875 1.18, 0.875 1))",2,20600
FreshMart Banksia Grove,Dairy Wall - Fresh Milk,Dairy Wall,01,Meadow Vale Oat Milk 1L,Product,Meadow Vale,1,"POLYGON ((1.127 1, 1.197 1, 1.197 1.2, 1.127 1.2, 1.127 1))",2,7500
FreshMart Banksia Grove,Dairy Wall - Fresh Milk,Dairy Wall,01,Hilltop Dairy Almond Milk 1L,Product,Hilltop Dairy,3,"POLYGON ((1.209 1, 1.419 1, 1.419 1.2, 1.209 1.2, 1.209 1))",2,16000
FreshMart Banksia Grove,Dairy Wall - Fresh Milk,Dairy Wall,01,Hilltop Dairy Lite Milk 2L,Product,Hilltop Dairy,1,"POLYGON ((1.431 1, 1.541 1, 1.541 1.26, 1.431 1.26, 1.431 1))",2,8500
FreshMart Banksia Grove,Dairy Wall - Fresh Milk,Dairy Wall,01,Shelf 3 - Bay 01,Shelf,,,"POLYGON ((0 1.36, 1.6 1.36, 1.6 1.4, 0 1.4, 0 1.36))",1,
FreshMart Banksia Grove,Dairy Wall - Fresh Milk,Dairy Wall,01,Hilltop Dairy Full Cream Milk 2L,Product,Hilltop Dairy,1,"POLYGON ((0.035 1.4, 0.145 1.4, 0.145 1.66, 0.035 1.66, 0.035 1.4))",2,7400
FreshMart Banksia Grove,Dairy Wall - Fresh Milk,Dairy Wall,01,Meadow Vale Full Cream Milk 2L,Product,Meadow Vale,1,"POLYGON ((0.157 1.4, 0.267 1.4, 0.267 1.66, 0.157 1.66, 0.157 1.4))",2,4900
FreshMart Banksia Grove,Dairy Wall - Fresh Milk,Dairy Wall,01,FreshMart Essentials Lite Milk 2L,Product,FreshMart Essentials,2,"POLYGON ((0.279 1.4, 0.499 1.4, 0.499 1.66, 0.279 1.66, 0.279 1.4))",2,14400
FreshMart Banksia Grove,Dairy Wall - Fresh Milk,Dairy Wall,01,Hilltop Dairy Full Cream Milk 2L,Product,Hilltop Dairy,3,"POLYGON ((0.511 1.4, 0.841 1.4, 0.841 1.66, 0.511 1.66, 0.511 1.4))",2,22200
FreshMart Banksia Grove,Dairy Wall - Fresh Milk,Dairy Wall,01,Meadow Vale Almond Milk 1L,Product,Meadow Vale,3,"POLYGON ((0.853 1.4, 1.063 1.4, 1.063 1.6, 0.853 1.6, 0.853 1.4))",2,15600
FreshMart Banksia Grove,Dairy Wall - Fresh Milk,Dairy Wall,01,FreshMart Essentials Lite Milk 2L,Product,FreshMart Essentials,2,"POLYGON ((1.075 1.4, 1.295 1.4, 1.295 1.66, 1.075 1.66, 1.075 1.4))",2,14100
FreshMart Banksia Grove,Dairy Wall - Fresh Milk,Dairy Wall,01,Meadow Vale Flavoured Milk 600ml,Product,Meadow Vale,2,"POLYGON ((1.307 1.4, 1.467 1.4, 1.467 1.58, 1.307 1.58, 1.307 1.4))",2,9200
FreshMart Banksia Grove,Dairy Wall - Fresh Milk,Dairy Wall,01,Hilltop Dairy Almond Milk 1L,Product,Hilltop Dairy,1,"POLYGON ((1.479 1.4, 1.549 1.4, 1.549 1.6, 1.479 1.6, 1.479 1.4))",2,5100
FreshMart Banksia Grove,Dairy Wall - Fresh Milk,Dairy Wall,02,Air Grille 02,Air Grille,,,"POLYGON ((1.6 1.84, 3.2 1.84, 3.2 2.2, 1.6 2.2, 1.6 1.84))",1,
FreshMart Banksia Grove,Dairy Wall - Fresh Milk,Dairy Wall,02,Base Deck - Bay 02,Base Deck,,,"POLYGON ((1.6 0, 3.2 0, 3.2 0.2, 1.6 0.2, 1.6 0))",1,
FreshMart Banksia Grove,Dairy Wall - Fresh Milk,Dairy Wall,02,FreshMart Essentials Full Cream Milk 2L,Product,FreshMart Essentials,3,"POLYGON ((1.635 0.2, 1.965 0.2, 1.965 0.46, 1.635 0.46, 1.635 0.2))",2,20600
FreshMart Banksia Grove,Dairy Wall - Fresh Milk,Dairy Wall,02,Hilltop Dairy Lite Milk 2L,Product,Hilltop Dairy,2,"POLYGON ((1.977 0.2, 2.197 0.2, 2.197 0.46, 1.977 0.46, 1.977 0.2))",2,9800
FreshMart Banksia Grove,Dairy Wall - Fresh Milk,Dairy Wall,02,Meadow Vale Full Cream Milk 1L,Product,Meadow Vale,2,"POLYGON ((2.209 0.2, 2.389 0.2, 2.389 0.41, 2.209 0.41, 2.209 0.2))",2,17300
FreshMart Banksia Grove,Dairy Wall - Fresh Milk,Dairy Wall,02,Meadow Vale Full Cream Milk 1L,Product,Meadow Vale,1,"POLYGON ((2.401 0.2, 2.491 0.2, 2.491 0.41, 2.401 0.41, 2.401 0.2))",2,4700
FreshMart Banksia Grove,Dairy Wall - Fresh Milk,Dairy Wall,02,Meadow Vale Lite Milk 2L,Product,Meadow Vale,1,"POLYGON ((2.503 0.2, 2.613 0.2, 2.613 0.46, 2.503 0.46, 2.503 0.2))",2,5300
FreshMart Banksia Grove,Dairy Wall - Fresh Milk,Dairy Wall,02,FreshMart Essentials Full Cream Milk 2L,Product,FreshMart Essentials,3,"POLYGON ((2.625 0.2, 2.955 0.2, 2.955 0.46, 2.625 0.46, 2.625 0.2))",2,20300
FreshMart Banksia Grove,Dairy Wall - Fresh Milk,Dairy Wall,02,Hilltop Dairy Full Cream Milk 1L,Product,Hilltop Dairy,1,"POLYGON ((2.967 0.2, 3.057 0.2, 3.057 0.41, 2.967 0.41, 2.967 0.2))",2,5100
FreshMart Banksia Grove,Dairy Wall - Fresh Milk,Dairy Wall,02,Meadow Vale Oat Milk 1L,Product,Meadow Vale,1,"POLYGON ((3.069 0.2, 3.139 0.2, 3.139 0.4, 3.069 0.4, 3.069 0.2))",2,6000
FreshMart Banksia Grove,Dairy Wall - Fresh Milk,Dairy Wall,02,Shelf 1 - Bay 02,Shelf,,,"POLYGON ((1.6 0.56, 3.2 0.56, 3.2 0.6, 1.6 0.6, 1.6 0.56))",1,
FreshMart Banksia Grove,Dairy Wall - Fresh Milk,Dairy Wall,02,FreshMart Essentials Flavoured Milk 600ml,Product,FreshMart Essentials,3,"POLYGON ((1.635 0.6, 1.875 0.6, 1.875 0.78, 1.635 0.78, 1.635 0.6))",2,22200
FreshMart Banksia Grove,Dairy Wall - Fresh Milk,Dairy Wall,02,Meadow Vale Lite Milk 2L,Product,Meadow Vale,1,"POLYGON ((1.887 0.6, 1.997 0.6, 1.997 0.86, 1.887 0.86, 1.887 0.6))",2,5800
FreshMart Banksia Grove,Dairy Wall - Fresh Milk,Dairy Wall,02,FreshMart Essentials Oat Milk 1L,Product,FreshMart Essentials,2,"POLYGON ((2.009 0.6, 2.149 0.6, 2.149 0.8, 2.009 0.8, 2.009 0.6))",2,11000
FreshMart Banksia Grove,Dairy Wall - Fresh Milk,Dairy Wall,02,Hilltop Dairy Full Cream Milk 2L,Product,Hilltop Dairy,2,"POLYGON ((2.161 0.6, 2.381 0.6, 2.381 0.86, 2.161 0.86, 2.161 0.6))",2,10800
FreshMart Banksia Grove,Dairy Wall - Fresh Milk,Dairy Wall,02,FreshMart Essentials Oat Milk 1L,Product,FreshMart Essentials,3,"POLYGON ((2.393 0.6, 2.603 0.6, 2.603 0.8, 2.393 0.8, 2.393 0.6))",2,26600
FreshMart Banksia Grove,Dairy Wall - Fresh Milk,Dairy Wall,02,Hilltop Dairy Lite Milk 2L,Product,Hilltop Dairy,3,"POLYGON ((2.615 0.6, 2.945 0.6, 2.945 0.86, 2.615 0.86, 2.615 0.6))",2,14700
FreshMart Banksia Grove,Dairy Wall - Fresh Milk,Dairy Wall,02,Hilltop Dairy Oat Milk 1L,Product,Hilltop Dairy,1,"POLYGON ((2.957 0.6, 3.027 0.6, 3.027 0.8, 2.957 0.8, 2.957 0.6))",2,8200
FreshMart Banksia Grove,Dairy Wall - Fresh Milk,Dairy Wall,02,FreshMart Essentials Oat Milk 1L,Product,FreshMart Essentials,1,"POLYGON ((3.039 0.6, 3.109 0.6, 3.109 0.8, 3.039 0.8, 3.039 0.6))",2,6900
FreshMart Banksia Grove,Dairy Wall - Fresh Milk,Dairy Wall,02,Shelf 2 - Bay 02,Shelf,,,"POLYGON ((1.6 0.96, 3.2 0.96, 3.2 1, 1.6 1, 1.6 0.96))",1,
FreshMart Banksia Grove,Dairy Wall - Fresh Milk,Dairy Wall,02,Hilltop Dairy Full Cream Milk 2L,Product,Hilltop Dairy,2,"POLYGON ((1.635 1, 1.855 1, 1.855 1.26, 1.635 1.26, 1.635 1))",2,16900
FreshMart Banksia Grove,Dairy Wall - Fresh Milk,Dairy Wall,02,FreshMart Essentials Almond Milk 1L,Product,FreshMart Essentials,1,"POLYGON ((1.867 1, 1.937 1, 1.937 1.2, 1.867 1.2, 1.867 1))",2,8000
FreshMart Banksia Grove,Dairy Wall - Fresh Milk,Dairy Wall,02,Meadow Vale Full Cream Milk 1L,Product,Meadow Vale,1,"POLYGON ((1.949 1, 2.039 1, 2.039 1.21, 1.949 1.21, 1.949 1))",2,6800
FreshMart Banksia Grove,Dairy Wall - Fresh Milk,Dairy Wall,02,FreshMart Essentials Full Cream Milk 1L,Product,FreshMart Essentials,3,"POLYGON ((2.051 1, 2.321 1, 2.321 1.21, 2.051 1.21, 2.051 1))",2,21000
FreshMart Banksia Grove,Dairy Wall - Fresh Milk,Dairy Wall,02,Hilltop Dairy Almond Milk 1L,Product,Hilltop Dairy,2,"POLYGON ((2.333 1, 2.473 1, 2.473 1.2, 2.333 1.2, 2.333 1))",2,14700
FreshMart Banksia Grove,Dairy Wall - Fresh Milk,Dairy Wall,02,Hilltop Dairy Flavoured Milk 600ml,Product,Hilltop Dairy,1,"POLYGON ((2.485 1, 2.565 1, 2.565 1.18, 2.485 1.18, 2.485 1))",2,8600
FreshMart Banksia Grove,Dairy Wall - Fresh Milk,Dairy Wall,02,FreshMart Essentials Almond Milk 1L,Product,FreshMart Essentials,1,"POLYGON ((2.577 1, 2.647 1, 2.647 1.2, 2.577 1.2, 2.577 1))",2,6600
FreshMart Banksia Grove,Dairy Wall - Fresh Milk,Dairy Wall,02,Meadow Vale Flavoured Milk 600ml,Product,Meadow Vale,2,"POLYGON ((2.659 1, 2.819 1, 2.819 1.18, 2.659 1.18, 2.659 1))",2,13000
FreshMart Banksia Grove,Dairy Wall - Fresh Milk,Dairy Wall,02,Meadow Vale Lite Milk 2L,Product,Meadow Vale,3,"POLYGON ((2.831 1, 3.161 1, 3.161 1.26, 2.831 1.26, 2.831 1))",2,18500
FreshMart Banksia Grove,Dairy Wall - Fresh Milk,Dairy Wall,02,Shelf 3 - Bay 02,Shelf,,,"POLYGON ((1.6 1.36, 3.2 1.36, 3.2 1.4, 1.6 1.4, 1.6 1.36))",1,
FreshMart Banksia Grove,Dairy Wall - Fresh Milk,Dairy Wall,02,Hilltop Dairy Oat Milk 1L,Product,Hilltop Dairy,3,"POLYGON ((1.635 1.4, 1.845 1.4, 1.845 1.6, 1.635 1.6, 1.635 1.4))",2,25500
FreshMart Banksia Grove,Dairy Wall - Fresh Milk,Dairy Wall,02,Hilltop Dairy Almond Milk 1L,Product,Hilltop Dairy,3,"POLYGON ((1.857 1.4, 2.067 1.4, 2.067 1.6, 1.857 1.6, 1.857 1.4))",2,13600
FreshMart Banksia Grove,Dairy Wall - Fresh Milk,Dairy Wall,02,Meadow Vale Full Cream Milk 2L,Product,Meadow Vale,3,"POLYGON ((2.079 1.4, 2.409 1.4, 2.409 1.66, 2.079 1.66, 2.079 1.4))",2,18100
FreshMart Banksia Grove,Dairy Wall - Fresh Milk,Dairy Wall,02,FreshMart Essentials Full Cream Milk 2L,Product,FreshMart Essentials,3,"POLYGON ((2.421 1.4, 2.751 1.4, 2.751 1.66, 2.421 1.66, 2.421 1.4))",2,22700
FreshMart Banksia Grove,Dairy Wall - Fresh Milk,Dairy Wall,02,FreshMart Essentials Almond Milk 1L,Product,FreshMart Essentials,2,"POLYGON ((2.763 1.4, 2.903 1.4, 2.903 1.6, 2.763 1.6, 2.763 1.4))",2,13600
FreshMart Banksia Grove,Dairy Wall - Fresh Milk,Dairy Wall,02,Hilltop Dairy Full Cream Milk 2L,Product,Hilltop Dairy,2,"POLYGON ((2.915 1.4, 3.135 1.4, 3.135 1.66, 2.915 1.66, 2.915 1.4))",2,14700
FreshMart Banksia Grove,Dairy Wall - Fresh Milk,Dairy Wall,03,Air Grille 03,Air Grille,,,"POLYGON ((3.2 1.84, 4.8 1.84, 4.8 2.2, 3.2 2.2, 3.2 1.84))",1,
FreshMart Banksia Grove,Dairy Wall - Fresh Milk,Dairy Wall,03,Base Deck - Bay 03,Base Deck,,,"POLYGON ((3.2 0, 4.8 0, 4.8 0.2, 3.2 0.2, 3.2 0))",1,
FreshMart Banksia Grove,Dairy Wall - Fresh Milk,Dairy Wall,03,Meadow Vale Full Cream Milk 1L,Product,Meadow Vale,3,"POLYGON ((3.235 0.2, 3.505 0.2, 3.505 0.41, 3.235 0.41, 3.235 0.2))",2,18000
FreshMart Banksia Grove,Dairy Wall - Fresh Milk,Dairy Wall,03,Hilltop Dairy Full Cream Milk 2L,Product,Hilltop Dairy,3,"POLYGON ((3.517 0.2, 3.847 0.2, 3.847 0.46, 3.517 0.46, 3.517 0.2))",2,15100
FreshMart Banksia Grove,Dairy Wall - Fresh Milk,Dairy Wall,03,Hilltop Dairy Lite Milk 2L,Product,Hilltop Dairy,2,"POLYGON ((3.859 0.2, 4.079 0.2, 4.079 0.46, 3.859 0.46, 3.859 0.2))",2,12800
FreshMart Banksia Grove,Dairy Wall - Fresh Milk,Dairy Wall,03,FreshMart Essentials Full Cream Milk 2L,Product,FreshMart Essentials,3,"POLYGON ((4.091 0.2, 4.421 0.2, 4.421 0.46, 4.091 0.46, 4.091 0.2))",2,26500
FreshMart Banksia Grove,Dairy Wall - Fresh Milk,Dairy Wall,03,FreshMart Essentials Flavoured Milk 600ml,Product,FreshMart Essentials,2,"POLYGON ((4.433 0.2, 4.593 0.2, 4.593 0.38, 4.433 0.38, 4.433 0.2))",2,11300
FreshMart Banksia Grove,Dairy Wall - Fresh Milk,Dairy Wall,03,Hilltop Dairy Oat Milk 1L,Product,Hilltop Dairy,2,"POLYGON ((4.605 0.2, 4.745 0.2, 4.745 0.4, 4.605 0.4, 4.605 0.2))",2,15300
FreshMart Banksia Grove,Dairy Wall - Fresh Milk,Dairy Wall,03,Shelf 1 - Bay 03,Shelf,,,"POLYGON ((3.2 0.56, 4.8 0.56, 4.8 0.6, 3.2 0.6, 3.2 0.56))",1,
FreshMart Banksia Grove,Dairy Wall - Fresh Milk,Dairy Wall,03,FreshMart Essentials Full Cream Milk 2L,Product,FreshMart Essentials,1,"POLYGON ((3.235 0.6, 3.345 0.6, 3.345 0.86, 3.235 0.86, 3.235 0.6))",2,5700
FreshMart Banksia Grove,Dairy Wall - Fresh Milk,Dairy Wall,03,Meadow Vale Almond Milk 1L,Product,Meadow Vale,1,"POLYGON ((3.357 0.6, 3.427 0.6, 3.427 0.8, 3.357 0.8, 3.357 0.6))",2,6900
FreshMart Banksia Grove,Dairy Wall - Fresh Milk,Dairy Wall,03,Meadow Vale Lite Milk 2L,Product,Meadow Vale,2,"POLYGON ((3.439 0.6, 3.659 0.6, 3.659 0.86, 3.439 0.86, 3.439 0.6))",2,15600
FreshMart Banksia Grove,Dairy Wall - Fresh Milk,Dairy Wall,03,FreshMart Essentials Full Cream Milk 1L,Product,FreshMart Essentials,3,"POLYGON ((3.671 0.6, 3.941 0.6, 3.941 0.81, 3.671 0.81, 3.671 0.6))",2,22600
FreshMart Banksia Grove,Dairy Wall - Fresh Milk,Dairy Wall,03,Hilltop Dairy Oat Milk 1L,Product,Hilltop Dairy,3,"POLYGON ((3.953 0.6, 4.163 0.6, 4.163 0.8, 3.953 0.8, 3.953 0.6))",2,13800
FreshMart Banksia Grove,Dairy Wall - Fresh Milk,Dairy Wall,03,Hilltop Dairy Lite Milk 2L,Product,Hilltop Dairy,1,"POLYGON ((4.175 0.6, 4.285 0.6, 4.285 0.86, 4.175 0.86, 4.175 0.6))",2,7100
FreshMart Banksia Grove,Dairy Wall - Fresh Milk,Dairy Wall,03,Hilltop Dairy Almond Milk 1L,Product,Hilltop Dairy,3,"POLYGON ((4.297 0.6, 4.507 0.6, 4.507 0.8, 4.297 0.8, 4.297 0.6))",2,24500
FreshMart Banksia Grove,Dairy Wall - Fresh Milk,Dairy Wall,03,Meadow Vale Oat Milk 1L,Product,Meadow Vale,1,"POLYGON ((4.519 0.6, 4.589 0.6, 4.589 0.8, 4.519 0.8, 4.519 0.6))",2,6600
FreshMart Banksia Grove,Dairy Wall - Fresh Milk,Dairy Wall,03,Meadow Vale Lite Milk 2L,Product,Meadow Vale,1,"POLYGON ((4.601 0.6, 4.711 0.6, 4.711 0.86, 4.601 0.86, 4.601 0.6))",2,4800
FreshMart Banksia Grove,Dairy Wall - Fresh Milk,Dairy Wall,03,Shelf 2 - Bay 03,Shelf,,,"POLYGON ((3.2 0.96, 4.8 0.96, 4.8 1, 3.2 1, 3.2 0.96))",1,
FreshMart Banksia Grove,Dairy Wall - Fresh Milk,Dairy Wall,03,Hilltop Dairy Lite Milk 2L,Product,Hilltop Dairy,3,"POLYGON ((3.235 1, 3.565 1, 3.565 1.26, 3.235 1.26, 3.235 1))",2,17200
FreshMart Banksia Grove,Dairy Wall - Fresh Milk,Dairy Wall,03,Meadow Vale Flavoured Milk 600ml,Product,Meadow Vale,1,"POLYGON ((3.577 1, 3.657 1, 3.657 1.18, 3.577 1.18, 3.577 1))",2,5800
FreshMart Banksia Grove,Dairy Wall - Fresh Milk,Dairy Wall,03,Meadow Vale Lite Milk 2L,Product,Meadow Vale,3,"POLYGON ((3.669 1, 3.999 1, 3.999 1.26, 3.669 1.26, 3.669 1))",2,24000
FreshMart Banksia Grove,Dairy Wall - Fresh Milk,Dairy Wall,03,FreshMart Essentials Almond Milk 1L,Product,FreshMart Essentials,1,"POLYGON ((4.011 1, 4.081 1, 4.081 1.2, 4.011 1.2, 4.011 1))",2,7200
FreshMart Banksia Grove,Dairy Wall - Fresh Milk,Dairy Wall,03,Meadow Vale Almond Milk 1L,Product,Meadow Vale,3,"POLYGON ((4.093 1, 4.303 1, 4.303 1.2, 4.093 1.2, 4.093 1))",2,24700
FreshMart Banksia Grove,Dairy Wall - Fresh Milk,Dairy Wall,03,FreshMart Essentials Oat Milk 1L,Product,FreshMart Essentials,1,"POLYGON ((4.315 1, 4.385 1, 4.385 1.2, 4.315 1.2, 4.315 1))",2,5700
FreshMart Banksia Grove,Dairy Wall - Fresh Milk,Dairy Wall,03,Hilltop Dairy Oat Milk 1L,Product,Hilltop Dairy,3,"POLYGON ((4.397 1, 4.607 1, 4.607 1.2, 4.397 1.2, 4.397 1))",2,14700
FreshMart Banksia Grove,Dairy Wall - Fresh Milk,Dairy Wall,03,Meadow Vale Full Cream Milk 2L,Product,Meadow Vale,1,"POLYGON ((4.619 1, 4.729 1, 4.729 1.26, 4.619 1.26, 4.619 1))",2,5300
FreshMart Banksia Grove,Dairy Wall - Fresh Milk,Dairy Wall,03,Shelf 3 - Bay 03,Shelf,,,"POLYGON ((3.2 1.36, 4.8 1.36, 4.8 1.4, 3.2 1.4, 3.2 1.36))",1,
FreshMart Banksia Grove,Dairy Wall - Fresh Milk,Dairy Wall,03,Hilltop Dairy Oat Milk 1L,Product,Hilltop Dairy,1,"POLYGON ((3.235 1.4, 3.305 1.4, 3.305 1.6, 3.235 1.6, 3.235 1.4))",2,6400
FreshMart Banksia Grove,Dairy Wall - Fresh Milk,Dairy Wall,03,Hilltop Dairy Flavoured Milk 600ml,Product,Hilltop Dairy,1,"POLYGON ((3.317 1.4, 3.397 1.4, 3.397 1.58, 3.317 1.58, 3.317 1.4))",2,8900
FreshMart Banksia Grove,Dairy Wall - Fresh Milk,Dairy Wall,03,FreshMart Essentials Almond Milk 1L,Product,FreshMart Essentials,2,"POLYGON ((3.409 1.4, 3.549 1.4, 3.549 1.6, 3.409 1.6, 3.409 1.4))",2,16800
FreshMart Banksia Grove,Dairy Wall - Fresh Milk,Dairy Wall,03,FreshMart Essentials Almond Milk 1L,Product,FreshMart Essentials,1,"POLYGON ((3.561 1.4, 3.631 1.4, 3.631 1.6, 3.561 1.6, 3.561 1.4))",2,8000
FreshMart Banksia Grove,Dairy Wall - Fresh Milk,Dairy Wall,03,Hilltop Dairy Almond Milk 1L,Product,Hilltop Dairy,2,"POLYGON ((3.643 1.4, 3.783 1.4, 3.783 1.6, 3.643 1.6, 3.643 1.4))",2,10900
FreshMart Banksia Grove,Dairy Wall - Fresh Milk,Dairy Wall,03,Hilltop Dairy Lite Milk 2L,Product,Hilltop Dairy,3,"POLYGON ((3.795 1.4, 4.125 1.4, 4.125 1.66, 3.795 1.66, 3.795 1.4))",2,20000
FreshMart Banksia Grove,Dairy Wall - Fresh Milk,Dairy Wall,03,Hilltop Dairy Full Cream Milk 2L,Product,Hilltop Dairy,1,"POLYGON ((4.137 1.4, 4.247 1.4, 4.247 1.66, 4.137 1.66, 4.137 1.4))",2,5600
FreshMart Banksia Grove,Dairy Wall - Fresh Milk,Dairy Wall,03,Hilltop Dairy Lite Milk 2L,Product,Hilltop Dairy,3,"POLYGON ((4.259 1.4, 4.589 1.4, 4.589 1.66, 4.259 1.66, 4.259 1.4))",2,26700
FreshMart Banksia Grove,Dairy Wall - Fresh Milk,Dairy Wall,03,Meadow Vale Oat Milk 1L,Product,Meadow Vale,1,"POLYGON ((4.601 1.4, 4.671 1.4, 4.671 1.6, 4.601 1.6, 4.601 1.4))",2,8900
FreshMart Banksia Grove,Dairy Wall - Fresh Milk,Dairy Wall,03,Hilltop Dairy Flavoured Milk 600ml,Product,Hilltop Dairy,1,"POLYGON ((4.683 1.4, 4.763 1.4, 4.763 1.58, 4.683 1.58, 4.683 1.4))",2,5800
FreshMart Banksia Grove,Dairy Wall - Fresh Milk,Dairy Wall,04,Air Grille 04,Air Grille,,,"POLYGON ((4.8 1.84, 6.4 1.84, 6.4 2.2, 4.8 2.2, 4.8 1.84))",1,
FreshMart Banksia Grove,Dairy Wall - Fresh Milk,Dairy Wall,04,Base Deck - Bay 04,Base Deck,,,"POLYGON ((4.8 0, 6.4 0, 6.4 0.2, 4.8 0.2, 4.8 0))",1,
FreshMart Banksia Grove,Dairy Wall - Fresh Milk,Dairy Wall,04,Meadow Vale Almond Milk 1L,Product,Meadow Vale,3,"POLYGON ((4.835 0.2, 5.045 0.2, 5.045 0.4, 4.835 0.4, 4.835 0.2))",2,22700
FreshMart Banksia Grove,Dairy Wall - Fresh Milk,Dairy Wall,04,Hilltop Dairy Almond Milk 1L,Product,Hilltop Dairy,1,"POLYGON ((5.057 0.2, 5.127 0.2, 5.127 0.4, 5.057 0.4, 5.057 0.2))",2,8900
FreshMart Banksia Grove,Dairy Wall - Fresh Milk,Dairy Wall,04,Meadow Vale Full Cream Milk 2L,Product,Meadow Vale,1,"POLYGON ((5.139 0.2, 5.249 0.2, 5.249 0.46, 5.139 0.46, 5.139 0.2))",2,5200
FreshMart Banksia Grove,Dairy Wall - Fresh Milk,Dairy Wall,04,Hilltop Dairy Flavoured Milk 600ml,Product,Hilltop Dairy,3,"POLYGON ((5.261 0.2, 5.501 0.2, 5.501 0.38, 5.261 0.38, 5.261 0.2))",2,13500
FreshMart Banksia Grove,Dairy Wall - Fresh Milk,Dairy Wall,04,Hilltop Dairy Oat Milk 1L,Product,Hilltop Dairy,3,"POLYGON ((5.513 0.2, 5.723 0.2, 5.723 0.4, 5.513 0.4, 5.513 0.2))",2,19100
FreshMart Banksia Grove,Dairy Wall - Fresh Milk,Dairy Wall,04,FreshMart Essentials Almond Milk 1L,Product,FreshMart Essentials,2,"POLYGON ((5.735 0.2, 5.875 0.2, 5.875 0.4, 5.735 0.4, 5.735 0.2))",2,16300
FreshMart Banksia Grove,Dairy Wall - Fresh Milk,Dairy Wall,04,FreshMart Essentials Flavoured Milk 600ml,Product,FreshMart Essentials,1,"POLYGON ((5.887 0.2, 5.967 0.2, 5.967 0.38, 5.887 0.38, 5.887 0.2))",2,6800
FreshMart Banksia Grove,Dairy Wall - Fresh Milk,Dairy Wall,04,Hilltop Dairy Lite Milk 2L,Product,Hilltop Dairy,2,"POLYGON ((5.979 0.2, 6.199 0.2, 6.199 0.46, 5.979 0.46, 5.979 0.2))",2,16000
FreshMart Banksia Grove,Dairy Wall - Fresh Milk,Dairy Wall,04,Meadow Vale Flavoured Milk 600ml,Product,Meadow Vale,1,"POLYGON ((6.211 0.2, 6.291 0.2, 6.291 0.38, 6.211 0.38, 6.211 0.2))",2,5600
FreshMart Banksia Grove,Dairy Wall - Fresh Milk,Dairy Wall,04,Shelf 1 - Bay 04,Shelf,,,"POLYGON ((4.8 0.56, 6.4 0.56, 6.4 0.6, 4.8 0.6, 4.8 0.56))",1,
FreshMart Banksia Grove,Dairy Wall - Fresh Milk,Dairy Wall,04,Meadow Vale Flavoured Milk 600ml,Product,Meadow Vale,3,"POLYGON ((4.835 0.6, 5.075 0.6, 5.075 0.78, 4.835 0.78, 4.835 0.6))",2,26400
FreshMart Banksia Grove,Dairy Wall - Fresh Milk,Dairy Wall,04,Hilltop Dairy Lite Milk 2L,Product,Hilltop Dairy,2,"POLYGON ((5.087 0.6, 5.307 0.6, 5.307 0.86, 5.087 0.86, 5.087 0.6))",2,10000
FreshMart Banksia Grove,Dairy Wall - Fresh Milk,Dairy Wall,04,FreshMart Essentials Oat Milk 1L,Product,FreshMart Essentials,3,"POLYGON ((5.319 0.6, 5.529 0.6, 5.529 0.8, 5.319 0.8, 5.319 0.6))",2,16900
FreshMart Banksia Grove,Dairy Wall - Fresh Milk,Dairy Wall,04,Meadow Vale Almond Milk 1L,Product,Meadow Vale,3,"POLYGON ((5.541 0.6, 5.751 0.6, 5.751 0.8, 5.541 0.8, 5.541 0.6))",2,15100
FreshMart Banksia Grove,Dairy Wall - Fresh Milk,Dairy Wall,04,Meadow Vale Full Cream Milk 2L,Product,Meadow Vale,2,"POLYGON ((5.763 0.6, 5.983 0.6, 5.983 0.86, 5.763 0.86, 5.763 0.6))",2,11000
FreshMart Banksia Grove,Dairy Wall - Fresh Milk,Dairy Wall,04,Hilltop Dairy Almond Milk 1L,Product,Hilltop Dairy,3,"POLYGON ((5.995 0.6, 6.205 0.6, 6.205 0.8, 5.995 0.8, 5.995 0.6))",2,23600
FreshMart Banksia Grove,Dairy Wall - Fresh Milk,Dairy Wall,04,FreshMart Essentials Flavoured Milk 600ml,Product,FreshMart Essentials,1,"POLYGON ((6.217 0.6, 6.297 0.6, 6.297 0.78, 6.217 0.78, 6.217 0.6))",2,6900
FreshMart Banksia Grove,Dairy Wall - Fresh Milk,Dairy Wall,04,Shelf 2 - Bay 04,Shelf,,,"POLYGON ((4.8 0.96, 6.4 0.96, 6.4 1, 4.8 1, 4.8 0.96))",1,
FreshMart Banksia Grove,Dairy Wall - Fresh Milk,Dairy Wall,04,Hilltop Dairy Almond Milk 1L,Product,Hilltop Dairy,3,"POLYGON ((4.835 1, 5.045 1, 5.045 1.2, 4.835 1.2, 4.835 1))",2,19100
FreshMart Banksia Grove,Dairy Wall - Fresh Milk,Dairy Wall,04,Meadow Vale Full Cream Milk 2L,Product,Meadow Vale,2,"POLYGON ((5.057 1, 5.277 1, 5.277 1.26, 5.057 1.26, 5.057 1))",2,13800
FreshMart Banksia Grove,Dairy Wall - Fresh Milk,Dairy Wall,04,FreshMart Essentials Lite Milk 2L,Product,FreshMart Essentials,2,"POLYGON ((5.289 1, 5.509 1, 5.509 1.26, 5.289 1.26, 5.289 1))",2,12700
FreshMart Banksia Grove,Dairy Wall - Fresh Milk,Dairy Wall,04,Hilltop Dairy Flavoured Milk 600ml,Product,Hilltop Dairy,2,"POLYGON ((5.521 1, 5.681 1, 5.681 1.18, 5.521 1.18, 5.521 1))",2,9600
FreshMart Banksia Grove,Dairy Wall - Fresh Milk,Dairy Wall,04,Meadow Vale Almond Milk 1L,Product,Meadow Vale,2,"POLYGON ((5.693 1, 5.833 1, 5.833 1.2, 5.693 1.2, 5.693 1))",2,10600
FreshMart Banksia Grove,Dairy Wall - Fresh Milk,Dairy Wall,04,Hilltop Dairy Flavoured Milk 600ml,Product,Hilltop Dairy,1,"POLYGON ((5.845 1, 5.925 1, 5.925 1.18, 5.845 1.18, 5.845 1))",2,7300
FreshMart Banksia Grove,Dairy Wall - Fresh Milk,Dairy Wall,04,Hilltop Dairy Flavoured Milk 600ml,Product,Hilltop Dairy,1,"POLYGON ((5.937 1, 6.017 1, 6.017 1.18, 5.937 1.18, 5.937 1))",2,6300
FreshMart Banksia Grove,Dairy Wall - Fresh Milk,Dairy Wall,04,Hilltop Dairy Almond Milk 1L,Product,Hilltop Dairy,2,"POLYGON ((6.029 1, 6.169 1, 6.169 1.2, 6.029 1.2, 6.029 1))",2,13000
FreshMart Banksia Grove,Dairy Wall - Fresh Milk,Dairy Wall,04,Hilltop Dairy Full Cream Milk 1L,Product,Hilltop Dairy,1,"POLYGON ((6.181 1, 6.271 1, 6.271 1.21, 6.181 1.21, 6.181 1))",2,5500
FreshMart Banksia Grove,Dairy Wall - Fresh Milk,Dairy Wall,04,Meadow Vale Almond Milk 1L,Product,Meadow Vale,1,"POLYGON ((6.283 1, 6.353 1, 6.353 1.2, 6.283 1.2, 6.283 1))",2,7700
FreshMart Banksia Grove,Dairy Wall - Fresh Milk,Dairy Wall,04,Shelf 3 - Bay 04,Shelf,,,"POLYGON ((4.8 1.36, 6.4 1.36, 6.4 1.4, 4.8 1.4, 4.8 1.36))",1,
FreshMart Banksia Grove,Dairy Wall - Fresh Milk,Dairy Wall,04,Hilltop Dairy Oat Milk 1L,Product,Hilltop Dairy,2,"POLYGON ((4.835 1.4, 4.975 1.4, 4.975 1.6, 4.835 1.6, 4.835 1.4))",2,11300
FreshMart Banksia Grove,Dairy Wall - Fresh Milk,Dairy Wall,04,Hilltop Dairy Lite Milk 2L,Product,Hilltop Dairy,3,"POLYGON ((4.987 1.4, 5.317 1.4, 5.317 1.66, 4.987 1.66, 4.987 1.4))",2,14900
FreshMart Banksia Grove,Dairy Wall - Fresh Milk,Dairy Wall,04,Hilltop Dairy Full Cream Milk 1L,Product,Hilltop Dairy,1,"POLYGON ((5.329 1.4, 5.419 1.4, 5.419 1.61, 5.329 1.61, 5.329 1.4))",2,8100
FreshMart Banksia Grove,Dairy Wall - Fresh Milk,Dairy Wall,04,Meadow Vale Almond Milk 1L,Product,Meadow Vale,2,"POLYGON ((5.431 1.4, 5.571 1.4, 5.571 1.6, 5.431 1.6, 5.431 1.4))",2,17000
FreshMart Banksia Grove,Dairy Wall - Fresh Milk,Dairy Wall,04,FreshMart Essentials Almond Milk 1L,Product,FreshMart Essentials,1,"POLYGON ((5.583 1.4, 5.653 1.4, 5.653 1.6, 5.583 1.6, 5.583 1.4))",2,6600
FreshMart Banksia Grove,Dairy Wall - Fresh Milk,Dairy Wall,04,Hilltop Dairy Oat Milk 1L,Product,Hilltop Dairy,3,"POLYGON ((5.665 1.4, 5.875 1.4, 5.875 1.6, 5.665 1.6, 5.665 1.4))",2,14200
FreshMart Banksia Grove,Dairy Wall - Fresh Milk,Dairy Wall,04,Meadow Vale Full Cream Milk 1L,Product,Meadow Vale,2,"POLYGON ((5.887 1.4, 6.067 1.4, 6.067 1.61, 5.887 1.61, 5.887 1.4))",2,15900
FreshMart Banksia Grove,Dairy Wall - Fresh Milk,Dairy Wall,04,Hilltop Dairy Flavoured Milk 600ml,Product,Hilltop Dairy,3,"POLYGON ((6.079 1.4, 6.319 1.4, 6.319 1.58, 6.079 1.58, 6.079 1.4))",2,15600
FreshMart Banksia Grove,Dairy Wall - Yoghurt,Dairy Wall,05,Bay Frame 05,Rack,,,"POLYGON ((0 0, 1.6 0, 1.6 2.2, 0 2.2, 0 0))",0,
FreshMart Banksia Grove,Dairy Wall - Yoghurt,Dairy Wall,06,Bay Frame 06,Rack,,,"POLYGON ((1.6 0, 3.2 0, 3.2 2.2, 1.6 2.2, 1.6 0))",0,
FreshMart Banksia Grove,Dairy Wall - Yoghurt,Dairy Wall,07,Bay Frame 07,Rack,,,"POLYGON ((3.2 0, 4.8 0, 4.8 2.2, 3.2 2.2, 3.2 0))",0,
FreshMart Banksia Grove,Dairy Wall - Yoghurt,Dairy Wall,08,Bay Frame 08,Rack,,,"POLYGON ((4.8 0, 6.4 0, 6.4 2.2, 4.8 2.2, 4.8 0))",0,
FreshMart Banksia Grove,Dairy Wall - Yoghurt,Dairy Wall,,Upright 1,Rack,,,"POLYGON ((0 0, 0.025 0, 0.025 2.2, 0 2.2, 0 0))",0,
FreshMart Banksia Grove,Dairy Wall - Yoghurt,Dairy Wall,,Upright 2,Rack,,,"POLYGON ((1.575 0, 1.625 0, 1.625 2.2, 1.575 2.2, 1.575 0))",0,
FreshMart Banksia Grove,Dairy Wall - Yoghurt,Dairy Wall,,Upright 3,Rack,,,"POLYGON ((3.175 0, 3.225 0, 3.225 2.2, 3.175 2.2, 3.175 0))",0,
FreshMart Banksia Grove,Dairy Wall - Yoghurt,Dairy Wall,,Upright 4,Rack,,,"POLYGON ((4.775 0, 4.825 0, 4.825 2.2, 4.775 2.2, 4.775 0))",0,
FreshMart Banksia Grove,Dairy Wall - Yoghurt,Dairy Wall,,Upright 5,Rack,,,"POLYGON ((6.375 0, 6.4 0, 6.4 2.2, 6.375 2.2, 6.375 0))",0,
FreshMart Banksia Grove,Dairy Wall - Yoghurt,Dairy Wall,05,Air Grille 05,Air Grille,,,"POLYGON ((0 1.84, 1.6 1.84, 1.6 2.2, 0 2.2, 0 1.84))",1,
FreshMart Banksia Grove,Dairy Wall - Yoghurt,Dairy Wall,05,Base Deck - Bay 05,Base Deck,,,"POLYGON ((0 0, 1.6 0, 1.6 0.2, 0 0.2, 0 0))",1,
FreshMart Banksia Grove,Dairy Wall - Yoghurt,Dairy Wall,05,Greek Grove Vanilla Yoghurt 1kg,Product,Greek Grove,1,"POLYGON ((0.035 0.2, 0.165 0.2, 0.165 0.33, 0.035 0.33, 0.035 0.2))",2,3400
FreshMart Banksia Grove,Dairy Wall - Yoghurt,Dairy Wall,05,Greek Grove Greek Yoghurt 1kg,Product,Greek Grove,3,"POLYGON ((0.177 0.2, 0.567 0.2, 0.567 0.33, 0.177 0.33, 0.177 0.2))",2,16700
FreshMart Banksia Grove,Dairy Wall - Yoghurt,Dairy Wall,05,FreshMart Essentials Kids Pouches 4pk,Product,FreshMart Essentials,3,"POLYGON ((0.579 0.2, 1.059 0.2, 1.059 0.32, 0.579 0.32, 0.579 0.2))",2,9300
FreshMart Banksia Grove,Dairy Wall - Yoghurt,Dairy Wall,05,FreshMart Essentials Natural Pot 500g,Product,FreshMart Essentials,2,"POLYGON ((1.071 0.2, 1.291 0.2, 1.291 0.3, 1.071 0.3, 1.071 0.2))",2,8300
FreshMart Banksia Grove,Dairy Wall - Yoghurt,Dairy Wall,05,Meadow Vale Natural Pot 500g,Product,Meadow Vale,2,"POLYGON ((1.303 0.2, 1.523 0.2, 1.523 0.3, 1.303 0.3, 1.303 0.2))",2,6200
FreshMart Banksia Grove,Dairy Wall - Yoghurt,Dairy Wall,05,Shelf 1 - Bay 05,Shelf,,,"POLYGON ((0 0.56, 1.6 0.56, 1.6 0.6, 0 0.6, 0 0.56))",1,
FreshMart Banksia Grove,Dairy Wall - Yoghurt,Dairy Wall,05,Greek Grove Greek Yoghurt 1kg,Product,Greek Grove,2,"POLYGON ((0.035 0.6, 0.295 0.6, 0.295 0.73, 0.035 0.73, 0.035 0.6))",2,8800
FreshMart Banksia Grove,Dairy Wall - Yoghurt,Dairy Wall,05,Greek Grove Vanilla Yoghurt 1kg,Product,Greek Grove,3,"POLYGON ((0.307 0.6, 0.697 0.6, 0.697 0.73, 0.307 0.73, 0.307 0.6))",2,10700
FreshMart Banksia Grove,Dairy Wall - Yoghurt,Dairy Wall,05,Meadow Vale Berry Tubs 6pk,Product,Meadow Vale,3,"POLYGON ((0.709 0.6, 1.339 0.6, 1.339 0.69, 0.709 0.69, 0.709 0.6))",2,11200
FreshMart Banksia Grove,Dairy Wall - Yoghurt,Dairy Wall,05,FreshMart Essentials Protein Pot 160g,Product,FreshMart Essentials,3,"POLYGON ((1.351 0.6, 1.561 0.6, 1.561 0.68, 1.351 0.68, 1.351 0.6))",2,9200
FreshMart Banksia Grove,Dairy Wall - Yoghurt,Dairy Wall,05,Shelf 2 - Bay 05,Shelf,,,"POLYGON ((0 0.96, 1.6 0.96, 1.6 1, 0 1, 0 0.96))",1,
FreshMart Banksia Grove,Dairy Wall - Yoghurt,Dairy Wall,05,FreshMart Essentials Natural Pot 500g,Product,FreshMart Essentials,1,"POLYGON ((0.035 1, 0.145 1, 0.145 1.1, 0.035 1.1, 0.035 1))",2,3400
FreshMart Banksia Grove,Dairy Wall - Yoghurt,Dairy Wall,05,FreshMart Essentials Vanilla Yoghurt 1kg,Product,FreshMart Essentials,1,"POLYGON ((0.157 1, 0.287 1, 0.287 1.13, 0.157 1.13, 0.157 1))",2,3000
FreshMart Banksia Grove,Dairy Wall - Yoghurt,Dairy Wall,05,FreshMart Essentials Protein Pot 160g,Product,FreshMart Essentials,1,"POLYGON ((0.299 1, 0.369 1, 0.369 1.08, 0.299 1.08, 0.299 1))",2,3400
FreshMart Banksia Grove,Dairy Wall - Yoghurt,Dairy Wall,05,Meadow Vale Protein Pot 160g,Product,Meadow Vale,1,"POLYGON ((0.381 1, 0.451 1, 0.451 1.08, 0.381 1.08, 0.381 1))",2,4000
FreshMart Banksia Grove,Dairy Wall - Yoghurt,Dairy Wall,05,Greek Grove Greek Yoghurt 1kg,Product,Greek Grove,1,"POLYGON ((0.463 1, 0.593 1, 0.593 1.13, 0.463 1.13, 0.463 1))",2,4800
FreshMart Banksia Grove,Dairy Wall - Yoghurt,Dairy Wall,05,Greek Grove Greek Yoghurt 1kg,Product,Greek Grove,3,"POLYGON ((0.605 1, 0.995 1, 0.995 1.13, 0.605 1.13, 0.605 1))",2,9300
FreshMart Banksia Grove,Dairy Wall - Yoghurt,Dairy Wall,05,Greek Grove Kids Pouches 4pk,Product,Greek Grove,2,"POLYGON ((1.007 1, 1.327 1, 1.327 1.12, 1.007 1.12, 1.007 1))",2,7400
FreshMart Banksia Grove,Dairy Wall - Yoghurt,Dairy Wall,05,FreshMart Essentials Protein Pot 160g,Product,FreshMart Essentials,1,"POLYGON ((1.339 1, 1.409 1, 1.409 1.08, 1.339 1.08, 1.339 1))",2,3600
FreshMart Banksia Grove,Dairy Wall - Yoghurt,Dairy Wall,05,FreshMart Essentials Natural Pot 500g,Product,FreshMart Essentials,1,"POLYGON ((1.421 1, 1.531 1, 1.531 1.1, 1.421 1.1, 1.421 1))",2,4000
FreshMart Banksia Grove,Dairy Wall - Yoghurt,Dairy Wall,05,Shelf 3 - Bay 05,Shelf,,,"POLYGON ((0 1.36, 1.6 1.36, 1.6 1.4, 0 1.4, 0 1.36))",1,
FreshMart Banksia Grove,Dairy Wall - Yoghurt,Dairy Wall,05,Greek Grove Natural Pot 500g,Product,Greek Grove,2,"POLYGON ((0.035 1.4, 0.255 1.4, 0.255 1.5, 0.035 1.5, 0.035 1.4))",2,10200
FreshMart Banksia Grove,Dairy Wall - Yoghurt,Dairy Wall,05,Greek Grove Greek Yoghurt 1kg,Product,Greek Grove,2,"POLYGON ((0.267 1.4, 0.527 1.4, 0.527 1.53, 0.267 1.53, 0.267 1.4))",2,7000
FreshMart Banksia Grove,Dairy Wall - Yoghurt,Dairy Wall,05,FreshMart Essentials Protein Pot 160g,Product,FreshMart Essentials,3,"POLYGON ((0.539 1.4, 0.749 1.4, 0.749 1.48, 0.539 1.48, 0.539 1.4))",2,15200
FreshMart Banksia Grove,Dairy Wall - Yoghurt,Dairy Wall,05,Meadow Vale Greek Yoghurt 1kg,Product,Meadow Vale,2,"POLYGON ((0.761 1.4, 1.021 1.4, 1.021 1.53, 0.761 1.53, 0.761 1.4))",2,9800
FreshMart Banksia Grove,Dairy Wall - Yoghurt,Dairy Wall,05,Meadow Vale Natural Pot 500g,Product,Meadow Vale,1,"POLYGON ((1.033 1.4, 1.143 1.4, 1.143 1.5, 1.033 1.5, 1.033 1.4))",2,4700
FreshMart Banksia Grove,Dairy Wall - Yoghurt,Dairy Wall,05,FreshMart Essentials Greek Yoghurt 1kg,Product,FreshMart Essentials,2,"POLYGON ((1.155 1.4, 1.415 1.4, 1.415 1.53, 1.155 1.53, 1.155 1.4))",2,10300
FreshMart Banksia Grove,Dairy Wall - Yoghurt,Dairy Wall,05,Meadow Vale Natural Pot 500g,Product,Meadow Vale,1,"POLYGON ((1.427 1.4, 1.537 1.4, 1.537 1.5, 1.427 1.5, 1.427 1.4))",2,3000
FreshMart Banksia Grove,Dairy Wall - Yoghurt,Dairy Wall,06,Air Grille 06,Air Grille,,,"POLYGON ((1.6 1.84, 3.2 1.84, 3.2 2.2, 1.6 2.2, 1.6 1.84))",1,
FreshMart Banksia Grove,Dairy Wall - Yoghurt,Dairy Wall,06,Base Deck - Bay 06,Base Deck,,,"POLYGON ((1.6 0, 3.2 0, 3.2 0.2, 1.6 0.2, 1.6 0))",1,
FreshMart Banksia Grove,Dairy Wall - Yoghurt,Dairy Wall,06,Meadow Vale Greek Yoghurt 1kg,Product,Meadow Vale,2,"POLYGON ((1.635 0.2, 1.895 0.2, 1.895 0.33, 1.635 0.33, 1.635 0.2))",2,7400
FreshMart Banksia Grove,Dairy Wall - Yoghurt,Dairy Wall,06,Greek Grove Greek Yoghurt 1kg,Product,Greek Grove,3,"POLYGON ((1.907 0.2, 2.297 0.2, 2.297 0.33, 1.907 0.33, 1.907 0.2))",2,9100
FreshMart Banksia Grove,Dairy Wall - Yoghurt,Dairy Wall,06,Greek Grove Kids Pouches 4pk,Product,Greek Grove,2,"POLYGON ((2.309 0.2, 2.629 0.2, 2.629 0.32, 2.309 0.32, 2.309 0.2))",2,7300
FreshMart Banksia Grove,Dairy Wall - Yoghurt,Dairy Wall,06,Meadow Vale Greek Yoghurt 1kg,Product,Meadow Vale,1,"POLYGON ((2.641 0.2, 2.771 0.2, 2.771 0.33, 2.641 0.33, 2.641 0.2))",2,2900
FreshMart Banksia Grove,Dairy Wall - Yoghurt,Dairy Wall,06,Greek Grove Protein Pot 160g,Product,Greek Grove,2,"POLYGON ((2.783 0.2, 2.923 0.2, 2.923 0.28, 2.783 0.28, 2.783 0.2))",2,10100
FreshMart Banksia Grove,Dairy Wall - Yoghurt,Dairy Wall,06,Greek Grove Kids Pouches 4pk,Product,Greek Grove,1,"POLYGON ((2.935 0.2, 3.095 0.2, 3.095 0.32, 2.935 0.32, 2.935 0.2))",2,5000
FreshMart Banksia Grove,Dairy Wall - Yoghurt,Dairy Wall,06,Shelf 1 - Bay 06,Shelf,,,"POLYGON ((1.6 0.56, 3.2 0.56, 3.2 0.6, 1.6 0.6, 1.6 0.56))",1,
FreshMart Banksia Grove,Dairy Wall - Yoghurt,Dairy Wall,06,FreshMart Essentials Natural Pot 500g,Product,FreshMart Essentials,1,"POLYGON ((1.635 0.6, 1.745 0.6, 1.745 0.7, 1.635 0.7, 1.635 0.6))",2,4500
FreshMart Banksia Grove,Dairy Wall - Yoghurt,Dairy Wall,06,FreshMart Essentials Vanilla Yoghurt 1kg,Product,FreshMart Essentials,1,"POLYGON ((1.757 0.6, 1.887 0.6, 1.887 0.73, 1.757 0.73, 1.757 0.6))",2,5000
FreshMart Banksia Grove,Dairy Wall - Yoghurt,Dairy Wall,06,FreshMart Essentials Vanilla Yoghurt 1kg,Product,FreshMart Essentials,3,"POLYGON ((1.899 0.6, 2.289 0.6, 2.289 0.73, 1.899 0.73, 1.899 0.6))",2,8400
FreshMart Banksia Grove,Dairy Wall - Yoghurt,Dairy Wall,06,Greek Grove Protein Pot 160g,Product,Greek Grove,1,"POLYGON ((2.301 0.6, 2.371 0.6, 2.371 0.68, 2.301 0.68, 2.301 0.6))",2,3200
FreshMart Banksia Grove,Dairy Wall - Yoghurt,Dairy Wall,06,Meadow Vale Kids Pouches 4pk,Product,Meadow Vale,3,"POLYGON ((2.383 0.6, 2.863 0.6, 2.863 0.72, 2.383 0.72, 2.383 0.6))",2,9900
FreshMart Banksia Grove,Dairy Wall - Yoghurt,Dairy Wall,06,FreshMart Essentials Berry Tubs 6pk,Product,FreshMart Essentials,1,"POLYGON ((2.875 0.6, 3.085 0.6, 3.085 0.69, 2.875 0.69, 2.875 0.6))",2,3200
FreshMart Banksia Grove,Dairy Wall - Yoghurt,Dairy Wall,06,Shelf 2 - Bay 06,Shelf,,,"POLYGON ((1.6 0.96, 3.2 0.96, 3.2 1, 1.6 1, 1.6 0.96))",1,
FreshMart Banksia Grove,Dairy Wall - Yoghurt,Dairy Wall,06,Meadow Vale Greek Yoghurt 1kg,Product,Meadow Vale,1,"POLYGON ((1.635 1, 1.765 1, 1.765 1.13, 1.635 1.13, 1.635 1))",2,4500
FreshMart Banksia Grove,Dairy Wall - Yoghurt,Dairy Wall,06,FreshMart Essentials Kids Pouches 4pk,Product,FreshMart Essentials,1,"POLYGON ((1.777 1, 1.937 1, 1.937 1.12, 1.777 1.12, 1.777 1))",2,4000
FreshMart Banksia Grove,Dairy Wall - Yoghurt,Dairy Wall,06,FreshMart Essentials Kids Pouches 4pk,Product,FreshMart Essentials,2,"POLYGON ((1.949 1, 2.269 1, 2.269 1.12, 1.949 1.12, 1.949 1))",2,6300
FreshMart Banksia Grove,Dairy Wall - Yoghurt,Dairy Wall,06,FreshMart Essentials Vanilla Yoghurt 1kg,Product,FreshMart Essentials,1,"POLYGON ((2.281 1, 2.411 1, 2.411 1.13, 2.281 1.13, 2.281 1))",2,4800
FreshMart Banksia Grove,Dairy Wall - Yoghurt,Dairy Wall,06,Greek Grove Natural Pot 500g,Product,Greek Grove,2,"POLYGON ((2.423 1, 2.643 1, 2.643 1.1, 2.423 1.1, 2.423 1))",2,9200
FreshMart Banksia Grove,Dairy Wall - Yoghurt,Dairy Wall,06,FreshMart Essentials Protein Pot 160g,Product,FreshMart Essentials,3,"POLYGON ((2.655 1, 2.865 1, 2.865 1.08, 2.655 1.08, 2.655 1))",2,12100
FreshMart Banksia Grove,Dairy Wall - Yoghurt,Dairy Wall,06,FreshMart Essentials Vanilla Yoghurt 1kg,Product,FreshMart Essentials,2,"POLYGON ((2.877 1, 3.137 1, 3.137 1.13, 2.877 1.13, 2.877 1))",2,10900
FreshMart Banksia Grove,Dairy Wall - Yoghurt,Dairy Wall,06,Shelf 3 - Bay 06,Shelf,,,"POLYGON ((1.6 1.36, 3.2 1.36, 3.2 1.4, 1.6 1.4, 1.6 1.36))",1,
FreshMart Banksia Grove,Dairy Wall - Yoghurt,Dairy Wall,06,FreshMart Essentials Vanilla Yoghurt 1kg,Product,FreshMart Essentials,2,"POLYGON ((1.635 1.4, 1.895 1.4, 1.895 1.53, 1.635 1.53, 1.635 1.4))",2,10400
FreshMart Banksia Grove,Dairy Wall - Yoghurt,Dairy Wall,06,Greek Grove Protein Pot 160g,Product,Greek Grove,1,"POLYGON ((1.907 1.4, 1.977 1.4, 1.977 1.48, 1.907 1.48, 1.907 1.4))",2,5400
FreshMart Banksia Grove,Dairy Wall - Yoghurt,Dairy Wall,06,FreshMart Essentials Kids Pouches 4pk,Product,FreshMart Essentials,2,"POLYGON ((1.989 1.4, 2.309 1.4, 2.309 1.52, 1.989 1.52, 1.989 1.4))",2,6700
FreshMart Banksia Grove,Dairy Wall - Yoghurt,Dairy Wall,06,Greek Grove Protein Pot 160g,Product,Greek Grove,3,"POLYGON ((2.321 1.4, 2.531 1.4, 2.531 1.48, 2.321 1.48, 2.321 1.4))",2,16500
FreshMart Banksia Grove,Dairy Wall - Yoghurt,Dairy Wall,06,Meadow Vale Natural Pot 500g,Product,Meadow Vale,3,"POLYGON ((2.543 1.4, 2.873 1.4, 2.873 1.5, 2.543 1.5, 2.543 1.4))",2,13700
FreshMart Banksia Grove,Dairy Wall - Yoghurt,Dairy Wall,06,FreshMart Essentials Berry Tubs 6pk,Product,FreshMart Essentials,1,"POLYGON ((2.885 1.4, 3.095 1.4, 3.095 1.49, 2.885 1.49, 2.885 1.4))",2,4900
FreshMart Banksia Grove,Dairy Wall - Yoghurt,Dairy Wall,07,Air Grille 07,Air Grille,,,"POLYGON ((3.2 1.84, 4.8 1.84, 4.8 2.2, 3.2 2.2, 3.2 1.84))",1,
FreshMart Banksia Grove,Dairy Wall - Yoghurt,Dairy Wall,07,Base Deck - Bay 07,Base Deck,,,"POLYGON ((3.2 0, 4.8 0, 4.8 0.2, 3.2 0.2, 3.2 0))",1,
FreshMart Banksia Grove,Dairy Wall - Yoghurt,Dairy Wall,07,FreshMart Essentials Natural Pot 500g,Product,FreshMart Essentials,2,"POLYGON ((3.235 0.2, 3.455 0.2, 3.455 0.3, 3.235 0.3, 3.235 0.2))",2,9500
FreshMart Banksia Grove,Dairy Wall - Yoghurt,Dairy Wall,07,Meadow Vale Kids Pouches 4pk,Product,Meadow Vale,3,"POLYGON ((3.467 0.2, 3.947 0.2, 3.947 0.32, 3.467 0.32, 3.467 0.2))",2,10300
FreshMart Banksia Grove,Dairy Wall - Yoghurt,Dairy Wall,07,FreshMart Essentials Vanilla Yoghurt 1kg,Product,FreshMart Essentials,1,"POLYGON ((3.959 0.2, 4.089 0.2, 4.089 0.33, 3.959 0.33, 3.959 0.2))",2,3800
FreshMart Banksia Grove,Dairy Wall - Yoghurt,Dairy Wall,07,Meadow Vale Vanilla Yoghurt 1kg,Product,Meadow Vale,3,"POLYGON ((4.101 0.2, 4.491 0.2, 4.491 0.33, 4.101 0.33, 4.101 0.2))",2,14900
FreshMart Banksia Grove,Dairy Wall - Yoghurt,Dairy Wall,07,Greek Grove Kids Pouches 4pk,Product,Greek Grove,1,"POLYGON ((4.503 0.2, 4.663 0.2, 4.663 0.32, 4.503 0.32, 4.503 0.2))",2,5500
FreshMart Banksia Grove,Dairy Wall - Yoghurt,Dairy Wall,07,FreshMart Essentials Protein Pot 160g,Product,FreshMart Essentials,1,"POLYGON ((4.675 0.2, 4.745 0.2, 4.745 0.28, 4.675 0.28, 4.675 0.2))",2,3600
FreshMart Banksia Grove,Dairy Wall - Yoghurt,Dairy Wall,07,Shelf 1 - Bay 07,Shelf,,,"POLYGON ((3.2 0.56, 4.8 0.56, 4.8 0.6, 3.2 0.6, 3.2 0.56))",1,
FreshMart Banksia Grove,Dairy Wall - Yoghurt,Dairy Wall,07,Greek Grove Greek Yoghurt 1kg,Product,Greek Grove,2,"POLYGON ((3.235 0.6, 3.495 0.6, 3.495 0.73, 3.235 0.73, 3.235 0.6))",2,10900
FreshMart Banksia Grove,Dairy Wall - Yoghurt,Dairy Wall,07,FreshMart Essentials Protein Pot 160g,Product,FreshMart Essentials,2,"POLYGON ((3.507 0.6, 3.647 0.6, 3.647 0.68, 3.507 0.68, 3.507 0.6))",2,8100
FreshMart Banksia Grove,Dairy Wall - Yoghurt,Dairy Wall,07,FreshMart Essentials Vanilla Yoghurt 1kg,Product,FreshMart Essentials,3,"POLYGON ((3.659 0.6, 4.049 0.6, 4.049 0.73, 3.659 0.73, 3.659 0.6))",2,12000
FreshMart Banksia Grove,Dairy Wall - Yoghurt,Dairy Wall,07,Meadow Vale Protein Pot 160g,Product,Meadow Vale,3,"POLYGON ((4.061 0.6, 4.271 0.6, 4.271 0.68, 4.061 0.68, 4.061 0.6))",2,8400
FreshMart Banksia Grove,Dairy Wall - Yoghurt,Dairy Wall,07,Greek Grove Protein Pot 160g,Product,Greek Grove,3,"POLYGON ((4.283 0.6, 4.493 0.6, 4.493 0.68, 4.283 0.68, 4.283 0.6))",2,12600
FreshMart Banksia Grove,Dairy Wall - Yoghurt,Dairy Wall,07,Greek Grove Greek Yoghurt 1kg,Product,Greek Grove,1,"POLYGON ((4.505 0.6, 4.635 0.6, 4.635 0.73, 4.505 0.73, 4.505 0.6))",2,5400
FreshMart Banksia Grove,Dairy Wall - Yoghurt,Dairy Wall,07,Greek Grove Protein Pot 160g,Product,Greek Grove,1,"POLYGON ((4.647 0.6, 4.717 0.6, 4.717 0.68, 4.647 0.68, 4.647 0.6))",2,3600
FreshMart Banksia Grove,Dairy Wall - Yoghurt,Dairy Wall,07,Shelf 2 - Bay 07,Shelf,,,"POLYGON ((3.2 0.96, 4.8 0.96, 4.8 1, 3.2 1, 3.2 0.96))",1,
FreshMart Banksia Grove,Dairy Wall - Yoghurt,Dairy Wall,07,FreshMart Essentials Greek Yoghurt 1kg,Product,FreshMart Essentials,3,"POLYGON ((3.235 1, 3.625 1, 3.625 1.13, 3.235 1.13, 3.235 1))",2,9100
FreshMart Banksia Grove,Dairy Wall - Yoghurt,Dairy Wall,07,FreshMart Essentials Protein Pot 160g,Product,FreshMart Essentials,2,"POLYGON ((3.637 1, 3.777 1, 3.777 1.08, 3.637 1.08, 3.637 1))",2,8700
FreshMart Banksia Grove,Dairy Wall - Yoghurt,Dairy Wall,07,FreshMart Essentials Greek Yoghurt 1kg,Product,FreshMart Essentials,3,"POLYGON ((3.789 1, 4.179 1, 4.179 1.13, 3.789 1.13, 3.789 1))",2,14500
FreshMart Banksia Grove,Dairy Wall - Yoghurt,Dairy Wall,07,FreshMart Essentials Kids Pouches 4pk,Product,FreshMart Essentials,1,"POLYGON ((4.191 1, 4.351 1, 4.351 1.12, 4.191 1.12, 4.191 1))",2,4900
FreshMart Banksia Grove,Dairy Wall - Yoghurt,Dairy Wall,07,FreshMart Essentials Berry Tubs 6pk,Product,FreshMart Essentials,1,"POLYGON ((4.363 1, 4.573 1, 4.573 1.09, 4.363 1.09, 4.363 1))",2,4700
FreshMart Banksia Grove,Dairy Wall - Yoghurt,Dairy Wall,07,Greek Grove Protein Pot 160g,Product,Greek Grove,1,"POLYGON ((4.585 1, 4.655 1, 4.655 1.08, 4.585 1.08, 4.585 1))",2,3700
FreshMart Banksia Grove,Dairy Wall - Yoghurt,Dairy Wall,07,FreshMart Essentials Protein Pot 160g,Product,FreshMart Essentials,1,"POLYGON ((4.667 1, 4.737 1, 4.737 1.08, 4.667 1.08, 4.667 1))",2,4000
FreshMart Banksia Grove,Dairy Wall - Yoghurt,Dairy Wall,07,Shelf 3 - Bay 07,Shelf,,,"POLYGON ((3.2 1.36, 4.8 1.36, 4.8 1.4, 3.2 1.4, 3.2 1.36))",1,
FreshMart Banksia Grove,Dairy Wall - Yoghurt,Dairy Wall,07,FreshMart Essentials Kids Pouches 4pk,Product,FreshMart Essentials,2,"POLYGON ((3.235 1.4, 3.555 1.4, 3.555 1.52, 3.235 1.52, 3.235 1.4))",2,7900
FreshMart Banksia Grove,Dairy Wall - Yoghurt,Dairy Wall,07,Meadow Vale Natural Pot 500g,Product,Meadow Vale,2,"POLYGON ((3.567 1.4, 3.787 1.4, 3.787 1.5, 3.567 1.5, 3.567 1.4))",2,5700
FreshMart Banksia Grove,Dairy Wall - Yoghurt,Dairy Wall,07,Meadow Vale Berry Tubs 6pk,Product,Meadow Vale,2,"POLYGON ((3.799 1.4, 4.219 1.4, 4.219 1.49, 3.799 1.49, 3.799 1.4))",2,10300
FreshMart Banksia Grove,Dairy Wall - Yoghurt,Dairy Wall,07,FreshMart Essentials Berry Tubs 6pk,Product,FreshMart Essentials,1,"POLYGON ((4.231 1.4, 4.441 1.4, 4.441 1.49, 4.231 1.49, 4.231 1.4))",2,4100
FreshMart Banksia Grove,Dairy Wall - Yoghurt,Dairy Wall,07,FreshMart Essentials Greek Yoghurt 1kg,Product,FreshMart Essentials,2,"POLYGON ((4.453 1.4, 4.713 1.4, 4.713 1.53, 4.453 1.53, 4.453 1.4))",2,9800
FreshMart Banksia Grove,Dairy Wall - Yoghurt,Dairy Wall,08,Air Grille 08,Air Grille,,,"POLYGON ((4.8 1.84, 6.4 1.84, 6.4 2.2, 4.8 2.2, 4.8 1.84))",1,
FreshMart Banksia Grove,Dairy Wall - Yoghurt,Dairy Wall,08,Base Deck - Bay 08,Base Deck,,,"POLYGON ((4.8 0, 6.4 0, 6.4 0.2, 4.8 0.2, 4.8 0))",1,
FreshMart Banksia Grove,Dairy Wall - Yoghurt,Dairy Wall,08,Meadow Vale Protein Pot 160g,Product,Meadow Vale,1,"POLYGON ((4.835 0.2, 4.905 0.2, 4.905 0.28, 4.835 0.28, 4.835 0.2))",2,4000
FreshMart Banksia Grove,Dairy Wall - Yoghurt,Dairy Wall,08,FreshMart Essentials Vanilla Yoghurt 1kg,Product,FreshMart Essentials,1,"POLYGON ((4.917 0.2, 5.047 0.2, 5.047 0.33, 4.917 0.33, 4.917 0.2))",2,4200
FreshMart Banksia Grove,Dairy Wall - Yoghurt,Dairy Wall,08,Meadow Vale Vanilla Yoghurt 1kg,Product,Meadow Vale,2,"POLYGON ((5.059 0.2, 5.319 0.2, 5.319 0.33, 5.059 0.33, 5.059 0.2))",2,10900
FreshMart Banksia Grove,Dairy Wall - Yoghurt,Dairy Wall,08,FreshMart Essentials Kids Pouches 4pk,Product,FreshMart Essentials,2,"POLYGON ((5.331 0.2, 5.651 0.2, 5.651 0.32, 5.331 0.32, 5.331 0.2))",2,6000
FreshMart Banksia Grove,Dairy Wall - Yoghurt,Dairy Wall,08,Greek Grove Berry Tubs 6pk,Product,Greek Grove,3,"POLYGON ((5.663 0.2, 6.293 0.2, 6.293 0.29, 5.663 0.29, 5.663 0.2))",2,15500
FreshMart Banksia Grove,Dairy Wall - Yoghurt,Dairy Wall,08,Shelf 1 - Bay 08,Shelf,,,"POLYGON ((4.8 0.56, 6.4 0.56, 6.4 0.6, 4.8 0.6, 4.8 0.56))",1,
FreshMart Banksia Grove,Dairy Wall - Yoghurt,Dairy Wall,08,Meadow Vale Protein Pot 160g,Product,Meadow Vale,1,"POLYGON ((4.835 0.6, 4.905 0.6, 4.905 0.68, 4.835 0.68, 4.835 0.6))",2,5500
FreshMart Banksia Grove,Dairy Wall - Yoghurt,Dairy Wall,08,FreshMart Essentials Protein Pot 160g,Product,FreshMart Essentials,1,"POLYGON ((4.917 0.6, 4.987 0.6, 4.987 0.68, 4.917 0.68, 4.917 0.6))",2,5100
FreshMart Banksia Grove,Dairy Wall - Yoghurt,Dairy Wall,08,FreshMart Essentials Kids Pouches 4pk,Product,FreshMart Essentials,3,"POLYGON ((4.999 0.6, 5.479 0.6, 5.479 0.72, 4.999 0.72, 4.999 0.6))",2,10300
FreshMart Banksia Grove,Dairy Wall - Yoghurt,Dairy Wall,08,FreshMart Essentials Greek Yoghurt 1kg,Product,FreshMart Essentials,3,"POLYGON ((5.491 0.6, 5.881 0.6, 5.881 0.73, 5.491 0.73, 5.491 0.6))",2,11200
FreshMart Banksia Grove,Dairy Wall - Yoghurt,Dairy Wall,08,Greek Grove Protein Pot 160g,Product,Greek Grove,1,"POLYGON ((5.893 0.6, 5.963 0.6, 5.963 0.68, 5.893 0.68, 5.893 0.6))",2,4400
FreshMart Banksia Grove,Dairy Wall - Yoghurt,Dairy Wall,08,FreshMart Essentials Protein Pot 160g,Product,FreshMart Essentials,2,"POLYGON ((5.975 0.6, 6.115 0.6, 6.115 0.68, 5.975 0.68, 5.975 0.6))",2,7400
FreshMart Banksia Grove,Dairy Wall - Yoghurt,Dairy Wall,08,FreshMart Essentials Vanilla Yoghurt 1kg,Product,FreshMart Essentials,1,"POLYGON ((6.127 0.6, 6.257 0.6, 6.257 0.73, 6.127 0.73, 6.127 0.6))",2,4300
FreshMart Banksia Grove,Dairy Wall - Yoghurt,Dairy Wall,08,FreshMart Essentials Protein Pot 160g,Product,FreshMart Essentials,1,"POLYGON ((6.269 0.6, 6.339 0.6, 6.339 0.68, 6.269 0.68, 6.269 0.6))",2,3700
FreshMart Banksia Grove,Dairy Wall - Yoghurt,Dairy Wall,08,Shelf 2 - Bay 08,Shelf,,,"POLYGON ((4.8 0.96, 6.4 0.96, 6.4 1, 4.8 1, 4.8 0.96))",1,
FreshMart Banksia Grove,Dairy Wall - Yoghurt,Dairy Wall,08,Greek Grove Kids Pouches 4pk,Product,Greek Grove,1,"POLYGON ((4.835 1, 4.995 1, 4.995 1.12, 4.835 1.12, 4.835 1))",2,3900
FreshMart Banksia Grove,Dairy Wall - Yoghurt,Dairy Wall,08,Greek Grove Kids Pouches 4pk,Product,Greek Grove,3,"POLYGON ((5.007 1, 5.487 1, 5.487 1.12, 5.007 1.12, 5.007 1))",2,12600
FreshMart Banksia Grove,Dairy Wall - Yoghurt,Dairy Wall,08,FreshMart Essentials Greek Yoghurt 1kg,Product,FreshMart Essentials,1,"POLYGON ((5.499 1, 5.629 1, 5.629 1.13, 5.499 1.13, 5.499 1))",2,4900
FreshMart Banksia Grove,Dairy Wall - Yoghurt,Dairy Wall,08,Greek Grove Kids Pouches 4pk,Product,Greek Grove,3,"POLYGON ((5.641 1, 6.121 1, 6.121 1.12, 5.641 1.12, 5.641 1))",2,15200
FreshMart Banksia Grove,Dairy Wall - Yoghurt,Dairy Wall,08,FreshMart Essentials Kids Pouches 4pk,Product,FreshMart Essentials,1,"POLYGON ((6.133 1, 6.293 1, 6.293 1.12, 6.133 1.12, 6.133 1))",2,3000
FreshMart Banksia Grove,Dairy Wall - Yoghurt,Dairy Wall,08,Shelf 3 - Bay 08,Shelf,,,"POLYGON ((4.8 1.36, 6.4 1.36, 6.4 1.4, 4.8 1.4, 4.8 1.36))",1,
FreshMart Banksia Grove,Dairy Wall - Yoghurt,Dairy Wall,08,Greek Grove Natural Pot 500g,Product,Greek Grove,1,"POLYGON ((4.835 1.4, 4.945 1.4, 4.945 1.5, 4.835 1.5, 4.835 1.4))",2,3000
FreshMart Banksia Grove,Dairy Wall - Yoghurt,Dairy Wall,08,Meadow Vale Vanilla Yoghurt 1kg,Product,Meadow Vale,1,"POLYGON ((4.957 1.4, 5.087 1.4, 5.087 1.53, 4.957 1.53, 4.957 1.4))",2,4300
FreshMart Banksia Grove,Dairy Wall - Yoghurt,Dairy Wall,08,Greek Grove Vanilla Yoghurt 1kg,Product,Greek Grove,1,"POLYGON ((5.099 1.4, 5.229 1.4, 5.229 1.53, 5.099 1.53, 5.099 1.4))",2,3500
FreshMart Banksia Grove,Dairy Wall - Yoghurt,Dairy Wall,08,Meadow Vale Natural Pot 500g,Product,Meadow Vale,2,"POLYGON ((5.241 1.4, 5.461 1.4, 5.461 1.5, 5.241 1.5, 5.241 1.4))",2,8400
FreshMart Banksia Grove,Dairy Wall - Yoghurt,Dairy Wall,08,FreshMart Essentials Kids Pouches 4pk,Product,FreshMart Essentials,2,"POLYGON ((5.473 1.4, 5.793 1.4, 5.793 1.52, 5.473 1.52, 5.473 1.4))",2,7700
FreshMart Banksia Grove,Dairy Wall - Yoghurt,Dairy Wall,08,FreshMart Essentials Natural Pot 500g,Product,FreshMart Essentials,1,"POLYGON ((5.805 1.4, 5.915 1.4, 5.915 1.5, 5.805 1.5, 5.805 1.4))",2,5400
FreshMart Banksia Grove,Dairy Wall - Yoghurt,Dairy Wall,08,FreshMart Essentials Natural Pot 500g,Product,FreshMart Essentials,2,"POLYGON ((5.927 1.4, 6.147 1.4, 6.147 1.5, 5.927 1.5, 5.927 1.4))",2,5700
FreshMart Banksia Grove,Dairy Wall - Yoghurt,Dairy Wall,08,Greek Grove Protein Pot 160g,Product,Greek Grove,2,"POLYGON ((6.159 1.4, 6.299 1.4, 6.299 1.48, 6.159 1.48, 6.159 1.4))",2,7100
FreshMart Banksia Grove,Dairy Wall - Cheese,Dairy Wall,09,Bay Frame 09,Rack,,,"POLYGON ((0 0, 1.6 0, 1.6 2.2, 0 2.2, 0 0))",0,
FreshMart Banksia Grove,Dairy Wall - Cheese,Dairy Wall,10,Bay Frame 10,Rack,,,"POLYGON ((1.6 0, 3.2 0, 3.2 2.2, 1.6 2.2, 1.6 0))",0,
FreshMart Banksia Grove,Dairy Wall - Cheese,Dairy Wall,11,Bay Frame 11,Rack,,,"POLYGON ((3.2 0, 4.8 0, 4.8 2.2, 3.2 2.2, 3.2 0))",0,
FreshMart Banksia Grove,Dairy Wall - Cheese,Dairy Wall,,Upright 1,Rack,,,"POLYGON ((0 0, 0.025 0, 0.025 2.2, 0 2.2, 0 0))",0,
FreshMart Banksia Grove,Dairy Wall - Cheese,Dairy Wall,,Upright 2,Rack,,,"POLYGON ((1.575 0, 1.625 0, 1.625 2.2, 1.575 2.2, 1.575 0))",0,
FreshMart Banksia Grove,Dairy Wall - Cheese,Dairy Wall,,Upright 3,Rack,,,"POLYGON ((3.175 0, 3.225 0, 3.225 2.2, 3.175 2.2, 3.175 0))",0,
FreshMart Banksia Grove,Dairy Wall - Cheese,Dairy Wall,,Upright 4,Rack,,,"POLYGON ((4.775 0, 4.8 0, 4.8 2.2, 4.775 2.2, 4.775 0))",0,
FreshMart Banksia Grove,Dairy Wall - Cheese,Dairy Wall,09,Air Grille 09,Air Grille,,,"POLYGON ((0 1.84, 1.6 1.84, 1.6 2.2, 0 2.2, 0 1.84))",1,
FreshMart Banksia Grove,Dairy Wall - Cheese,Dairy Wall,09,Base Deck - Bay 09,Base Deck,,,"POLYGON ((0 0, 1.6 0, 1.6 0.2, 0 0.2, 0 0))",1,
FreshMart Banksia Grove,Dairy Wall - Cheese,Dairy Wall,09,Coastal Creamery Feta 200g,Product,Coastal Creamery,2,"POLYGON ((0.035 0.2, 0.255 0.2, 0.255 0.26, 0.035 0.26, 0.035 0.2))",2,12100
FreshMart Banksia Grove,Dairy Wall - Cheese,Dairy Wall,09,Hilltop Dairy Feta 200g,Product,Hilltop Dairy,3,"POLYGON ((0.267 0.2, 0.597 0.2, 0.597 0.26, 0.267 0.26, 0.267 0.2))",2,10300
FreshMart Banksia Grove,Dairy Wall - Cheese,Dairy Wall,09,Hilltop Dairy Brie Wheel 200g,Product,Hilltop Dairy,2,"POLYGON ((0.609 0.2, 0.829 0.2, 0.829 0.25, 0.609 0.25, 0.609 0.2))",2,12300
FreshMart Banksia Grove,Dairy Wall - Cheese,Dairy Wall,09,FreshMart Essentials Feta 200g,Product,FreshMart Essentials,1,"POLYGON ((0.841 0.2, 0.951 0.2, 0.951 0.26, 0.841 0.26, 0.841 0.2))",2,3700
FreshMart Banksia Grove,Dairy Wall - Cheese,Dairy Wall,09,Hilltop Dairy Brie Wheel 200g,Product,Hilltop Dairy,3,"POLYGON ((0.963 0.2, 1.293 0.2, 1.293 0.25, 0.963 0.25, 0.963 0.2))",2,11100
FreshMart Banksia Grove,Dairy Wall - Cheese,Dairy Wall,09,Hilltop Dairy Feta 200g,Product,Hilltop Dairy,1,"POLYGON ((1.305 0.2, 1.415 0.2, 1.415 0.26, 1.305 0.26, 1.305 0.2))",2,3000
FreshMart Banksia Grove,Dairy Wall - Cheese,Dairy Wall,09,Coastal Creamery Feta 200g,Product,Coastal Creamery,1,"POLYGON ((1.427 0.2, 1.537 0.2, 1.537 0.26, 1.427 0.26, 1.427 0.2))",2,4800
FreshMart Banksia Grove,Dairy Wall - Cheese,Dairy Wall,09,Shelf 1 - Bay 09,Shelf,,,"POLYGON ((0 0.56, 1.6 0.56, 1.6 0.6, 0 0.6, 0 0.56))",1,
FreshMart Banksia Grove,Dairy Wall - Cheese,Dairy Wall,09,Coastal Creamery Tasty Block 1kg,Product,Coastal Creamery,1,"POLYGON ((0.035 0.6, 0.215 0.6, 0.215 0.67, 0.035 0.67, 0.035 0.6))",2,4300
FreshMart Banksia Grove,Dairy Wall - Cheese,Dairy Wall,09,Hilltop Dairy Parmesan Wedge 250g,Product,Hilltop Dairy,1,"POLYGON ((0.227 0.6, 0.347 0.6, 0.347 0.66, 0.227 0.66, 0.227 0.6))",2,3700
FreshMart Banksia Grove,Dairy Wall - Cheese,Dairy Wall,09,Hilltop Dairy Feta 200g,Product,Hilltop Dairy,2,"POLYGON ((0.359 0.6, 0.579 0.6, 0.579 0.66, 0.359 0.66, 0.359 0.6))",2,10300
FreshMart Banksia Grove,Dairy Wall - Cheese,Dairy Wall,09,FreshMart Essentials Cheese Slices 24pk,Product,FreshMart Essentials,1,"POLYGON ((0.591 0.6, 0.711 0.6, 0.711 0.65, 0.591 0.65, 0.591 0.6))",2,5300
FreshMart Banksia Grove,Dairy Wall - Cheese,Dairy Wall,09,Hilltop Dairy Shredded Mozzarella 500g,Product,Hilltop Dairy,3,"POLYGON ((0.723 0.6, 1.263 0.6, 1.263 0.66, 0.723 0.66, 0.723 0.6))",2,15200
FreshMart Banksia Grove,Dairy Wall - Cheese,Dairy Wall,09,Hilltop Dairy Brie Wheel 200g,Product,Hilltop Dairy,2,"POLYGON ((1.275 0.6, 1.495 0.6, 1.495 0.65, 1.275 0.65, 1.275 0.6))",2,6300
FreshMart Banksia Grove,Dairy Wall - Cheese,Dairy Wall,09,Shelf 2 - Bay 09,Shelf,,,"POLYGON ((0 0.96, 1.6 0.96, 1.6 1, 0 1, 0 0.96))",1,
FreshMart Banksia Grove,Dairy Wall - Cheese,Dairy Wall,09,Hilltop Dairy Feta 200g,Product,Hilltop Dairy,1,"POLYGON ((0.035 1, 0.145 1, 0.145 1.06, 0.035 1.06, 0.035 1))",2,5800
FreshMart Banksia Grove,Dairy Wall - Cheese,Dairy Wall,09,Coastal Creamery Parmesan Wedge 250g,Product,Coastal Creamery,3,"POLYGON ((0.157 1, 0.517 1, 0.517 1.06, 0.157 1.06, 0.157 1))",2,18200
FreshMart Banksia Grove,Dairy Wall - Cheese,Dairy Wall,09,FreshMart Essentials Cheese Slices 24pk,Product,FreshMart Essentials,2,"POLYGON ((0.529 1, 0.769 1, 0.769 1.05, 0.529 1.05, 0.529 1))",2,8900
FreshMart Banksia Grove,Dairy Wall - Cheese,Dairy Wall,09,FreshMart Essentials Brie Wheel 200g,Product,FreshMart Essentials,3,"POLYGON ((0.781 1, 1.111 1, 1.111 1.05, 0.781 1.05, 0.781 1))",2,18400
FreshMart Banksia Grove,Dairy Wall - Cheese,Dairy Wall,09,Coastal Creamery Tasty Block 1kg,Product,Coastal Creamery,2,"POLYGON ((1.123 1, 1.483 1, 1.483 1.07, 1.123 1.07, 1.123 1))",2,9200
FreshMart Banksia Grove,Dairy Wall - Cheese,Dairy Wall,09,Shelf 3 - Bay 09,Shelf,,,"POLYGON ((0 1.36, 1.6 1.36, 1.6 1.4, 0 1.4, 0 1.36))",1,
FreshMart Banksia Grove,Dairy Wall - Cheese,Dairy Wall,09,FreshMart Essentials Brie Wheel 200g,Product,FreshMart Essentials,3,"POLYGON ((0.035 1.4, 0.365 1.4, 0.365 1.45, 0.035 1.45, 0.035 1.4))",2,15100
FreshMart Banksia Grove,Dairy Wall - Cheese,Dairy Wall,09,FreshMart Essentials Cheese Slices 24pk,Product,FreshMart Essentials,1,"POLYGON ((0.377 1.4, 0.497 1.4, 0.497 1.45, 0.377 1.45, 0.377 1.4))",2,5700
FreshMart Banksia Grove,Dairy Wall - Cheese,Dairy Wall,09,FreshMart Essentials Parmesan Wedge 250g,Product,FreshMart Essentials,2,"POLYGON ((0.509 1.4, 0.749 1.4, 0.749 1.46, 0.509 1.46, 0.509 1.4))",2,7900
FreshMart Banksia Grove,Dairy Wall - Cheese,Dairy Wall,09,Hilltop Dairy Parmesan Wedge 250g,Product,Hilltop Dairy,1,"POLYGON ((0.761 1.4, 0.881 1.4, 0.881 1.46, 0.761 1.46, 0.761 1.4))",2,5600
FreshMart Banksia Grove,Dairy Wall - Cheese,Dairy Wall,09,Hilltop Dairy Cheese Slices 24pk,Product,Hilltop Dairy,3,"POLYGON ((0.893 1.4, 1.253 1.4, 1.253 1.45, 0.893 1.45, 0.893 1.4))",2,13300
FreshMart Banksia Grove,Dairy Wall - Cheese,Dairy Wall,09,FreshMart Essentials Parmesan Wedge 250g,Product,FreshMart Essentials,2,"POLYGON ((1.265 1.4, 1.505 1.4, 1.505 1.46, 1.265 1.46, 1.265 1.4))",2,9900
FreshMart Banksia Grove,Dairy Wall - Cheese,Dairy Wall,10,Air Grille 10,Air Grille,,,"POLYGON ((1.6 1.84, 3.2 1.84, 3.2 2.2, 1.6 2.2, 1.6 1.84))",1,
FreshMart Banksia Grove,Dairy Wall - Cheese,Dairy Wall,10,Base Deck - Bay 10,Base Deck,,,"POLYGON ((1.6 0, 3.2 0, 3.2 0.2, 1.6 0.2, 1.6 0))",1,
FreshMart Banksia Grove,Dairy Wall - Cheese,Dairy Wall,10,Hilltop Dairy Brie Wheel 200g,Product,Hilltop Dairy,3,"POLYGON ((1.635 0.2, 1.965 0.2, 1.965 0.25, 1.635 0.25, 1.635 0.2))",2,11700
FreshMart Banksia Grove,Dairy Wall - Cheese,Dairy Wall,10,Hilltop Dairy Tasty Block 1kg,Product,Hilltop Dairy,1,"POLYGON ((1.977 0.2, 2.157 0.2, 2.157 0.27, 1.977 0.27, 1.977 0.2))",2,3000
FreshMart Banksia Grove,Dairy Wall - Cheese,Dairy Wall,10,Hilltop Dairy Tasty Block 1kg,Product,Hilltop Dairy,1,"POLYGON ((2.169 0.2, 2.349 0.2, 2.349 0.27, 2.169 0.27, 2.169 0.2))",2,4300
FreshMart Banksia Grove,Dairy Wall - Cheese,Dairy Wall,10,Coastal Creamery Parmesan Wedge 250g,Product,Coastal Creamery,2,"POLYGON ((2.361 0.2, 2.601 0.2, 2.601 0.26, 2.361 0.26, 2.361 0.2))",2,8300
FreshMart Banksia Grove,Dairy Wall - Cheese,Dairy Wall,10,Coastal Creamery Parmesan Wedge 250g,Product,Coastal Creamery,2,"POLYGON ((2.613 0.2, 2.853 0.2, 2.853 0.26, 2.613 0.26, 2.613 0.2))",2,10100
FreshMart Banksia Grove,Dairy Wall - Cheese,Dairy Wall,10,FreshMart Essentials Parmesan Wedge 250g,Product,FreshMart Essentials,2,"POLYGON ((2.865 0.2, 3.105 0.2, 3.105 0.26, 2.865 0.26, 2.865 0.2))",2,8500
FreshMart Banksia Grove,Dairy Wall - Cheese,Dairy Wall,10,Shelf 1 - Bay 10,Shelf,,,"POLYGON ((1.6 0.56, 3.2 0.56, 3.2 0.6, 1.6 0.6, 1.6 0.56))",1,
FreshMart Banksia Grove,Dairy Wall - Cheese,Dairy Wall,10,Hilltop Dairy Cheese Slices 24pk,Product,Hilltop Dairy,1,"POLYGON ((1.635 0.6, 1.755 0.6, 1.755 0.65, 1.635 0.65, 1.635 0.6))",2,4300
FreshMart Banksia Grove,Dairy Wall - Cheese,Dairy Wall,10,FreshMart Essentials Tasty Block 1kg,Product,FreshMart Essentials,3,"POLYGON ((1.767 0.6, 2.307 0.6, 2.307 0.67, 1.767 0.67, 1.767 0.6))",2,14200
FreshMart Banksia Grove,Dairy Wall - Cheese,Dairy Wall,10,Coastal Creamery Shredded Mozzarella 500g,Product,Coastal Creamery,2,"POLYGON ((2.319 0.6, 2.679 0.6, 2.679 0.66, 2.319 0.66, 2.319 0.6))",2,9400
FreshMart Banksia Grove,Dairy Wall - Cheese,Dairy Wall,10,Coastal Creamery Parmesan Wedge 250g,Product,Coastal Creamery,3,"POLYGON ((2.691 0.6, 3.051 0.6, 3.051 0.66, 2.691 0.66, 2.691 0.6))",2,10000
FreshMart Banksia Grove,Dairy Wall - Cheese,Dairy Wall,10,Shelf 2 - Bay 10,Shelf,,,"POLYGON ((1.6 0.96, 3.2 0.96, 3.2 1, 1.6 1, 1.6 0.96))",1,
FreshMart Banksia Grove,Dairy Wall - Cheese,Dairy Wall,10,Hilltop Dairy Cheese Slices 24pk,Product,Hilltop Dairy,3,"POLYGON ((1.635 1, 1.995 1, 1.995 1.05, 1.635 1.05, 1.635 1))",2,16000
FreshMart Banksia Grove,Dairy Wall - Cheese,Dairy Wall,10,Hilltop Dairy Feta 200g,Product,Hilltop Dairy,2,"POLYGON ((2.007 1, 2.227 1, 2.227 1.06, 2.007 1.06, 2.007 1))",2,8500
FreshMart Banksia Grove,Dairy Wall - Cheese,Dairy Wall,10,Hilltop Dairy Feta 200g,Product,Hilltop Dairy,2,"POLYGON ((2.239 1, 2.459 1, 2.459 1.06, 2.239 1.06, 2.239 1))",2,11700
FreshMart Banksia Grove,Dairy Wall - Cheese,Dairy Wall,10,Coastal Creamery Tasty Block 1kg,Product,Coastal Creamery,2,"POLYGON ((2.471 1, 2.831 1, 2.831 1.07, 2.471 1.07, 2.471 1))",2,12200
FreshMart Banksia Grove,Dairy Wall - Cheese,Dairy Wall,10,Hilltop Dairy Cheese Slices 24pk,Product,Hilltop Dairy,2,"POLYGON ((2.843 1, 3.083 1, 3.083 1.05, 2.843 1.05, 2.843 1))",2,6800
FreshMart Banksia Grove,Dairy Wall - Cheese,Dairy Wall,10,Shelf 3 - Bay 10,Shelf,,,"POLYGON ((1.6 1.36, 3.2 1.36, 3.2 1.4, 1.6 1.4, 1.6 1.36))",1,
FreshMart Banksia Grove,Dairy Wall - Cheese,Dairy Wall,10,Hilltop Dairy Tasty Block 1kg,Product,Hilltop Dairy,3,"POLYGON ((1.635 1.4, 2.175 1.4, 2.175 1.47, 1.635 1.47, 1.635 1.4))",2,12600
FreshMart Banksia Grove,Dairy Wall - Cheese,Dairy Wall,10,FreshMart Essentials Shredded Mozzarella 500g,Product,FreshMart Essentials,2,"POLYGON ((2.187 1.4, 2.547 1.4, 2.547 1.46, 2.187 1.46, 2.187 1.4))",2,11900
FreshMart Banksia Grove,Dairy Wall - Cheese,Dairy Wall,10,Coastal Creamery Parmesan Wedge 250g,Product,Coastal Creamery,3,"POLYGON ((2.559 1.4, 2.919 1.4, 2.919 1.46, 2.559 1.46, 2.559 1.4))",2,15800
FreshMart Banksia Grove,Dairy Wall - Cheese,Dairy Wall,10,Coastal Creamery Feta 200g,Product,Coastal Creamery,1,"POLYGON ((2.931 1.4, 3.041 1.4, 3.041 1.46, 2.931 1.46, 2.931 1.4))",2,5600
FreshMart Banksia Grove,Dairy Wall - Cheese,Dairy Wall,10,FreshMart Essentials Brie Wheel 200g,Product,FreshMart Essentials,1,"POLYGON ((3.053 1.4, 3.163 1.4, 3.163 1.45, 3.053 1.45, 3.053 1.4))",2,4200
FreshMart Banksia Grove,Dairy Wall - Cheese,Dairy Wall,11,Air Grille 11,Air Grille,,,"POLYGON ((3.2 1.84, 4.8 1.84, 4.8 2.2, 3.2 2.2, 3.2 1.84))",1,
FreshMart Banksia Grove,Dairy Wall - Cheese,Dairy Wall,11,Base Deck - Bay 11,Base Deck,,,"POLYGON ((3.2 0, 4.8 0, 4.8 0.2, 3.2 0.2, 3.2 0))",1,
FreshMart Banksia Grove,Dairy Wall - Cheese,Dairy Wall,11,FreshMart Essentials Tasty Block 1kg,Product,FreshMart Essentials,3,"POLYGON ((3.235 0.2, 3.775 0.2, 3.775 0.27, 3.235 0.27, 3.235 0.2))",2,17500
FreshMart Banksia Grove,Dairy Wall - Cheese,Dairy Wall,11,Hilltop Dairy Parmesan Wedge 250g,Product,Hilltop Dairy,3,"POLYGON ((3.787 0.2, 4.147 0.2, 4.147 0.26, 3.787 0.26, 3.787 0.2))",2,18400
FreshMart Banksia Grove,Dairy Wall - Cheese,Dairy Wall,11,Coastal Creamery Parmesan Wedge 250g,Product,Coastal Creamery,3,"POLYGON ((4.159 0.2, 4.519 0.2, 4.519 0.26, 4.159 0.26, 4.159 0.2))",2,13200
FreshMart Banksia Grove,Dairy Wall - Cheese,Dairy Wall,11,Hilltop Dairy Feta 200g,Product,Hilltop Dairy,1,"POLYGON ((4.531 0.2, 4.641 0.2, 4.641 0.26, 4.531 0.26, 4.531 0.2))",2,3600
FreshMart Banksia Grove,Dairy Wall - Cheese,Dairy Wall,11,FreshMart Essentials Brie Wheel 200g,Product,FreshMart Essentials,1,"POLYGON ((4.653 0.2, 4.763 0.2, 4.763 0.25, 4.653 0.25, 4.653 0.2))",2,3300
FreshMart Banksia Grove,Dairy Wall - Cheese,Dairy Wall,11,Shelf 1 - Bay 11,Shelf,,,"POLYGON ((3.2 0.56, 4.8 0.56, 4.8 0.6, 3.2 0.6, 3.2 0.56))",1,
FreshMart Banksia Grove,Dairy Wall - Cheese,Dairy Wall,11,FreshMart Essentials Shredded Mozzarella 500g,Product,FreshMart Essentials,2,"POLYGON ((3.235 0.6, 3.595 0.6, 3.595 0.66, 3.235 0.66, 3.235 0.6))",2,8800
FreshMart Banksia Grove,Dairy Wall - Cheese,Dairy Wall,11,Coastal Creamery Tasty Block 1kg,Product,Coastal Creamery,1,"POLYGON ((3.607 0.6, 3.787 0.6, 3.787 0.67, 3.607 0.67, 3.607 0.6))",2,5500
FreshMart Banksia Grove,Dairy Wall - Cheese,Dairy Wall,11,Hilltop Dairy Brie Wheel 200g,Product,Hilltop Dairy,1,"POLYGON ((3.799 0.6, 3.909 0.6, 3.909 0.65, 3.799 0.65, 3.799 0.6))",2,4100
FreshMart Banksia Grove,Dairy Wall - Cheese,Dairy Wall,11,FreshMart Essentials Feta 200g,Product,FreshMart Essentials,3,"POLYGON ((3.921 0.6, 4.251 0.6, 4.251 0.66, 3.921 0.66, 3.921 0.6))",2,17100
FreshMart Banksia Grove,Dairy Wall - Cheese,Dairy Wall,11,Coastal Creamery Tasty Block 1kg,Product,Coastal Creamery,1,"POLYGON ((4.263 0.6, 4.443 0.6, 4.443 0.67, 4.263 0.67, 4.263 0.6))",2,3400
FreshMart Banksia Grove,Dairy Wall - Cheese,Dairy Wall,11,FreshMart Essentials Feta 200g,Product,FreshMart Essentials,1,"POLYGON ((4.455 0.6, 4.565 0.6, 4.565 0.66, 4.455 0.66, 4.455 0.6))",2,5900
FreshMart Banksia Grove,Dairy Wall - Cheese,Dairy Wall,11,Hilltop Dairy Shredded Mozzarella 500g,Product,Hilltop Dairy,1,"POLYGON ((4.577 0.6, 4.757 0.6, 4.757 0.66, 4.577 0.66, 4.577 0.6))",2,4600
FreshMart Banksia Grove,Dairy Wall - Cheese,Dairy Wall,11,Shelf 2 - Bay 11,Shelf,,,"POLYGON ((3.2 0.96, 4.8 0.96, 4.8 1, 3.2 1, 3.2 0.96))",1,
FreshMart Banksia Grove,Dairy Wall - Cheese,Dairy Wall,11,Coastal Creamery Feta 200g,Product,Coastal Creamery,1,"POLYGON ((3.235 1, 3.345 1, 3.345 1.06, 3.235 1.06, 3.235 1))",2,3500
FreshMart Banksia Grove,Dairy Wall - Cheese,Dairy Wall,11,Hilltop Dairy Feta 200g,Product,Hilltop Dairy,3,"POLYGON ((3.357 1, 3.687 1, 3.687 1.06, 3.357 1.06, 3.357 1))",2,10300
FreshMart Banksia Grove,Dairy Wall - Cheese,Dairy Wall,11,FreshMart Essentials Brie Wheel 200g,Product,FreshMart Essentials,2,"POLYGON ((3.699 1, 3.919 1, 3.919 1.05, 3.699 1.05, 3.699 1))",2,11600
FreshMart Banksia Grove,Dairy Wall - Cheese,Dairy Wall,11,FreshMart Essentials Parmesan Wedge 250g,Product,FreshMart Essentials,2,"POLYGON ((3.931 1, 4.171 1, 4.171 1.06, 3.931 1.06, 3.931 1))",2,8000
FreshMart Banksia Grove,Dairy Wall - Cheese,Dairy Wall,11,Hilltop Dairy Cheese Slices 24pk,Product,Hilltop Dairy,2,"POLYGON ((4.183 1, 4.423 1, 4.423 1.05, 4.183 1.05, 4.183 1))",2,11300
FreshMart Banksia Grove,Dairy Wall - Cheese,Dairy Wall,11,FreshMart Essentials Feta 200g,Product,FreshMart Essentials,1,"POLYGON ((4.435 1, 4.545 1, 4.545 1.06, 4.435 1.06, 4.435 1))",2,4300
FreshMart Banksia Grove,Dairy Wall - Cheese,Dairy Wall,11,FreshMart Essentials Shredded Mozzarella 500g,Product,FreshMart Essentials,1,"POLYGON ((4.557 1, 4.737 1, 4.737 1.06, 4.557 1.06, 4.557 1))",2,5200
FreshMart Banksia Grove,Dairy Wall - Cheese,Dairy Wall,11,Shelf 3 - Bay 11,Shelf,,,"POLYGON ((3.2 1.36, 4.8 1.36, 4.8 1.4, 3.2 1.4, 3.2 1.36))",1,
FreshMart Banksia Grove,Dairy Wall - Cheese,Dairy Wall,11,Coastal Creamery Brie Wheel 200g,Product,Coastal Creamery,2,"POLYGON ((3.235 1.4, 3.455 1.4, 3.455 1.45, 3.235 1.45, 3.235 1.4))",2,8200
FreshMart Banksia Grove,Dairy Wall - Cheese,Dairy Wall,11,Coastal Creamery Tasty Block 1kg,Product,Coastal Creamery,2,"POLYGON ((3.467 1.4, 3.827 1.4, 3.827 1.47, 3.467 1.47, 3.467 1.4))",2,7600
FreshMart Banksia Grove,Dairy Wall - Cheese,Dairy Wall,11,FreshMart Essentials Tasty Block 1kg,Product,FreshMart Essentials,2,"POLYGON ((3.839 1.4, 4.199 1.4, 4.199 1.47, 3.839 1.47, 3.839 1.4))",2,8500
FreshMart Banksia Grove,Dairy Wall - Cheese,Dairy Wall,11,Coastal Creamery Shredded Mozzarella 500g,Product,Coastal Creamery,3,"POLYGON ((4.211 1.4, 4.751 1.4, 4.751 1.46, 4.211 1.46, 4.211 1.4))",2,10000
FreshMart Banksia Grove,Dairy Wall - Butter & Eggs,Dairy Wall,12,Bay Frame 12,Rack,,,"POLYGON ((0 0, 1.6 0, 1.6 2.2, 0 2.2, 0 0))",0,
FreshMart Banksia Grove,Dairy Wall - Butter & Eggs,Dairy Wall,13,Bay Frame 13,Rack,,,"POLYGON ((1.6 0, 3.2 0, 3.2 2.2, 1.6 2.2, 1.6 0))",0,
FreshMart Banksia Grove,Dairy Wall - Butter & Eggs,Dairy Wall,14,Bay Frame 14,Rack,,,"POLYGON ((3.2 0, 4.8 0, 4.8 2.2, 3.2 2.2, 3.2 0))",0,
FreshMart Banksia Grove,Dairy Wall - Butter & Eggs,Dairy Wall,,Upright 1,Rack,,,"POLYGON ((0 0, 0.025 0, 0.025 2.2, 0 2.2, 0 0))",0,
FreshMart Banksia Grove,Dairy Wall - Butter & Eggs,Dairy Wall,,Upright 2,Rack,,,"POLYGON ((1.575 0, 1.625 0, 1.625 2.2, 1.575 2.2, 1.575 0))",0,
FreshMart Banksia Grove,Dairy Wall - Butter & Eggs,Dairy Wall,,Upright 3,Rack,,,"POLYGON ((3.175 0, 3.225 0, 3.225 2.2, 3.175 2.2, 3.175 0))",0,
FreshMart Banksia Grove,Dairy Wall - Butter & Eggs,Dairy Wall,,Upright 4,Rack,,,"POLYGON ((4.775 0, 4.8 0, 4.8 2.2, 4.775 2.2, 4.775 0))",0,
FreshMart Banksia Grove,Dairy Wall - Butter & Eggs,Dairy Wall,12,Air Grille 12,Air Grille,,,"POLYGON ((0 1.84, 1.6 1.84, 1.6 2.2, 0 2.2, 0 1.84))",1,
FreshMart Banksia Grove,Dairy Wall - Butter & Eggs,Dairy Wall,12,Base Deck - Bay 12,Base Deck,,,"POLYGON ((0 0, 1.6 0, 1.6 0.2, 0 0.2, 0 0))",1,
FreshMart Banksia Grove,Dairy Wall - Butter & Eggs,Dairy Wall,12,Meadow Vale Spreadable 400g,Product,Meadow Vale,2,"POLYGON ((0.035 0.2, 0.295 0.2, 0.295 0.27, 0.035 0.27, 0.035 0.2))",2,11100
FreshMart Banksia Grove,Dairy Wall - Butter & Eggs,Dairy Wall,12,Meadow Vale Eggs 700g 12pk,Product,Meadow Vale,2,"POLYGON ((0.307 0.2, 0.787 0.2, 0.787 0.28, 0.307 0.28, 0.307 0.2))",2,9800
FreshMart Banksia Grove,Dairy Wall - Butter & Eggs,Dairy Wall,12,Sunny Run Ghee 300g,Product,Sunny Run,3,"POLYGON ((0.799 0.2, 1.069 0.2, 1.069 0.29, 0.799 0.29, 0.799 0.2))",2,16600
FreshMart Banksia Grove,Dairy Wall - Butter & Eggs,Dairy Wall,12,Meadow Vale Spreadable 400g,Product,Meadow Vale,3,"POLYGON ((1.081 0.2, 1.471 0.2, 1.471 0.27, 1.081 0.27, 1.081 0.2))",2,15300
FreshMart Banksia Grove,Dairy Wall - Butter & Eggs,Dairy Wall,12,Shelf 1 - Bay 12,Shelf,,,"POLYGON ((0 0.56, 1.6 0.56, 1.6 0.6, 0 0.6, 0 0.56))",1,
FreshMart Banksia Grove,Dairy Wall - Butter & Eggs,Dairy Wall,12,Sunny Run Spreadable 400g,Product,Sunny Run,1,"POLYGON ((0.035 0.6, 0.165 0.6, 0.165 0.67, 0.035 0.67, 0.035 0.6))",2,4400
FreshMart Banksia Grove,Dairy Wall - Butter & Eggs,Dairy Wall,12,FreshMart Essentials Margarine 1kg,Product,FreshMart Essentials,3,"POLYGON ((0.177 0.6, 0.657 0.6, 0.657 0.68, 0.177 0.68, 0.177 0.6))",2,18100
FreshMart Banksia Grove,Dairy Wall - Butter & Eggs,Dairy Wall,12,FreshMart Essentials Spreadable 400g,Product,FreshMart Essentials,1,"POLYGON ((0.669 0.6, 0.799 0.6, 0.799 0.67, 0.669 0.67, 0.669 0.6))",2,4200
FreshMart Banksia Grove,Dairy Wall - Butter & Eggs,Dairy Wall,12,FreshMart Essentials Spreadable 400g,Product,FreshMart Essentials,1,"POLYGON ((0.811 0.6, 0.941 0.6, 0.941 0.67, 0.811 0.67, 0.811 0.6))",2,5800
FreshMart Banksia Grove,Dairy Wall - Butter & Eggs,Dairy Wall,12,Meadow Vale Margarine 1kg,Product,Meadow Vale,1,"POLYGON ((0.953 0.6, 1.113 0.6, 1.113 0.68, 0.953 0.68, 0.953 0.6))",2,4900
FreshMart Banksia Grove,Dairy Wall - Butter & Eggs,Dairy Wall,12,FreshMart Essentials Free Range Eggs 12pk,Product,FreshMart Essentials,1,"POLYGON ((1.125 0.6, 1.365 0.6, 1.365 0.68, 1.125 0.68, 1.125 0.6))",2,6100
FreshMart Banksia Grove,Dairy Wall - Butter & Eggs,Dairy Wall,12,Sunny Run Butter 500g,Product,Sunny Run,1,"POLYGON ((1.377 0.6, 1.507 0.6, 1.507 0.66, 1.377 0.66, 1.377 0.6))",2,4500
FreshMart Banksia Grove,Dairy Wall - Butter & Eggs,Dairy Wall,12,Shelf 2 - Bay 12,Shelf,,,"POLYGON ((0 0.96, 1.6 0.96, 1.6 1, 0 1, 0 0.96))",1,
FreshMart Banksia Grove,Dairy Wall - Butter & Eggs,Dairy Wall,12,Sunny Run Spreadable 400g,Product,Sunny Run,1,"POLYGON ((0.035 1, 0.165 1, 0.165 1.07, 0.035 1.07, 0.035 1))",2,3300
FreshMart Banksia Grove,Dairy Wall - Butter & Eggs,Dairy Wall,12,Meadow Vale Margarine 1kg,Product,Meadow Vale,1,"POLYGON ((0.177 1, 0.337 1, 0.337 1.08, 0.177 1.08, 0.177 1))",2,4300
FreshMart Banksia Grove,Dairy Wall - Butter & Eggs,Dairy Wall,12,Sunny Run Spreadable 400g,Product,Sunny Run,3,"POLYGON ((0.349 1, 0.739 1, 0.739 1.07, 0.349 1.07, 0.349 1))",2,19100
FreshMart Banksia Grove,Dairy Wall - Butter & Eggs,Dairy Wall,12,FreshMart Essentials Spreadable 400g,Product,FreshMart Essentials,2,"POLYGON ((0.751 1, 1.011 1, 1.011 1.07, 0.751 1.07, 0.751 1))",2,7200
FreshMart Banksia Grove,Dairy Wall - Butter & Eggs,Dairy Wall,12,Meadow Vale Free Range Eggs 12pk,Product,Meadow Vale,1,"POLYGON ((1.023 1, 1.263 1, 1.263 1.08, 1.023 1.08, 1.023 1))",2,4600
FreshMart Banksia Grove,Dairy Wall - Butter & Eggs,Dairy Wall,12,Sunny Run Free Range Eggs 12pk,Product,Sunny Run,1,"POLYGON ((1.275 1, 1.515 1, 1.515 1.08, 1.275 1.08, 1.275 1))",2,4500
FreshMart Banksia Grove,Dairy Wall - Butter & Eggs,Dairy Wall,12,Shelf 3 - Bay 12,Shelf,,,"POLYGON ((0 1.36, 1.6 1.36, 1.6 1.4, 0 1.4, 0 1.36))",1,
FreshMart Banksia Grove,Dairy Wall - Butter & Eggs,Dairy Wall,12,Meadow Vale Margarine 1kg,Product,Meadow Vale,2,"POLYGON ((0.035 1.4, 0.355 1.4, 0.355 1.48, 0.035 1.48, 0.035 1.4))",2,7400
FreshMart Banksia Grove,Dairy Wall - Butter & Eggs,Dairy Wall,12,FreshMart Essentials Ghee 300g,Product,FreshMart Essentials,1,"POLYGON ((0.367 1.4, 0.457 1.4, 0.457 1.49, 0.367 1.49, 0.367 1.4))",2,6000
FreshMart Banksia Grove,Dairy Wall - Butter & Eggs,Dairy Wall,12,Meadow Vale Free Range Eggs 12pk,Product,Meadow Vale,3,"POLYGON ((0.469 1.4, 1.189 1.4, 1.189 1.48, 0.469 1.48, 0.469 1.4))",2,10000
FreshMart Banksia Grove,Dairy Wall - Butter & Eggs,Dairy Wall,12,Meadow Vale Spreadable 400g,Product,Meadow Vale,2,"POLYGON ((1.201 1.4, 1.461 1.4, 1.461 1.47, 1.201 1.47, 1.201 1.4))",2,11800
FreshMart Banksia Grove,Dairy Wall - Butter & Eggs,Dairy Wall,12,Meadow Vale Ghee 300g,Product,Meadow Vale,1,"POLYGON ((1.473 1.4, 1.563 1.4, 1.563 1.49, 1.473 1.49, 1.473 1.4))",2,5900
FreshMart Banksia Grove,Dairy Wall - Butter & Eggs,Dairy Wall,13,Air Grille 13,Air Grille,,,"POLYGON ((1.6 1.84, 3.2 1.84, 3.2 2.2, 1.6 2.2, 1.6 1.84))",1,
FreshMart Banksia Grove,Dairy Wall - Butter & Eggs,Dairy Wall,13,Base Deck - Bay 13,Base Deck,,,"POLYGON ((1.6 0, 3.2 0, 3.2 0.2, 1.6 0.2, 1.6 0))",1,
FreshMart Banksia Grove,Dairy Wall - Butter & Eggs,Dairy Wall,13,FreshMart Essentials Eggs 700g 12pk,Product,FreshMart Essentials,2,"POLYGON ((1.635 0.2, 2.115 0.2, 2.115 0.28, 1.635 0.28, 1.635 0.2))",2,9500
FreshMart Banksia Grove,Dairy Wall - Butter & Eggs,Dairy Wall,13,Meadow Vale Eggs 700g 12pk,Product,Meadow Vale,2,"POLYGON ((2.127 0.2, 2.607 0.2, 2.607 0.28, 2.127 0.28, 2.127 0.2))",2,10300
FreshMart Banksia Grove,Dairy Wall - Butter & Eggs,Dairy Wall,13,Meadow Vale Butter 500g,Product,Meadow Vale,1,"POLYGON ((2.619 0.2, 2.749 0.2, 2.749 0.26, 2.619 0.26, 2.619 0.2))",2,6100
FreshMart Banksia Grove,Dairy Wall - Butter & Eggs,Dairy Wall,13,Sunny Run Free Range Eggs 12pk,Product,Sunny Run,1,"POLYGON ((2.761 0.2, 3.001 0.2, 3.001 0.28, 2.761 0.28, 2.761 0.2))",2,5500
FreshMart Banksia Grove,Dairy Wall - Butter & Eggs,Dairy Wall,13,FreshMart Essentials Butter 500g,Product,FreshMart Essentials,1,"POLYGON ((3.013 0.2, 3.143 0.2, 3.143 0.26, 3.013 0.26, 3.013 0.2))",2,5500
FreshMart Banksia Grove,Dairy Wall - Butter & Eggs,Dairy Wall,13,Shelf 1 - Bay 13,Shelf,,,"POLYGON ((1.6 0.56, 3.2 0.56, 3.2 0.6, 1.6 0.6, 1.6 0.56))",1,
FreshMart Banksia Grove,Dairy Wall - Butter & Eggs,Dairy Wall,13,Meadow Vale Free Range Eggs 12pk,Product,Meadow Vale,2,"POLYGON ((1.635 0.6, 2.115 0.6, 2.115 0.68, 1.635 0.68, 1.635 0.6))",2,7500
FreshMart Banksia Grove,Dairy Wall - Butter & Eggs,Dairy Wall,13,Sunny Run Margarine 1kg,Product,Sunny Run,1,"POLYGON ((2.127 0.6, 2.287 0.6, 2.287 0.68, 2.127 0.68, 2.127 0.6))",2,5100
FreshMart Banksia Grove,Dairy Wall - Butter & Eggs,Dairy Wall,13,Meadow Vale Free Range Eggs 12pk,Product,Meadow Vale,2,"POLYGON ((2.299 0.6, 2.779 0.6, 2.779 0.68, 2.299 0.68, 2.299 0.6))",2,12600
FreshMart Banksia Grove,Dairy Wall - Butter & Eggs,Dairy Wall,13,FreshMart Essentials Butter 500g,Product,FreshMart Essentials,1,"POLYGON ((2.791 0.6, 2.921 0.6, 2.921 0.66, 2.791 0.66, 2.791 0.6))",2,6300
FreshMart Banksia Grove,Dairy Wall - Butter & Eggs,Dairy Wall,13,FreshMart Essentials Butter 500g,Product,FreshMart Essentials,1,"POLYGON ((2.933 0.6, 3.063 0.6, 3.063 0.66, 2.933 0.66, 2.933 0.6))",2,5500
FreshMart Banksia Grove,Dairy Wall - Butter & Eggs,Dairy Wall,13,Shelf 2 - Bay 13,Shelf,,,"POLYGON ((1.6 0.96, 3.2 0.96, 3.2 1, 1.6 1, 1.6 0.96))",1,
FreshMart Banksia Grove,Dairy Wall - Butter & Eggs,Dairy Wall,13,FreshMart Essentials Ghee 300g,Product,FreshMart Essentials,1,"POLYGON ((1.635 1, 1.725 1, 1.725 1.09, 1.635 1.09, 1.635 1))",2,6400
FreshMart Banksia Grove,Dairy Wall - Butter & Eggs,Dairy Wall,13,Meadow Vale Free Range Eggs 12pk,Product,Meadow Vale,3,"POLYGON ((1.737 1, 2.457 1, 2.457 1.08, 1.737 1.08, 1.737 1))",2,13000
FreshMart Banksia Grove,Dairy Wall - Butter & Eggs,Dairy Wall,13,FreshMart Essentials Free Range Eggs 12pk,Product,FreshMart Essentials,1,"POLYGON ((2.469 1, 2.709 1, 2.709 1.08, 2.469 1.08, 2.469 1))",2,3500
FreshMart Banksia Grove,Dairy Wall - Butter & Eggs,Dairy Wall,13,Sunny Run Eggs 700g 12pk,Product,Sunny Run,1,"POLYGON ((2.721 1, 2.961 1, 2.961 1.08, 2.721 1.08, 2.721 1))",2,5900
FreshMart Banksia Grove,Dairy Wall - Butter & Eggs,Dairy Wall,13,Sunny Run Spreadable 400g,Product,Sunny Run,1,"POLYGON ((2.973 1, 3.103 1, 3.103 1.07, 2.973 1.07, 2.973 1))",2,4100
FreshMart Banksia Grove,Dairy Wall - Butter & Eggs,Dairy Wall,13,Shelf 3 - Bay 13,Shelf,,,"POLYGON ((1.6 1.36, 3.2 1.36, 3.2 1.4, 1.6 1.4, 1.6 1.36))",1,
FreshMart Banksia Grove,Dairy Wall - Butter & Eggs,Dairy Wall,13,Meadow Vale Free Range Eggs 12pk,Product,Meadow Vale,1,"POLYGON ((1.635 1.4, 1.875 1.4, 1.875 1.48, 1.635 1.48, 1.635 1.4))",2,3400
FreshMart Banksia Grove,Dairy Wall - Butter & Eggs,Dairy Wall,13,Sunny Run Margarine 1kg,Product,Sunny Run,1,"POLYGON ((1.887 1.4, 2.047 1.4, 2.047 1.48, 1.887 1.48, 1.887 1.4))",2,3500
FreshMart Banksia Grove,Dairy Wall - Butter & Eggs,Dairy Wall,13,Meadow Vale Ghee 300g,Product,Meadow Vale,1,"POLYGON ((2.059 1.4, 2.149 1.4, 2.149 1.49, 2.059 1.49, 2.059 1.4))",2,6100
FreshMart Banksia Grove,Dairy Wall - Butter & Eggs,Dairy Wall,13,FreshMart Essentials Ghee 300g,Product,FreshMart Essentials,1,"POLYGON ((2.161 1.4, 2.251 1.4, 2.251 1.49, 2.161 1.49, 2.161 1.4))",2,3300
FreshMart Banksia Grove,Dairy Wall - Butter & Eggs,Dairy Wall,13,Sunny Run Ghee 300g,Product,Sunny Run,1,"POLYGON ((2.263 1.4, 2.353 1.4, 2.353 1.49, 2.263 1.49, 2.263 1.4))",2,4100
FreshMart Banksia Grove,Dairy Wall - Butter & Eggs,Dairy Wall,13,Meadow Vale Ghee 300g,Product,Meadow Vale,3,"POLYGON ((2.365 1.4, 2.635 1.4, 2.635 1.49, 2.365 1.49, 2.365 1.4))",2,17300
FreshMart Banksia Grove,Dairy Wall - Butter & Eggs,Dairy Wall,13,Sunny Run Margarine 1kg,Product,Sunny Run,3,"POLYGON ((2.647 1.4, 3.127 1.4, 3.127 1.48, 2.647 1.48, 2.647 1.4))",2,17200
FreshMart Banksia Grove,Dairy Wall - Butter & Eggs,Dairy Wall,14,Air Grille 14,Air Grille,,,"POLYGON ((3.2 1.84, 4.8 1.84, 4.8 2.2, 3.2 2.2, 3.2 1.84))",1,
FreshMart Banksia Grove,Dairy Wall - Butter & Eggs,Dairy Wall,14,Base Deck - Bay 14,Base Deck,,,"POLYGON ((3.2 0, 4.8 0, 4.8 0.2, 3.2 0.2, 3.2 0))",1,
FreshMart Banksia Grove,Dairy Wall - Butter & Eggs,Dairy Wall,14,FreshMart Essentials Spreadable 400g,Product,FreshMart Essentials,1,"POLYGON ((3.235 0.2, 3.365 0.2, 3.365 0.27, 3.235 0.27, 3.235 0.2))",2,3600
FreshMart Banksia Grove,Dairy Wall - Butter & Eggs,Dairy Wall,14,Sunny Run Ghee 300g,Product,Sunny Run,2,"POLYGON ((3.377 0.2, 3.557 0.2, 3.557 0.29, 3.377 0.29, 3.377 0.2))",2,9800
FreshMart Banksia Grove,Dairy Wall - Butter & Eggs,Dairy Wall,14,FreshMart Essentials Spreadable 400g,Product,FreshMart Essentials,1,"POLYGON ((3.569 0.2, 3.699 0.2, 3.699 0.27, 3.569 0.27, 3.569 0.2))",2,6000
FreshMart Banksia Grove,Dairy Wall - Butter & Eggs,Dairy Wall,14,Sunny Run Ghee 300g,Product,Sunny Run,2,"POLYGON ((3.711 0.2, 3.891 0.2, 3.891 0.29, 3.711 0.29, 3.711 0.2))",2,11100
FreshMart Banksia Grove,Dairy Wall - Butter & Eggs,Dairy Wall,14,Sunny Run Spreadable 400g,Product,Sunny Run,1,"POLYGON ((3.903 0.2, 4.033 0.2, 4.033 0.27, 3.903 0.27, 3.903 0.2))",2,5300
FreshMart Banksia Grove,Dairy Wall - Butter & Eggs,Dairy Wall,14,Sunny Run Butter 500g,Product,Sunny Run,2,"POLYGON ((4.045 0.2, 4.305 0.2, 4.305 0.26, 4.045 0.26, 4.045 0.2))",2,7700
FreshMart Banksia Grove,Dairy Wall - Butter & Eggs,Dairy Wall,14,FreshMart Essentials Spreadable 400g,Product,FreshMart Essentials,1,"POLYGON ((4.317 0.2, 4.447 0.2, 4.447 0.27, 4.317 0.27, 4.317 0.2))",2,5500
FreshMart Banksia Grove,Dairy Wall - Butter & Eggs,Dairy Wall,14,Sunny Run Ghee 300g,Product,Sunny Run,1,"POLYGON ((4.459 0.2, 4.549 0.2, 4.549 0.29, 4.459 0.29, 4.459 0.2))",2,4900
FreshMart Banksia Grove,Dairy Wall - Butter & Eggs,Dairy Wall,14,FreshMart Essentials Margarine 1kg,Product,FreshMart Essentials,1,"POLYGON ((4.561 0.2, 4.721 0.2, 4.721 0.28, 4.561 0.28, 4.561 0.2))",2,4300
FreshMart Banksia Grove,Dairy Wall - Butter & Eggs,Dairy Wall,14,Shelf 1 - Bay 14,Shelf,,,"POLYGON ((3.2 0.56, 4.8 0.56, 4.8 0.6, 3.2 0.6, 3.2 0.56))",1,
FreshMart Banksia Grove,Dairy Wall - Butter & Eggs,Dairy Wall,14,Sunny Run Ghee 300g,Product,Sunny Run,3,"POLYGON ((3.235 0.6, 3.505 0.6, 3.505 0.69, 3.235 0.69, 3.235 0.6))",2,11600
FreshMart Banksia Grove,Dairy Wall - Butter & Eggs,Dairy Wall,14,FreshMart Essentials Eggs 700g 12pk,Product,FreshMart Essentials,3,"POLYGON ((3.517 0.6, 4.237 0.6, 4.237 0.68, 3.517 0.68, 3.517 0.6))",2,17300
FreshMart Banksia Grove,Dairy Wall - Butter & Eggs,Dairy Wall,14,Sunny Run Ghee 300g,Product,Sunny Run,1,"POLYGON ((4.249 0.6, 4.339 0.6, 4.339 0.69, 4.249 0.69, 4.249 0.6))",2,4800
FreshMart Banksia Grove,Dairy Wall - Butter & Eggs,Dairy Wall,14,Meadow Vale Free Range Eggs 12pk,Product,Meadow Vale,1,"POLYGON ((4.351 0.6, 4.591 0.6, 4.591 0.68, 4.351 0.68, 4.351 0.6))",2,6300
FreshMart Banksia Grove,Dairy Wall - Butter & Eggs,Dairy Wall,14,Meadow Vale Ghee 300g,Product,Meadow Vale,1,"POLYGON ((4.603 0.6, 4.693 0.6, 4.693 0.69, 4.603 0.69, 4.603 0.6))",2,5900
FreshMart Banksia Grove,Dairy Wall - Butter & Eggs,Dairy Wall,14,Shelf 2 - Bay 14,Shelf,,,"POLYGON ((3.2 0.96, 4.8 0.96, 4.8 1, 3.2 1, 3.2 0.96))",1,
FreshMart Banksia Grove,Dairy Wall - Butter & Eggs,Dairy Wall,14,Sunny Run Ghee 300g,Product,Sunny Run,1,"POLYGON ((3.235 1, 3.325 1, 3.325 1.09, 3.235 1.09, 3.235 1))",2,3400
FreshMart Banksia Grove,Dairy Wall - Butter & Eggs,Dairy Wall,14,Sunny Run Free Range Eggs 12pk,Product,Sunny Run,1,"POLYGON ((3.337 1, 3.577 1, 3.577 1.08, 3.337 1.08, 3.337 1))",2,4100
FreshMart Banksia Grove,Dairy Wall - Butter & Eggs,Dairy Wall,14,FreshMart Essentials Free Range Eggs 12pk,Product,FreshMart Essentials,1,"POLYGON ((3.589 1, 3.829 1, 3.829 1.08, 3.589 1.08, 3.589 1))",2,4700
FreshMart Banksia Grove,Dairy Wall - Butter & Eggs,Dairy Wall,14,Sunny Run Margarine 1kg,Product,Sunny Run,3,"POLYGON ((3.841 1, 4.321 1, 4.321 1.08, 3.841 1.08, 3.841 1))",2,10000
FreshMart Banksia Grove,Dairy Wall - Butter & Eggs,Dairy Wall,14,FreshMart Essentials Eggs 700g 12pk,Product,FreshMart Essentials,1,"POLYGON ((4.333 1, 4.573 1, 4.573 1.08, 4.333 1.08, 4.333 1))",2,4000
FreshMart Banksia Grove,Dairy Wall - Butter & Eggs,Dairy Wall,14,Sunny Run Spreadable 400g,Product,Sunny Run,1,"POLYGON ((4.585 1, 4.715 1, 4.715 1.07, 4.585 1.07, 4.585 1))",2,5000
FreshMart Banksia Grove,Dairy Wall - Butter & Eggs,Dairy Wall,14,Shelf 3 - Bay 14,Shelf,,,"POLYGON ((3.2 1.36, 4.8 1.36, 4.8 1.4, 3.2 1.4, 3.2 1.36))",1,
FreshMart Banksia Grove,Dairy Wall - Butter & Eggs,Dairy Wall,14,FreshMart Essentials Butter 500g,Product,FreshMart Essentials,3,"POLYGON ((3.235 1.4, 3.625 1.4, 3.625 1.46, 3.235 1.46, 3.235 1.4))",2,9700
FreshMart Banksia Grove,Dairy Wall - Butter & Eggs,Dairy Wall,14,Meadow Vale Eggs 700g 12pk,Product,Meadow Vale,2,"POLYGON ((3.637 1.4, 4.117 1.4, 4.117 1.48, 3.637 1.48, 3.637 1.4))",2,11000
FreshMart Banksia Grove,Dairy Wall - Butter & Eggs,Dairy Wall,14,FreshMart Essentials Eggs 700g 12pk,Product,FreshMart Essentials,2,"POLYGON ((4.129 1.4, 4.609 1.4, 4.609 1.48, 4.129 1.48, 4.129 1.4))",2,8400
FreshMart Banksia Grove,Dairy Wall - Butter & Eggs,Dairy Wall,14,FreshMart Essentials Spreadable 400g,Product,FreshMart Essentials,1,"POLYGON ((4.621 1.4, 4.751 1.4, 4.751 1.47, 4.621 1.47, 4.621 1.4))",2,6100
FreshMart Banksia Grove,Chiller Wall - Juices & Drinks,Chiller Wall,01,Bay Frame 01,Rack,,,"POLYGON ((0 0, 1.6 0, 1.6 2.2, 0 2.2, 0 0))",0,
FreshMart Banksia Grove,Chiller Wall - Juices & Drinks,Chiller Wall,02,Bay Frame 02,Rack,,,"POLYGON ((1.6 0, 3.2 0, 3.2 2.2, 1.6 2.2, 1.6 0))",0,
FreshMart Banksia Grove,Chiller Wall - Juices & Drinks,Chiller Wall,03,Bay Frame 03,Rack,,,"POLYGON ((3.2 0, 4.8 0, 4.8 2.2, 3.2 2.2, 3.2 0))",0,
FreshMart Banksia Grove,Chiller Wall - Juices & Drinks,Chiller Wall,,Upright 1,Rack,,,"POLYGON ((0 0, 0.025 0, 0.025 2.2, 0 2.2, 0 0))",0,
FreshMart Banksia Grove,Chiller Wall - Juices & Drinks,Chiller Wall,,Upright 2,Rack,,,"POLYGON ((1.575 0, 1.625 0, 1.625 2.2, 1.575 2.2, 1.575 0))",0,
FreshMart Banksia Grove,Chiller Wall - Juices & Drinks,Chiller Wall,,Upright 3,Rack,,,"POLYGON ((3.175 0, 3.225 0, 3.225 2.2, 3.175 2.2, 3.175 0))",0,
FreshMart Banksia Grove,Chiller Wall - Juices & Drinks,Chiller Wall,,Upright 4,Rack,,,"POLYGON ((4.775 0, 4.8 0, 4.8 2.2, 4.775 2.2, 4.775 0))",0,
FreshMart Banksia Grove,Chiller Wall - Juices & Drinks,Chiller Wall,01,Air Grille 01,Air Grille,,,"POLYGON ((0 1.84, 1.6 1.84, 1.6 2.2, 0 2.2, 0 1.84))",1,
FreshMart Banksia Grove,Chiller Wall - Juices & Drinks,Chiller Wall,01,Base Deck - Bay 01,Base Deck,,,"POLYGON ((0 0, 1.6 0, 1.6 0.2, 0 0.2, 0 0))",1,
FreshMart Banksia Grove,Chiller Wall - Juices & Drinks,Chiller Wall,01,FreshMart Essentials Iced Tea 1.5L,Product,FreshMart Essentials,3,"POLYGON ((0.035 0.2, 0.305 0.2, 0.305 0.45, 0.035 0.45, 0.035 0.2))",2,15900
FreshMart Banksia Grove,Chiller Wall - Juices & Drinks,Chiller Wall,01,FreshMart Essentials Orange Juice 2L,Product,FreshMart Essentials,1,"POLYGON ((0.317 0.2, 0.417 0.2, 0.417 0.46, 0.317 0.46, 0.317 0.2))",2,3900
FreshMart Banksia Grove,Chiller Wall - Juices & Drinks,Chiller Wall,01,FreshMart Essentials Orange Juice 2L,Product,FreshMart Essentials,2,"POLYGON ((0.429 0.2, 0.629 0.2, 0.629 0.46, 0.429 0.46, 0.429 0.2))",2,6500
FreshMart Banksia Grove,Chiller Wall - Juices & Drinks,Chiller Wall,01,FreshMart Essentials Apple Juice 2L,Product,FreshMart Essentials,1,"POLYGON ((0.641 0.2, 0.741 0.2, 0.741 0.46, 0.641 0.46, 0.641 0.2))",2,3000
FreshMart Banksia Grove,Chiller Wall - Juices & Drinks,Chiller Wall,01,Sunburst Iced Tea 1.5L,Product,Sunburst,3,"POLYGON ((0.753 0.2, 1.023 0.2, 1.023 0.45, 0.753 0.45, 0.753 0.2))",2,15300
FreshMart Banksia Grove,Chiller Wall - Juices & Drinks,Chiller Wall,01,Sunburst Cold Brew Coffee 1L,Product,Sunburst,3,"POLYGON ((1.035 0.2, 1.275 0.2, 1.275 0.42, 1.035 0.42, 1.035 0.2))",2,7800
FreshMart Banksia Grove,Chiller Wall - Juices & Drinks,Chiller Wall,01,Orchard Lane Iced Tea 1.5L,Product,Orchard Lane,1,"POLYGON ((1.287 0.2, 1.377 0.2, 1.377 0.45, 1.287 0.45, 1.287 0.2))",2,2700
FreshMart Banksia Grove,Chiller Wall - Juices & Drinks,Chiller Wall,01,Sunburst Smoothie Mango 350ml,Product,Sunburst,1,"POLYGON ((1.389 0.2, 1.459 0.2, 1.459 0.36, 1.389 0.36, 1.389 0.2))",2,4500
FreshMart Banksia Grove,Chiller Wall - Juices & Drinks,Chiller Wall,01,Orchard Lane Kombucha 750ml,Product,Orchard Lane,1,"POLYGON ((1.471 0.2, 1.551 0.2, 1.551 0.44, 1.471 0.44, 1.471 0.2))",2,5000
FreshMart Banksia Grove,Chiller Wall - Juices & Drinks,Chiller Wall,01,Shelf 1 - Bay 01,Shelf,,,"POLYGON ((0 0.56, 1.6 0.56, 1.6 0.6, 0 0.6, 0 0.56))",1,
FreshMart Banksia Grove,Chiller Wall - Juices & Drinks,Chiller Wall,01,Sunburst Iced Tea 1.5L,Product,Sunburst,3,"POLYGON ((0.035 0.6, 0.305 0.6, 0.305 0.85, 0.035 0.85, 0.035 0.6))",2,10600
FreshMart Banksia Grove,Chiller Wall - Juices & Drinks,Chiller Wall,01,Sunburst Orange Juice 2L,Product,Sunburst,1,"POLYGON ((0.317 0.6, 0.417 0.6, 0.417 0.86, 0.317 0.86, 0.317 0.6))",2,4200
FreshMart Banksia Grove,Chiller Wall - Juices & Drinks,Chiller Wall,01,Orchard Lane Iced Tea 1.5L,Product,Orchard Lane,2,"POLYGON ((0.429 0.6, 0.609 0.6, 0.609 0.85, 0.429 0.85, 0.429 0.6))",2,10500
FreshMart Banksia Grove,Chiller Wall - Juices & Drinks,Chiller Wall,01,Orchard Lane Kombucha 750ml,Product,Orchard Lane,1,"POLYGON ((0.621 0.6, 0.701 0.6, 0.701 0.84, 0.621 0.84, 0.621 0.6))",2,3200
FreshMart Banksia Grove,Chiller Wall - Juices & Drinks,Chiller Wall,01,Sunburst Iced Tea 1.5L,Product,Sunburst,3,"POLYGON ((0.713 0.6, 0.983 0.6, 0.983 0.85, 0.713 0.85, 0.713 0.6))",2,13500
FreshMart Banksia Grove,Chiller Wall - Juices & Drinks,Chiller Wall,01,Orchard Lane Orange Juice 2L,Product,Orchard Lane,1,"POLYGON ((0.995 0.6, 1.095 0.6, 1.095 0.86, 0.995 0.86, 0.995 0.6))",2,3100
FreshMart Banksia Grove,Chiller Wall - Juices & Drinks,Chiller Wall,01,Sunburst Kombucha 750ml,Product,Sunburst,2,"POLYGON ((1.107 0.6, 1.267 0.6, 1.267 0.84, 1.107 0.84, 1.107 0.6))",2,6300
FreshMart Banksia Grove,Chiller Wall - Juices & Drinks,Chiller Wall,01,FreshMart Essentials Cold Brew Coffee 1L,Product,FreshMart Essentials,2,"POLYGON ((1.279 0.6, 1.439 0.6, 1.439 0.82, 1.279 0.82, 1.279 0.6))",2,8800
FreshMart Banksia Grove,Chiller Wall - Juices & Drinks,Chiller Wall,01,Orchard Lane Kombucha 750ml,Product,Orchard Lane,1,"POLYGON ((1.451 0.6, 1.531 0.6, 1.531 0.84, 1.451 0.84, 1.451 0.6))",2,3000
FreshMart Banksia Grove,Chiller Wall - Juices & Drinks,Chiller Wall,01,Shelf 2 - Bay 01,Shelf,,,"POLYGON ((0 0.96, 1.6 0.96, 1.6 1, 0 1, 0 0.96))",1,
FreshMart Banksia Grove,Chiller Wall - Juices & Drinks,Chiller Wall,01,Orchard Lane Kombucha 750ml,Product,Orchard Lane,2,"POLYGON ((0.035 1, 0.195 1, 0.195 1.24, 0.035 1.24, 0.035 1))",2,6700
FreshMart Banksia Grove,Chiller Wall - Juices & Drinks,Chiller Wall,01,Sunburst Smoothie Mango 350ml,Product,Sunburst,3,"POLYGON ((0.207 1, 0.417 1, 0.417 1.16, 0.207 1.16, 0.207 1))",2,10500
FreshMart Banksia Grove,Chiller Wall - Juices & Drinks,Chiller Wall,01,Sunburst Cold Brew Coffee 1L,Product,Sunburst,2,"POLYGON ((0.429 1, 0.589 1, 0.589 1.22, 0.429 1.22, 0.429 1))",2,10700
FreshMart Banksia Grove,Chiller Wall - Juices & Drinks,Chiller Wall,01,Sunburst Orange Juice 2L,Product,Sunburst,2,"POLYGON ((0.601 1, 0.801 1, 0.801 1.26, 0.601 1.26, 0.601 1))",2,8400
FreshMart Banksia Grove,Chiller Wall - Juices & Drinks,Chiller Wall,01,FreshMart Essentials Cold Brew Coffee 1L,Product,FreshMart Essentials,3,"POLYGON ((0.813 1, 1.053 1, 1.053 1.22, 0.813 1.22, 0.813 1))",2,10400
FreshMart Banksia Grove,Chiller Wall - Juices & Drinks,Chiller Wall,01,Sunburst Iced Tea 1.5L,Product,Sunburst,1,"POLYGON ((1.065 1, 1.155 1, 1.155 1.25, 1.065 1.25, 1.065 1))",2,3000
FreshMart Banksia Grove,Chiller Wall - Juices & Drinks,Chiller Wall,01,Orchard Lane Apple Juice 2L,Product,Orchard Lane,3,"POLYGON ((1.167 1, 1.467 1, 1.467 1.26, 1.167 1.26, 1.167 1))",2,15800
FreshMart Banksia Grove,Chiller Wall - Juices & Drinks,Chiller Wall,01,Sunburst Kombucha 750ml,Product,Sunburst,1,"POLYGON ((1.479 1, 1.559 1, 1.559 1.24, 1.479 1.24, 1.479 1))",2,2900
FreshMart Banksia Grove,Chiller Wall - Juices & Drinks,Chiller Wall,01,Shelf 3 - Bay 01,Shelf,,,"POLYGON ((0 1.36, 1.6 1.36, 1.6 1.4, 0 1.4, 0 1.36))",1,
FreshMart Banksia Grove,Chiller Wall - Juices & Drinks,Chiller Wall,01,Orchard Lane Smoothie Mango 350ml,Product,Orchard Lane,1,"POLYGON ((0.035 1.4, 0.105 1.4, 0.105 1.56, 0.035 1.56, 0.035 1.4))",2,3300
FreshMart Banksia Grove,Chiller Wall - Juices & Drinks,Chiller Wall,01,Sunburst Apple Juice 2L,Product,Sunburst,2,"POLYGON ((0.117 1.4, 0.317 1.4, 0.317 1.66, 0.117 1.66, 0.117 1.4))",2,5400
FreshMart Banksia Grove,Chiller Wall - Juices & Drinks,Chiller Wall,01,FreshMart Essentials Smoothie Mango 350ml,Product,FreshMart Essentials,1,"POLYGON ((0.329 1.4, 0.399 1.4, 0.399 1.56, 0.329 1.56, 0.329 1.4))",2,4200
FreshMart Banksia Grove,Chiller Wall - Juices & Drinks,Chiller Wall,01,FreshMart Essentials Cold Brew Coffee 1L,Product,FreshMart Essentials,1,"POLYGON ((0.411 1.4, 0.491 1.4, 0.491 1.62, 0.411 1.62, 0.411 1.4))",2,2900
FreshMart Banksia Grove,Chiller Wall - Juices & Drinks,Chiller Wall,01,Orchard Lane Apple Juice 2L,Product,Orchard Lane,3,"POLYGON ((0.503 1.4, 0.803 1.4, 0.803 1.66, 0.503 1.66, 0.503 1.4))",2,14900
FreshMart Banksia Grove,Chiller Wall - Juices & Drinks,Chiller Wall,01,FreshMart Essentials Kombucha 750ml,Product,FreshMart Essentials,1,"POLYGON ((0.815 1.4, 0.895 1.4, 0.895 1.64, 0.815 1.64, 0.815 1.4))",2,3500
FreshMart Banksia Grove,Chiller Wall - Juices & Drinks,Chiller Wall,01,FreshMart Essentials Orange Juice 2L,Product,FreshMart Essentials,3,"POLYGON ((0.907 1.4, 1.207 1.4, 1.207 1.66, 0.907 1.66, 0.907 1.4))",2,13000
FreshMart Banksia Grove,Chiller Wall - Juices & Drinks,Chiller Wall,01,Sunburst Apple Juice 2L,Product,Sunburst,1,"POLYGON ((1.219 1.4, 1.319 1.4, 1.319 1.66, 1.219 1.66, 1.219 1.4))",2,4200
FreshMart Banksia Grove,Chiller Wall - Juices & Drinks,Chiller Wall,01,FreshMart Essentials Smoothie Mango 350ml,Product,FreshMart Essentials,3,"POLYGON ((1.331 1.4, 1.541 1.4, 1.541 1.56, 1.331 1.56, 1.331 1.4))",2,15200
FreshMart Banksia Grove,Chiller Wall - Juices & Drinks,Chiller Wall,02,Air Grille 02,Air Grille,,,"POLYGON ((1.6 1.84, 3.2 1.84, 3.2 2.2, 1.6 2.2, 1.6 1.84))",1,
FreshMart Banksia Grove,Chiller Wall - Juices & Drinks,Chiller Wall,02,Base Deck - Bay 02,Base Deck,,,"POLYGON ((1.6 0, 3.2 0, 3.2 0.2, 1.6 0.2, 1.6 0))",1,
FreshMart Banksia Grove,Chiller Wall - Juices & Drinks,Chiller Wall,02,FreshMart Essentials Smoothie Mango 350ml,Product,FreshMart Essentials,3,"POLYGON ((1.635 0.2, 1.845 0.2, 1.845 0.36, 1.635 0.36, 1.635 0.2))",2,16000
FreshMart Banksia Grove,Chiller Wall - Juices & Drinks,Chiller Wall,02,Orchard Lane Orange Juice 2L,Product,Orchard Lane,3,"POLYGON ((1.857 0.2, 2.157 0.2, 2.157 0.46, 1.857 0.46, 1.857 0.2))",2,13900
FreshMart Banksia Grove,Chiller Wall - Juices & Drinks,Chiller Wall,02,Orchard Lane Iced Tea 1.5L,Product,Orchard Lane,1,"POLYGON ((2.169 0.2, 2.259 0.2, 2.259 0.45, 2.169 0.45, 2.169 0.2))",2,4200
FreshMart Banksia Grove,Chiller Wall - Juices & Drinks,Chiller Wall,02,Orchard Lane Kombucha 750ml,Product,Orchard Lane,3,"POLYGON ((2.271 0.2, 2.511 0.2, 2.511 0.44, 2.271 0.44, 2.271 0.2))",2,14700
FreshMart Banksia Grove,Chiller Wall - Juices & Drinks,Chiller Wall,02,Orchard Lane Iced Tea 1.5L,Product,Orchard Lane,1,"POLYGON ((2.523 0.2, 2.613 0.2, 2.613 0.45, 2.523 0.45, 2.523 0.2))",2,3900
FreshMart Banksia Grove,Chiller Wall - Juices & Drinks,Chiller Wall,02,FreshMart Essentials Smoothie Mango 350ml,Product,FreshMart Essentials,2,"POLYGON ((2.625 0.2, 2.765 0.2, 2.765 0.36, 2.625 0.36, 2.625 0.2))",2,6300
FreshMart Banksia Grove,Chiller Wall - Juices & Drinks,Chiller Wall,02,Sunburst Kombucha 750ml,Product,Sunburst,3,"POLYGON ((2.777 0.2, 3.017 0.2, 3.017 0.44, 2.777 0.44, 2.777 0.2))",2,11600
FreshMart Banksia Grove,Chiller Wall - Juices & Drinks,Chiller Wall,02,Orchard Lane Orange Juice 2L,Product,Orchard Lane,1,"POLYGON ((3.029 0.2, 3.129 0.2, 3.129 0.46, 3.029 0.46, 3.029 0.2))",2,4200
FreshMart Banksia Grove,Chiller Wall - Juices & Drinks,Chiller Wall,02,Shelf 1 - Bay 02,Shelf,,,"POLYGON ((1.6 0.56, 3.2 0.56, 3.2 0.6, 1.6 0.6, 1.6 0.56))",1,
FreshMart Banksia Grove,Chiller Wall - Juices & Drinks,Chiller Wall,02,Orchard Lane Orange Juice 2L,Product,Orchard Lane,1,"POLYGON ((1.635 0.6, 1.735 0.6, 1.735 0.86, 1.635 0.86, 1.635 0.6))",2,3600
FreshMart Banksia Grove,Chiller Wall - Juices & Drinks,Chiller Wall,02,Orchard Lane Apple Juice 2L,Product,Orchard Lane,3,"POLYGON ((1.747 0.6, 2.047 0.6, 2.047 0.86, 1.747 0.86, 1.747 0.6))",2,13200
FreshMart Banksia Grove,Chiller Wall - Juices & Drinks,Chiller Wall,02,Orchard Lane Cold Brew Coffee 1L,Product,Orchard Lane,3,"POLYGON ((2.059 0.6, 2.299 0.6, 2.299 0.82, 2.059 0.82, 2.059 0.6))",2,12400
FreshMart Banksia Grove,Chiller Wall - Juices & Drinks,Chiller Wall,02,FreshMart Essentials Kombucha 750ml,Product,FreshMart Essentials,1,"POLYGON ((2.311 0.6, 2.391 0.6, 2.391 0.84, 2.311 0.84, 2.311 0.6))",2,4100
FreshMart Banksia Grove,Chiller Wall - Juices & Drinks,Chiller Wall,02,FreshMart Essentials Orange Juice 2L,Product,FreshMart Essentials,2,"POLYGON ((2.403 0.6, 2.603 0.6, 2.603 0.86, 2.403 0.86, 2.403 0.6))",2,6000
FreshMart Banksia Grove,Chiller Wall - Juices & Drinks,Chiller Wall,02,FreshMart Essentials Cold Brew Coffee 1L,Product,FreshMart Essentials,3,"POLYGON ((2.615 0.6, 2.855 0.6, 2.855 0.82, 2.615 0.82, 2.615 0.6))",2,12800
FreshMart Banksia Grove,Chiller Wall - Juices & Drinks,Chiller Wall,02,FreshMart Essentials Smoothie Mango 350ml,Product,FreshMart Essentials,3,"POLYGON ((2.867 0.6, 3.077 0.6, 3.077 0.76, 2.867 0.76, 2.867 0.6))",2,16000
FreshMart Banksia Grove,Chiller Wall - Juices & Drinks,Chiller Wall,02,Sunburst Smoothie Mango 350ml,Product,Sunburst,1,"POLYGON ((3.089 0.6, 3.159 0.6, 3.159 0.76, 3.089 0.76, 3.089 0.6))",2,3800
FreshMart Banksia Grove,Chiller Wall - Juices & Drinks,Chiller Wall,02,Shelf 2 - Bay 02,Shelf,,,"POLYGON ((1.6 0.96, 3.2 0.96, 3.2 1, 1.6 1, 1.6 0.96))",1,
FreshMart Banksia Grove,Chiller Wall - Juices & Drinks,Chiller Wall,02,FreshMart Essentials Orange Juice 2L,Product,FreshMart Essentials,2,"POLYGON ((1.635 1, 1.835 1, 1.835 1.26, 1.635 1.26, 1.635 1))",2,8200
FreshMart Banksia Grove,Chiller Wall - Juices & Drinks,Chiller Wall,02,FreshMart Essentials Smoothie Mango 350ml,Product,FreshMart Essentials,3,"POLYGON ((1.847 1, 2.057 1, 2.057 1.16, 1.847 1.16, 1.847 1))",2,12600
FreshMart Banksia Grove,Chiller Wall - Juices & Drinks,Chiller Wall,02,Sunburst Iced Tea 1.5L,Product,Sunburst,3,"POLYGON ((2.069 1, 2.339 1, 2.339 1.25, 2.069 1.25, 2.069 1))",2,10700
FreshMart Banksia Grove,Chiller Wall - Juices & Drinks,Chiller Wall,02,Sunburst Apple Juice 2L,Product,Sunburst,2,"POLYGON ((2.351 1, 2.551 1, 2.551 1.26, 2.351 1.26, 2.351 1))",2,6700
FreshMart Banksia Grove,Chiller Wall - Juices & Drinks,Chiller Wall,02,Orchard Lane Orange Juice 2L,Product,Orchard Lane,1,"POLYGON ((2.563 1, 2.663 1, 2.663 1.26, 2.563 1.26, 2.563 1))",2,4000
FreshMart Banksia Grove,Chiller Wall - Juices & Drinks,Chiller Wall,02,Sunburst Apple Juice 2L,Product,Sunburst,3,"POLYGON ((2.675 1, 2.975 1, 2.975 1.26, 2.675 1.26, 2.675 1))",2,14600
FreshMart Banksia Grove,Chiller Wall - Juices & Drinks,Chiller Wall,02,Sunburst Kombucha 750ml,Product,Sunburst,2,"POLYGON ((2.987 1, 3.147 1, 3.147 1.24, 2.987 1.24, 2.987 1))",2,7400
FreshMart Banksia Grove,Chiller Wall - Juices & Drinks,Chiller Wall,02,Shelf 3 - Bay 02,Shelf,,,"POLYGON ((1.6 1.36, 3.2 1.36, 3.2 1.4, 1.6 1.4, 1.6 1.36))",1,
FreshMart Banksia Grove,Chiller Wall - Juices & Drinks,Chiller Wall,02,Orchard Lane Cold Brew Coffee 1L,Product,Orchard Lane,3,"POLYGON ((1.635 1.4, 1.875 1.4, 1.875 1.62, 1.635 1.62, 1.635 1.4))",2,12800
FreshMart Banksia Grove,Chiller Wall - Juices & Drinks,Chiller Wall,02,Orchard Lane Apple Juice 2L,Product,Orchard Lane,2,"POLYGON ((1.887 1.4, 2.087 1.4, 2.087 1.66, 1.887 1.66, 1.887 1.4))",2,8900
FreshMart Banksia Grove,Chiller Wall - Juices & Drinks,Chiller Wall,02,Orchard Lane Orange Juice 2L,Product,Orchard Lane,1,"POLYGON ((2.099 1.4, 2.199 1.4, 2.199 1.66, 2.099 1.66, 2.099 1.4))",2,3800
FreshMart Banksia Grove,Chiller Wall - Juices & Drinks,Chiller Wall,02,Orchard Lane Apple Juice 2L,Product,Orchard Lane,1,"POLYGON ((2.211 1.4, 2.311 1.4, 2.311 1.66, 2.211 1.66, 2.211 1.4))",2,4600
FreshMart Banksia Grove,Chiller Wall - Juices & Drinks,Chiller Wall,02,Orchard Lane Orange Juice 2L,Product,Orchard Lane,3,"POLYGON ((2.323 1.4, 2.623 1.4, 2.623 1.66, 2.323 1.66, 2.323 1.4))",2,12900
FreshMart Banksia Grove,Chiller Wall - Juices & Drinks,Chiller Wall,02,Sunburst Smoothie Mango 350ml,Product,Sunburst,1,"POLYGON ((2.635 1.4, 2.705 1.4, 2.705 1.56, 2.635 1.56, 2.635 1.4))",2,4500
FreshMart Banksia Grove,Chiller Wall - Juices & Drinks,Chiller Wall,02,Sunburst Apple Juice 2L,Product,Sunburst,1,"POLYGON ((2.717 1.4, 2.817 1.4, 2.817 1.66, 2.717 1.66, 2.717 1.4))",2,3500
FreshMart Banksia Grove,Chiller Wall - Juices & Drinks,Chiller Wall,02,Orchard Lane Iced Tea 1.5L,Product,Orchard Lane,2,"POLYGON ((2.829 1.4, 3.009 1.4, 3.009 1.65, 2.829 1.65, 2.829 1.4))",2,9400
FreshMart Banksia Grove,Chiller Wall - Juices & Drinks,Chiller Wall,02,Sunburst Apple Juice 2L,Product,Sunburst,1,"POLYGON ((3.021 1.4, 3.121 1.4, 3.121 1.66, 3.021 1.66, 3.021 1.4))",2,4800
FreshMart Banksia Grove,Chiller Wall - Juices & Drinks,Chiller Wall,03,Air Grille 03,Air Grille,,,"POLYGON ((3.2 1.84, 4.8 1.84, 4.8 2.2, 3.2 2.2, 3.2 1.84))",1,
FreshMart Banksia Grove,Chiller Wall - Juices & Drinks,Chiller Wall,03,Base Deck - Bay 03,Base Deck,,,"POLYGON ((3.2 0, 4.8 0, 4.8 0.2, 3.2 0.2, 3.2 0))",1,
FreshMart Banksia Grove,Chiller Wall - Juices & Drinks,Chiller Wall,03,Orchard Lane Kombucha 750ml,Product,Orchard Lane,1,"POLYGON ((3.235 0.2, 3.315 0.2, 3.315 0.44, 3.235 0.44, 3.235 0.2))",2,3800
FreshMart Banksia Grove,Chiller Wall - Juices & Drinks,Chiller Wall,03,Orchard Lane Apple Juice 2L,Product,Orchard Lane,3,"POLYGON ((3.327 0.2, 3.627 0.2, 3.627 0.46, 3.327 0.46, 3.327 0.2))",2,13400
FreshMart Banksia Grove,Chiller Wall - Juices & Drinks,Chiller Wall,03,Sunburst Kombucha 750ml,Product,Sunburst,2,"POLYGON ((3.639 0.2, 3.799 0.2, 3.799 0.44, 3.639 0.44, 3.639 0.2))",2,6800
FreshMart Banksia Grove,Chiller Wall - Juices & Drinks,Chiller Wall,03,FreshMart Essentials Kombucha 750ml,Product,FreshMart Essentials,1,"POLYGON ((3.811 0.2, 3.891 0.2, 3.891 0.44, 3.811 0.44, 3.811 0.2))",2,5200
FreshMart Banksia Grove,Chiller Wall - Juices & Drinks,Chiller Wall,03,Orchard Lane Smoothie Mango 350ml,Product,Orchard Lane,1,"POLYGON ((3.903 0.2, 3.973 0.2, 3.973 0.36, 3.903 0.36, 3.903 0.2))",2,2700
FreshMart Banksia Grove,Chiller Wall - Juices & Drinks,Chiller Wall,03,FreshMart Essentials Kombucha 750ml,Product,FreshMart Essentials,3,"POLYGON ((3.985 0.2, 4.225 0.2, 4.225 0.44, 3.985 0.44, 3.985 0.2))",2,14400
FreshMart Banksia Grove,Chiller Wall - Juices & Drinks,Chiller Wall,03,Orchard Lane Kombucha 750ml,Product,Orchard Lane,1,"POLYGON ((4.237 0.2, 4.317 0.2, 4.317 0.44, 4.237 0.44, 4.237 0.2))",2,4600
FreshMart Banksia Grove,Chiller Wall - Juices & Drinks,Chiller Wall,03,FreshMart Essentials Iced Tea 1.5L,Product,FreshMart Essentials,2,"POLYGON ((4.329 0.2, 4.509 0.2, 4.509 0.45, 4.329 0.45, 4.329 0.2))",2,9300
FreshMart Banksia Grove,Chiller Wall - Juices & Drinks,Chiller Wall,03,Sunburst Kombucha 750ml,Product,Sunburst,3,"POLYGON ((4.521 0.2, 4.761 0.2, 4.761 0.44, 4.521 0.44, 4.521 0.2))",2,9400
FreshMart Banksia Grove,Chiller Wall - Juices & Drinks,Chiller Wall,03,Shelf 1 - Bay 03,Shelf,,,"POLYGON ((3.2 0.56, 4.8 0.56, 4.8 0.6, 3.2 0.6, 3.2 0.56))",1,
FreshMart Banksia Grove,Chiller Wall - Juices & Drinks,Chiller Wall,03,Sunburst Orange Juice 2L,Product,Sunburst,1,"POLYGON ((3.235 0.6, 3.335 0.6, 3.335 0.86, 3.235 0.86, 3.235 0.6))",2,4300
FreshMart Banksia Grove,Chiller Wall - Juices & Drinks,Chiller Wall,03,Sunburst Kombucha 750ml,Product,Sunburst,3,"POLYGON ((3.347 0.6, 3.587 0.6, 3.587 0.84, 3.347 0.84, 3.347 0.6))",2,10400
FreshMart Banksia Grove,Chiller Wall - Juices & Drinks,Chiller Wall,03,Orchard Lane Kombucha 750ml,Product,Orchard Lane,1,"POLYGON ((3.599 0.6, 3.679 0.6, 3.679 0.84, 3.599 0.84, 3.599 0.6))",2,2700
FreshMart Banksia Grove,Chiller Wall - Juices & Drinks,Chiller Wall,03,Orchard Lane Kombucha 750ml,Product,Orchard Lane,2,"POLYGON ((3.691 0.6, 3.851 0.6, 3.851 0.84, 3.691 0.84, 3.691 0.6))",2,9400
FreshMart Banksia Grove,Chiller Wall - Juices & Drinks,Chiller Wall,03,Orchard Lane Apple Juice 2L,Product,Orchard Lane,2,"POLYGON ((3.863 0.6, 4.063 0.6, 4.063 0.86, 3.863 0.86, 3.863 0.6))",2,9100
FreshMart Banksia Grove,Chiller Wall - Juices & Drinks,Chiller Wall,03,Sunburst Iced Tea 1.5L,Product,Sunburst,2,"POLYGON ((4.075 0.6, 4.255 0.6, 4.255 0.85, 4.075 0.85, 4.075 0.6))",2,5900
FreshMart Banksia Grove,Chiller Wall - Juices & Drinks,Chiller Wall,03,Orchard Lane Cold Brew Coffee 1L,Product,Orchard Lane,1,"POLYGON ((4.267 0.6, 4.347 0.6, 4.347 0.82, 4.267 0.82, 4.267 0.6))",2,3700
FreshMart Banksia Grove,Chiller Wall - Juices & Drinks,Chiller Wall,03,Orchard Lane Apple Juice 2L,Product,Orchard Lane,1,"POLYGON ((4.359 0.6, 4.459 0.6, 4.459 0.86, 4.359 0.86, 4.359 0.6))",2,4200
FreshMart Banksia Grove,Chiller Wall - Juices & Drinks,Chiller Wall,03,Orchard Lane Iced Tea 1.5L,Product,Orchard Lane,3,"POLYGON ((4.471 0.6, 4.741 0.6, 4.741 0.85, 4.471 0.85, 4.471 0.6))",2,12700
FreshMart Banksia Grove,Chiller Wall - Juices & Drinks,Chiller Wall,03,Shelf 2 - Bay 03,Shelf,,,"POLYGON ((3.2 0.96, 4.8 0.96, 4.8 1, 3.2 1, 3.2 0.96))",1,
FreshMart Banksia Grove,Chiller Wall - Juices & Drinks,Chiller Wall,03,Sunburst Iced Tea 1.5L,Product,Sunburst,3,"POLYGON ((3.235 1, 3.505 1, 3.505 1.25, 3.235 1.25, 3.235 1))",2,15700
FreshMart Banksia Grove,Chiller Wall - Juices & Drinks,Chiller Wall,03,Orchard Lane Orange Juice 2L,Product,Orchard Lane,3,"POLYGON ((3.517 1, 3.817 1, 3.817 1.26, 3.517 1.26, 3.517 1))",2,14200
FreshMart Banksia Grove,Chiller Wall - Juices & Drinks,Chiller Wall,03,Orchard Lane Apple Juice 2L,Product,Orchard Lane,1,"POLYGON ((3.829 1, 3.929 1, 3.929 1.26, 3.829 1.26, 3.829 1))",2,4400
FreshMart Banksia Grove,Chiller Wall - Juices & Drinks,Chiller Wall,03,Orchard Lane Iced Tea 1.5L,Product,Orchard Lane,3,"POLYGON ((3.941 1, 4.211 1, 4.211 1.25, 3.941 1.25, 3.941 1))",2,15800
FreshMart Banksia Grove,Chiller Wall - Juices & Drinks,Chiller Wall,03,Orchard Lane Iced Tea 1.5L,Product,Orchard Lane,2,"POLYGON ((4.223 1, 4.403 1, 4.403 1.25, 4.223 1.25, 4.223 1))",2,9300
FreshMart Banksia Grove,Chiller Wall - Juices & Drinks,Chiller Wall,03,FreshMart Essentials Orange Juice 2L,Product,FreshMart Essentials,3,"POLYGON ((4.415 1, 4.715 1, 4.715 1.26, 4.415 1.26, 4.415 1))",2,15800
FreshMart Banksia Grove,Chiller Wall - Juices & Drinks,Chiller Wall,03,Shelf 3 - Bay 03,Shelf,,,"POLYGON ((3.2 1.36, 4.8 1.36, 4.8 1.4, 3.2 1.4, 3.2 1.36))",1,
FreshMart Banksia Grove,Chiller Wall - Juices & Drinks,Chiller Wall,03,Orchard Lane Cold Brew Coffee 1L,Product,Orchard Lane,2,"POLYGON ((3.235 1.4, 3.395 1.4, 3.395 1.62, 3.235 1.62, 3.235 1.4))",2,9700
FreshMart Banksia Grove,Chiller Wall - Juices & Drinks,Chiller Wall,03,FreshMart Essentials Cold Brew Coffee 1L,Product,FreshMart Essentials,1,"POLYGON ((3.407 1.4, 3.487 1.4, 3.487 1.62, 3.407 1.62, 3.407 1.4))",2,5200
FreshMart Banksia Grove,Chiller Wall - Juices & Drinks,Chiller Wall,03,Orchard Lane Smoothie Mango 350ml,Product,Orchard Lane,3,"POLYGON ((3.499 1.4, 3.709 1.4, 3.709 1.56, 3.499 1.56, 3.499 1.4))",2,15600
FreshMart Banksia Grove,Chiller Wall - Juices & Drinks,Chiller Wall,03,FreshMart Essentials Kombucha 750ml,Product,FreshMart Essentials,2,"POLYGON ((3.721 1.4, 3.881 1.4, 3.881 1.64, 3.721 1.64, 3.721 1.4))",2,6500
FreshMart Banksia Grove,Chiller Wall - Juices & Drinks,Chiller Wall,03,Orchard Lane Orange Juice 2L,Product,Orchard Lane,1,"POLYGON ((3.893 1.4, 3.993 1.4, 3.993 1.66, 3.893 1.66, 3.893 1.4))",2,4500
FreshMart Banksia Grove,Chiller Wall - Juices & Drinks,Chiller Wall,03,Orchard Lane Iced Tea 1.5L,Product,Orchard Lane,1,"POLYGON ((4.005 1.4, 4.095 1.4, 4.095 1.65, 4.005 1.65, 4.005 1.4))",2,4700
FreshMart Banksia Grove,Chiller Wall - Juices & Drinks,Chiller Wall,03,FreshMart Essentials Cold Brew Coffee 1L,Product,FreshMart Essentials,2,"POLYGON ((4.107 1.4, 4.267 1.4, 4.267 1.62, 4.107 1.62, 4.107 1.4))",2,6600
FreshMart Banksia Grove,Chiller Wall - Juices & Drinks,Chiller Wall,03,Sunburst Cold Brew Coffee 1L,Product,Sunburst,3,"POLYGON ((4.279 1.4, 4.519 1.4, 4.519 1.62, 4.279 1.62, 4.279 1.4))",2,15600
FreshMart Banksia Grove,Chiller Wall - Juices & Drinks,Chiller Wall,03,Orchard Lane Iced Tea 1.5L,Product,Orchard Lane,1,"POLYGON ((4.531 1.4, 4.621 1.4, 4.621 1.65, 4.531 1.65, 4.531 1.4))",2,5300
FreshMart Banksia Grove,Chiller Wall - Juices & Drinks,Chiller Wall,03,Sunburst Smoothie Mango 350ml,Product,Sunburst,1,"POLYGON ((4.633 1.4, 4.703 1.4, 4.703 1.56, 4.633 1.56, 4.633 1.4))",2,3300
FreshMart Banksia Grove,Chiller Wall - Ready Meals,Chiller Wall,04,Bay Frame 04,Rack,,,"POLYGON ((0 0, 1.6 0, 1.6 2.2, 0 2.2, 0 0))",0,
FreshMart Banksia Grove,Chiller Wall - Ready Meals,Chiller Wall,05,Bay Frame 05,Rack,,,"POLYGON ((1.6 0, 3.2 0, 3.2 2.2, 1.6 2.2, 1.6 0))",0,
FreshMart Banksia Grove,Chiller Wall - Ready Meals,Chiller Wall,06,Bay Frame 06,Rack,,,"POLYGON ((3.2 0, 4.8 0, 4.8 2.2, 3.2 2.2, 3.2 0))",0,
FreshMart Banksia Grove,Chiller Wall - Ready Meals,Chiller Wall,,Upright 1,Rack,,,"POLYGON ((0 0, 0.025 0, 0.025 2.2, 0 2.2, 0 0))",0,
FreshMart Banksia Grove,Chiller Wall - Ready Meals,Chiller Wall,,Upright 2,Rack,,,"POLYGON ((1.575 0, 1.625 0, 1.625 2.2, 1.575 2.2, 1.575 0))",0,
FreshMart Banksia Grove,Chiller Wall - Ready Meals,Chiller Wall,,Upright 3,Rack,,,"POLYGON ((3.175 0, 3.225 0, 3.225 2.2, 3.175 2.2, 3.175 0))",0,
FreshMart Banksia Grove,Chiller Wall - Ready Meals,Chiller Wall,,Upright 4,Rack,,,"POLYGON ((4.775 0, 4.8 0, 4.8 2.2, 4.775 2.2, 4.775 0))",0,
FreshMart Banksia Grove,Chiller Wall - Ready Meals,Chiller Wall,04,Air Grille 04,Air Grille,,,"POLYGON ((0 1.84, 1.6 1.84, 1.6 2.2, 0 2.2, 0 1.84))",1,
FreshMart Banksia Grove,Chiller Wall - Ready Meals,Chiller Wall,04,Base Deck - Bay 04,Base Deck,,,"POLYGON ((0 0, 1.6 0, 1.6 0.2, 0 0.2, 0 0))",1,
FreshMart Banksia Grove,Chiller Wall - Ready Meals,Chiller Wall,04,Chef's Corner Salad Bowl 300g,Product,Chef's Corner,3,"POLYGON ((0.035 0.2, 0.515 0.2, 0.515 0.3, 0.035 0.3, 0.035 0.2))",2,14100
FreshMart Banksia Grove,Chiller Wall - Ready Meals,Chiller Wall,04,FreshMart Essentials Salad Bowl 300g,Product,FreshMart Essentials,1,"POLYGON ((0.527 0.2, 0.687 0.2, 0.687 0.3, 0.527 0.3, 0.527 0.2))",2,3100
FreshMart Banksia Grove,Chiller Wall - Ready Meals,Chiller Wall,04,Heat & Eat Fresh Pasta 400g,Product,Heat & Eat,2,"POLYGON ((0.699 0.2, 1.019 0.2, 1.019 0.25, 0.699 0.25, 0.699 0.2))",2,5000
FreshMart Banksia Grove,Chiller Wall - Ready Meals,Chiller Wall,04,Heat & Eat Fresh Pasta 400g,Product,Heat & Eat,2,"POLYGON ((1.031 0.2, 1.351 0.2, 1.351 0.25, 1.031 0.25, 1.031 0.2))",2,7700
FreshMart Banksia Grove,Chiller Wall - Ready Meals,Chiller Wall,04,Chef's Corner Beef Ragu 380g,Product,Chef's Corner,1,"POLYGON ((1.363 0.2, 1.523 0.2, 1.523 0.26, 1.363 0.26, 1.363 0.2))",2,4400
FreshMart Banksia Grove,Chiller Wall - Ready Meals,Chiller Wall,04,Shelf 1 - Bay 04,Shelf,,,"POLYGON ((0 0.56, 1.6 0.56, 1.6 0.6, 0 0.6, 0 0.56))",1,
FreshMart Banksia Grove,Chiller Wall - Ready Meals,Chiller Wall,04,Heat & Eat Sushi Pack 8pc,Product,Heat & Eat,3,"POLYGON ((0.035 0.6, 0.575 0.6, 0.575 0.65, 0.035 0.65, 0.035 0.6))",2,9300
FreshMart Banksia Grove,Chiller Wall - Ready Meals,Chiller Wall,04,Chef's Corner Sushi Pack 8pc,Product,Chef's Corner,3,"POLYGON ((0.587 0.6, 1.127 0.6, 1.127 0.65, 0.587 0.65, 0.587 0.6))",2,10400
FreshMart Banksia Grove,Chiller Wall - Ready Meals,Chiller Wall,04,Heat & Eat Soup Pumpkin 500g,Product,Heat & Eat,1,"POLYGON ((1.139 0.6, 1.239 0.6, 1.239 0.74, 1.139 0.74, 1.139 0.6))",2,2800
FreshMart Banksia Grove,Chiller Wall - Ready Meals,Chiller Wall,04,Chef's Corner Fresh Pasta 400g,Product,Chef's Corner,1,"POLYGON ((1.251 0.6, 1.411 0.6, 1.411 0.65, 1.251 0.65, 1.251 0.6))",2,4300
FreshMart Banksia Grove,Chiller Wall - Ready Meals,Chiller Wall,04,Heat & Eat Soup Pumpkin 500g,Product,Heat & Eat,1,"POLYGON ((1.423 0.6, 1.523 0.6, 1.523 0.74, 1.423 0.74, 1.423 0.6))",2,2400
FreshMart Banksia Grove,Chiller Wall - Ready Meals,Chiller Wall,04,Shelf 2 - Bay 04,Shelf,,,"POLYGON ((0 0.96, 1.6 0.96, 1.6 1, 0 1, 0 0.96))",1,
FreshMart Banksia Grove,Chiller Wall - Ready Meals,Chiller Wall,04,Heat & Eat Beef Ragu 380g,Product,Heat & Eat,1,"POLYGON ((0.035 1, 0.195 1, 0.195 1.06, 0.035 1.06, 0.035 1))",2,4700
FreshMart Banksia Grove,Chiller Wall - Ready Meals,Chiller Wall,04,FreshMart Essentials Chicken Curry 380g,Product,FreshMart Essentials,2,"POLYGON ((0.207 1, 0.527 1, 0.527 1.06, 0.207 1.06, 0.207 1))",2,8400
FreshMart Banksia Grove,Chiller Wall - Ready Meals,Chiller Wall,04,Chef's Corner Salad Bowl 300g,Product,Chef's Corner,3,"POLYGON ((0.539 1, 1.019 1, 1.019 1.1, 0.539 1.1, 0.539 1))",2,14600
FreshMart Banksia Grove,Chiller Wall - Ready Meals,Chiller Wall,04,Chef's Corner Sushi Pack 8pc,Product,Chef's Corner,1,"POLYGON ((1.031 1, 1.211 1, 1.211 1.05, 1.031 1.05, 1.031 1))",2,3100
FreshMart Banksia Grove,Chiller Wall - Ready Meals,Chiller Wall,04,Heat & Eat Beef Ragu 380g,Product,Heat & Eat,2,"POLYGON ((1.223 1, 1.543 1, 1.543 1.06, 1.223 1.06, 1.223 1))",2,7100
FreshMart Banksia Grove,Chiller Wall - Ready Meals,Chiller Wall,04,Shelf 3 - Bay 04,Shelf,,,"POLYGON ((0 1.36, 1.6 1.36, 1.6 1.4, 0 1.4, 0 1.36))",1,
FreshMart Banksia Grove,Chiller Wall - Ready Meals,Chiller Wall,04,FreshMart Essentials Beef Ragu 380g,Product,FreshMart Essentials,2,"POLYGON ((0.035 1.4, 0.355 1.4, 0.355 1.46, 0.035 1.46, 0.035 1.4))",2,8900
FreshMart Banksia Grove,Chiller Wall - Ready Meals,Chiller Wall,04,Chef's Corner Salad Bowl 300g,Product,Chef's Corner,2,"POLYGON ((0.367 1.4, 0.687 1.4, 0.687 1.5, 0.367 1.5, 0.367 1.4))",2,10000
FreshMart Banksia Grove,Chiller Wall - Ready Meals,Chiller Wall,04,Heat & Eat Sushi Pack 8pc,Product,Heat & Eat,1,"POLYGON ((0.699 1.4, 0.879 1.4, 0.879 1.45, 0.699 1.45, 0.699 1.4))",2,3000
FreshMart Banksia Grove,Chiller Wall - Ready Meals,Chiller Wall,04,FreshMart Essentials Salad Bowl 300g,Product,FreshMart Essentials,2,"POLYGON ((0.891 1.4, 1.211 1.4, 1.211 1.5, 0.891 1.5, 0.891 1.4))",2,4900
FreshMart Banksia Grove,Chiller Wall - Ready Meals,Chiller Wall,04,Heat & Eat Salad Bowl 300g,Product,Heat & Eat,2,"POLYGON ((1.223 1.4, 1.543 1.4, 1.543 1.5, 1.223 1.5, 1.223 1.4))",2,6400
FreshMart Banksia Grove,Chiller Wall - Ready Meals,Chiller Wall,05,Air Grille 05,Air Grille,,,"POLYGON ((1.6 1.84, 3.2 1.84, 3.2 2.2, 1.6 2.2, 1.6 1.84))",1,
FreshMart Banksia Grove,Chiller Wall - Ready Meals,Chiller Wall,05,Base Deck - Bay 05,Base Deck,,,"POLYGON ((1.6 0, 3.2 0, 3.2 0.2, 1.6 0.2, 1.6 0))",1,
FreshMart Banksia Grove,Chiller Wall - Ready Meals,Chiller Wall,05,Heat & Eat Sushi Pack 8pc,Product,Heat & Eat,2,"POLYGON ((1.635 0.2, 1.995 0.2, 1.995 0.25, 1.635 0.25, 1.635 0.2))",2,8400
FreshMart Banksia Grove,Chiller Wall - Ready Meals,Chiller Wall,05,Chef's Corner Beef Ragu 380g,Product,Chef's Corner,2,"POLYGON ((2.007 0.2, 2.327 0.2, 2.327 0.26, 2.007 0.26, 2.007 0.2))",2,8900
FreshMart Banksia Grove,Chiller Wall - Ready Meals,Chiller Wall,05,FreshMart Essentials Chicken Curry 380g,Product,FreshMart Essentials,3,"POLYGON ((2.339 0.2, 2.819 0.2, 2.819 0.26, 2.339 0.26, 2.339 0.2))",2,7900
FreshMart Banksia Grove,Chiller Wall - Ready Meals,Chiller Wall,05,Heat & Eat Sushi Pack 8pc,Product,Heat & Eat,1,"POLYGON ((2.831 0.2, 3.011 0.2, 3.011 0.25, 2.831 0.25, 2.831 0.2))",2,3500
FreshMart Banksia Grove,Chiller Wall - Ready Meals,Chiller Wall,05,Heat & Eat Soup Pumpkin 500g,Product,Heat & Eat,1,"POLYGON ((3.023 0.2, 3.123 0.2, 3.123 0.34, 3.023 0.34, 3.023 0.2))",2,4900
FreshMart Banksia Grove,Chiller Wall - Ready Meals,Chiller Wall,05,Shelf 1 - Bay 05,Shelf,,,"POLYGON ((1.6 0.56, 3.2 0.56, 3.2 0.6, 1.6 0.6, 1.6 0.56))",1,
FreshMart Banksia Grove,Chiller Wall - Ready Meals,Chiller Wall,05,Heat & Eat Salad Bowl 300g,Product,Heat & Eat,1,"POLYGON ((1.635 0.6, 1.795 0.6, 1.795 0.7, 1.635 0.7, 1.635 0.6))",2,4700
FreshMart Banksia Grove,Chiller Wall - Ready Meals,Chiller Wall,05,Chef's Corner Soup Pumpkin 500g,Product,Chef's Corner,3,"POLYGON ((1.807 0.6, 2.107 0.6, 2.107 0.74, 1.807 0.74, 1.807 0.6))",2,14800
FreshMart Banksia Grove,Chiller Wall - Ready Meals,Chiller Wall,05,Heat & Eat Sushi Pack 8pc,Product,Heat & Eat,2,"POLYGON ((2.119 0.6, 2.479 0.6, 2.479 0.65, 2.119 0.65, 2.119 0.6))",2,5400
FreshMart Banksia Grove,Chiller Wall - Ready Meals,Chiller Wall,05,Heat & Eat Sushi Pack 8pc,Product,Heat & Eat,3,"POLYGON ((2.491 0.6, 3.031 0.6, 3.031 0.65, 2.491 0.65, 2.491 0.6))",2,7400
FreshMart Banksia Grove,Chiller Wall - Ready Meals,Chiller Wall,05,FreshMart Essentials Soup Pumpkin 500g,Product,FreshMart Essentials,1,"POLYGON ((3.043 0.6, 3.143 0.6, 3.143 0.74, 3.043 0.74, 3.043 0.6))",2,4100
FreshMart Banksia Grove,Chiller Wall - Ready Meals,Chiller Wall,05,Shelf 2 - Bay 05,Shelf,,,"POLYGON ((1.6 0.96, 3.2 0.96, 3.2 1, 1.6 1, 1.6 0.96))",1,
FreshMart Banksia Grove,Chiller Wall - Ready Meals,Chiller Wall,05,Chef's Corner Sushi Pack 8pc,Product,Chef's Corner,2,"POLYGON ((1.635 1, 1.995 1, 1.995 1.05, 1.635 1.05, 1.635 1))",2,5800
FreshMart Banksia Grove,Chiller Wall - Ready Meals,Chiller Wall,05,FreshMart Essentials Soup Pumpkin 500g,Product,FreshMart Essentials,2,"POLYGON ((2.007 1, 2.207 1, 2.207 1.14, 2.007 1.14, 2.007 1))",2,7500
FreshMart Banksia Grove,Chiller Wall - Ready Meals,Chiller Wall,05,FreshMart Essentials Sushi Pack 8pc,Product,FreshMart Essentials,2,"POLYGON ((2.219 1, 2.579 1, 2.579 1.05, 2.219 1.05, 2.219 1))",2,4900
FreshMart Banksia Grove,Chiller Wall - Ready Meals,Chiller Wall,05,Chef's Corner Salad Bowl 300g,Product,Chef's Corner,2,"POLYGON ((2.591 1, 2.911 1, 2.911 1.1, 2.591 1.1, 2.591 1))",2,9400
FreshMart Banksia Grove,Chiller Wall - Ready Meals,Chiller Wall,05,Chef's Corner Fresh Pasta 400g,Product,Chef's Corner,1,"POLYGON ((2.923 1, 3.083 1, 3.083 1.05, 2.923 1.05, 2.923 1))",2,2600
FreshMart Banksia Grove,Chiller Wall - Ready Meals,Chiller Wall,05,Shelf 3 - Bay 05,Shelf,,,"POLYGON ((1.6 1.36, 3.2 1.36, 3.2 1.4, 1.6 1.4, 1.6 1.36))",1,
FreshMart Banksia Grove,Chiller Wall - Ready Meals,Chiller Wall,05,Chef's Corner Sushi Pack 8pc,Product,Chef's Corner,2,"POLYGON ((1.635 1.4, 1.995 1.4, 1.995 1.45, 1.635 1.45, 1.635 1.4))",2,5400
FreshMart Banksia Grove,Chiller Wall - Ready Meals,Chiller Wall,05,FreshMart Essentials Fresh Pasta 400g,Product,FreshMart Essentials,3,"POLYGON ((2.007 1.4, 2.487 1.4, 2.487 1.45, 2.007 1.45, 2.007 1.4))",2,7400
FreshMart Banksia Grove,Chiller Wall - Ready Meals,Chiller Wall,05,Chef's Corner Soup Pumpkin 500g,Product,Chef's Corner,3,"POLYGON ((2.499 1.4, 2.799 1.4, 2.799 1.54, 2.499 1.54, 2.499 1.4))",2,9200
FreshMart Banksia Grove,Chiller Wall - Ready Meals,Chiller Wall,05,Chef's Corner Fresh Pasta 400g,Product,Chef's Corner,2,"POLYGON ((2.811 1.4, 3.131 1.4, 3.131 1.45, 2.811 1.45, 2.811 1.4))",2,6000
FreshMart Banksia Grove,Chiller Wall - Ready Meals,Chiller Wall,06,Air Grille 06,Air Grille,,,"POLYGON ((3.2 1.84, 4.8 1.84, 4.8 2.2, 3.2 2.2, 3.2 1.84))",1,
FreshMart Banksia Grove,Chiller Wall - Ready Meals,Chiller Wall,06,Base Deck - Bay 06,Base Deck,,,"POLYGON ((3.2 0, 4.8 0, 4.8 0.2, 3.2 0.2, 3.2 0))",1,
FreshMart Banksia Grove,Chiller Wall - Ready Meals,Chiller Wall,06,Heat & Eat Salad Bowl 300g,Product,Heat & Eat,1,"POLYGON ((3.235 0.2, 3.395 0.2, 3.395 0.3, 3.235 0.3, 3.235 0.2))",2,2900
FreshMart Banksia Grove,Chiller Wall - Ready Meals,Chiller Wall,06,Heat & Eat Beef Ragu 380g,Product,Heat & Eat,1,"POLYGON ((3.407 0.2, 3.567 0.2, 3.567 0.26, 3.407 0.26, 3.407 0.2))",2,4700
FreshMart Banksia Grove,Chiller Wall - Ready Meals,Chiller Wall,06,Heat & Eat Salad Bowl 300g,Product,Heat & Eat,2,"POLYGON ((3.579 0.2, 3.899 0.2, 3.899 0.3, 3.579 0.3, 3.579 0.2))",2,6400
FreshMart Banksia Grove,Chiller Wall - Ready Meals,Chiller Wall,06,Heat & Eat Salad Bowl 300g,Product,Heat & Eat,1,"POLYGON ((3.911 0.2, 4.071 0.2, 4.071 0.3, 3.911 0.3, 3.911 0.2))",2,5000
FreshMart Banksia Grove,Chiller Wall - Ready Meals,Chiller Wall,06,Heat & Eat Fresh Pasta 400g,Product,Heat & Eat,3,"POLYGON ((4.083 0.2, 4.563 0.2, 4.563 0.25, 4.083 0.25, 4.083 0.2))",2,14800
FreshMart Banksia Grove,Chiller Wall - Ready Meals,Chiller Wall,06,FreshMart Essentials Fresh Pasta 400g,Product,FreshMart Essentials,1,"POLYGON ((4.575 0.2, 4.735 0.2, 4.735 0.25, 4.575 0.25, 4.575 0.2))",2,3500
FreshMart Banksia Grove,Chiller Wall - Ready Meals,Chiller Wall,06,Shelf 1 - Bay 06,Shelf,,,"POLYGON ((3.2 0.56, 4.8 0.56, 4.8 0.6, 3.2 0.6, 3.2 0.56))",1,
FreshMart Banksia Grove,Chiller Wall - Ready Meals,Chiller Wall,06,FreshMart Essentials Fresh Pasta 400g,Product,FreshMart Essentials,1,"POLYGON ((3.235 0.6, 3.395 0.6, 3.395 0.65, 3.235 0.65, 3.235 0.6))",2,3000
FreshMart Banksia Grove,Chiller Wall - Ready Meals,Chiller Wall,06,Chef's Corner Chicken Curry 380g,Product,Chef's Corner,3,"POLYGON ((3.407 0.6, 3.887 0.6, 3.887 0.66, 3.407 0.66, 3.407 0.6))",2,8500
FreshMart Banksia Grove,Chiller Wall - Ready Meals,Chiller Wall,06,FreshMart Essentials Chicken Curry 380g,Product,FreshMart Essentials,1,"POLYGON ((3.899 0.6, 4.059 0.6, 4.059 0.66, 3.899 0.66, 3.899 0.6))",2,3600
FreshMart Banksia Grove,Chiller Wall - Ready Meals,Chiller Wall,06,Heat & Eat Fresh Pasta 400g,Product,Heat & Eat,1,"POLYGON ((4.071 0.6, 4.231 0.6, 4.231 0.65, 4.071 0.65, 4.071 0.6))",2,4000
FreshMart Banksia Grove,Chiller Wall - Ready Meals,Chiller Wall,06,Heat & Eat Sushi Pack 8pc,Product,Heat & Eat,1,"POLYGON ((4.243 0.6, 4.423 0.6, 4.423 0.65, 4.243 0.65, 4.243 0.6))",2,3300
FreshMart Banksia Grove,Chiller Wall - Ready Meals,Chiller Wall,06,Heat & Eat Chicken Curry 380g,Product,Heat & Eat,1,"POLYGON ((4.435 0.6, 4.595 0.6, 4.595 0.66, 4.435 0.66, 4.435 0.6))",2,3600
FreshMart Banksia Grove,Chiller Wall - Ready Meals,Chiller Wall,06,Chef's Corner Soup Pumpkin 500g,Product,Chef's Corner,1,"POLYGON ((4.607 0.6, 4.707 0.6, 4.707 0.74, 4.607 0.74, 4.607 0.6))",2,4800
FreshMart Banksia Grove,Chiller Wall - Ready Meals,Chiller Wall,06,Shelf 2 - Bay 06,Shelf,,,"POLYGON ((3.2 0.96, 4.8 0.96, 4.8 1, 3.2 1, 3.2 0.96))",1,
FreshMart Banksia Grove,Chiller Wall - Ready Meals,Chiller Wall,06,Chef's Corner Sushi Pack 8pc,Product,Chef's Corner,3,"POLYGON ((3.235 1, 3.775 1, 3.775 1.05, 3.235 1.05, 3.235 1))",2,13600
FreshMart Banksia Grove,Chiller Wall - Ready Meals,Chiller Wall,06,Chef's Corner Salad Bowl 300g,Product,Chef's Corner,3,"POLYGON ((3.787 1, 4.267 1, 4.267 1.1, 3.787 1.1, 3.787 1))",2,10400
FreshMart Banksia Grove,Chiller Wall - Ready Meals,Chiller Wall,06,FreshMart Essentials Beef Ragu 380g,Product,FreshMart Essentials,1,"POLYGON ((4.279 1, 4.439 1, 4.439 1.06, 4.279 1.06, 4.279 1))",2,3100
FreshMart Banksia Grove,Chiller Wall - Ready Meals,Chiller Wall,06,Heat & Eat Salad Bowl 300g,Product,Heat & Eat,1,"POLYGON ((4.451 1, 4.611 1, 4.611 1.1, 4.451 1.1, 4.451 1))",2,2700
FreshMart Banksia Grove,Chiller Wall - Ready Meals,Chiller Wall,06,FreshMart Essentials Soup Pumpkin 500g,Product,FreshMart Essentials,1,"POLYGON ((4.623 1, 4.723 1, 4.723 1.14, 4.623 1.14, 4.623 1))",2,4500
FreshMart Banksia Grove,Chiller Wall - Ready Meals,Chiller Wall,06,Shelf 3 - Bay 06,Shelf,,,"POLYGON ((3.2 1.36, 4.8 1.36, 4.8 1.4, 3.2 1.4, 3.2 1.36))",1,
FreshMart Banksia Grove,Chiller Wall - Ready Meals,Chiller Wall,06,Chef's Corner Soup Pumpkin 500g,Product,Chef's Corner,2,"POLYGON ((3.235 1.4, 3.435 1.4, 3.435 1.54, 3.235 1.54, 3.235 1.4))",2,7900
FreshMart Banksia Grove,Chiller Wall - Ready Meals,Chiller Wall,06,FreshMart Essentials Beef Ragu 380g,Product,FreshMart Essentials,2,"POLYGON ((3.447 1.4, 3.767 1.4, 3.767 1.46, 3.447 1.46, 3.447 1.4))",2,7300
FreshMart Banksia Grove,Chiller Wall - Ready Meals,Chiller Wall,06,FreshMart Essentials Salad Bowl 300g,Product,FreshMart Essentials,2,"POLYGON ((3.779 1.4, 4.099 1.4, 4.099 1.5, 3.779 1.5, 3.779 1.4))",2,8100
FreshMart Banksia Grove,Chiller Wall - Ready Meals,Chiller Wall,06,FreshMart Essentials Salad Bowl 300g,Product,FreshMart Essentials,2,"POLYGON ((4.111 1.4, 4.431 1.4, 4.431 1.5, 4.111 1.5, 4.111 1.4))",2,9600
FreshMart Banksia Grove,Chiller Wall - Ready Meals,Chiller Wall,06,Chef's Corner Soup Pumpkin 500g,Product,Chef's Corner,1,"POLYGON ((4.443 1.4, 4.543 1.4, 4.543 1.54, 4.443 1.54, 4.443 1.4))",2,4600
FreshMart Banksia Grove,Chiller Wall - Ready Meals,Chiller Wall,06,Heat & Eat Chicken Curry 380g,Product,Heat & Eat,1,"POLYGON ((4.555 1.4, 4.715 1.4, 4.715 1.46, 4.555 1.46, 4.555 1.4))",2,3000
FreshMart Banksia Grove,Chiller Wall - Smallgoods,Chiller Wall,07,Bay Frame 07,Rack,,,"POLYGON ((0 0, 1.6 0, 1.6 2.2, 0 2.2, 0 0))",0,
FreshMart Banksia Grove,Chiller Wall - Smallgoods,Chiller Wall,08,Bay Frame 08,Rack,,,"POLYGON ((1.6 0, 3.2 0, 3.2 2.2, 1.6 2.2, 1.6 0))",0,
FreshMart Banksia Grove,Chiller Wall - Smallgoods,Chiller Wall,09,Bay Frame 09,Rack,,,"POLYGON ((3.2 0, 4.8 0, 4.8 2.2, 3.2 2.2, 3.2 0))",0,
FreshMart Banksia Grove,Chiller Wall - Smallgoods,Chiller Wall,10,Bay Frame 10,Rack,,,"POLYGON ((4.8 0, 6.4 0, 6.4 2.2, 4.8 2.2, 4.8 0))",0,
FreshMart Banksia Grove,Chiller Wall - Smallgoods,Chiller Wall,,Upright 1,Rack,,,"POLYGON ((0 0, 0.025 0, 0.025 2.2, 0 2.2, 0 0))",0,
FreshMart Banksia Grove,Chiller Wall - Smallgoods,Chiller Wall,,Upright 2,Rack,,,"POLYGON ((1.575 0, 1.625 0, 1.625 2.2, 1.575 2.2, 1.575 0))",0,
FreshMart Banksia Grove,Chiller Wall - Smallgoods,Chiller Wall,,Upright 3,Rack,,,"POLYGON ((3.175 0, 3.225 0, 3.225 2.2, 3.175 2.2, 3.175 0))",0,
FreshMart Banksia Grove,Chiller Wall - Smallgoods,Chiller Wall,,Upright 4,Rack,,,"POLYGON ((4.775 0, 4.825 0, 4.825 2.2, 4.775 2.2, 4.775 0))",0,
FreshMart Banksia Grove,Chiller Wall - Smallgoods,Chiller Wall,,Upright 5,Rack,,,"POLYGON ((6.375 0, 6.4 0, 6.4 2.2, 6.375 2.2, 6.375 0))",0,
FreshMart Banksia Grove,Chiller Wall - Smallgoods,Chiller Wall,07,Air Grille 07,Air Grille,,,"POLYGON ((0 1.84, 1.6 1.84, 1.6 2.2, 0 2.2, 0 1.84))",1,
FreshMart Banksia Grove,Chiller Wall - Smallgoods,Chiller Wall,07,Base Deck - Bay 07,Base Deck,,,"POLYGON ((0 0, 1.6 0, 1.6 0.2, 0 0.2, 0 0))",1,
FreshMart Banksia Grove,Chiller Wall - Smallgoods,Chiller Wall,07,Marlow Meats Pastrami 150g,Product,Marlow Meats,1,"POLYGON ((0.035 0.2, 0.165 0.2, 0.165 0.24, 0.035 0.24, 0.035 0.2))",2,5300
FreshMart Banksia Grove,Chiller Wall - Smallgoods,Chiller Wall,07,Deli Select Chorizo 2pk,Product,Deli Select,3,"POLYGON ((0.177 0.2, 0.597 0.2, 0.597 0.26, 0.177 0.26, 0.177 0.2))",2,14000
FreshMart Banksia Grove,Chiller Wall - Smallgoods,Chiller Wall,07,Marlow Meats Frankfurts 500g,Product,Marlow Meats,2,"POLYGON ((0.609 0.2, 0.929 0.2, 0.929 0.27, 0.609 0.27, 0.609 0.2))",2,11100
FreshMart Banksia Grove,Chiller Wall - Smallgoods,Chiller Wall,07,FreshMart Essentials Chorizo 2pk,Product,FreshMart Essentials,3,"POLYGON ((0.941 0.2, 1.361 0.2, 1.361 0.26, 0.941 0.26, 0.941 0.2))",2,11600
FreshMart Banksia Grove,Chiller Wall - Smallgoods,Chiller Wall,07,Deli Select Salami Sliced 150g,Product,Deli Select,1,"POLYGON ((1.373 0.2, 1.503 0.2, 1.503 0.24, 1.373 0.24, 1.373 0.2))",2,4000
FreshMart Banksia Grove,Chiller Wall - Smallgoods,Chiller Wall,07,Shelf 1 - Bay 07,Shelf,,,"POLYGON ((0 0.56, 1.6 0.56, 1.6 0.6, 0 0.6, 0 0.56))",1,
FreshMart Banksia Grove,Chiller Wall - Smallgoods,Chiller Wall,07,Marlow Meats Frankfurts 500g,Product,Marlow Meats,2,"POLYGON ((0.035 0.6, 0.355 0.6, 0.355 0.67, 0.035 0.67, 0.035 0.6))",2,7400
FreshMart Banksia Grove,Chiller Wall - Smallgoods,Chiller Wall,07,Deli Select Bacon Rashers 500g,Product,Deli Select,1,"POLYGON ((0.367 0.6, 0.547 0.6, 0.547 0.65, 0.367 0.65, 0.367 0.6))",2,5400
FreshMart Banksia Grove,Chiller Wall - Smallgoods,Chiller Wall,07,Marlow Meats Pastrami 150g,Product,Marlow Meats,1,"POLYGON ((0.559 0.6, 0.689 0.6, 0.689 0.64, 0.559 0.64, 0.559 0.6))",2,4300
FreshMart Banksia Grove,Chiller Wall - Smallgoods,Chiller Wall,07,FreshMart Essentials Frankfurts 500g,Product,FreshMart Essentials,1,"POLYGON ((0.701 0.6, 0.861 0.6, 0.861 0.67, 0.701 0.67, 0.701 0.6))",2,4500
FreshMart Banksia Grove,Chiller Wall - Smallgoods,Chiller Wall,07,Marlow Meats Pastrami 150g,Product,Marlow Meats,2,"POLYGON ((0.873 0.6, 1.133 0.6, 1.133 0.64, 0.873 0.64, 0.873 0.6))",2,10300
FreshMart Banksia Grove,Chiller Wall - Smallgoods,Chiller Wall,07,FreshMart Essentials Salami Sliced 150g,Product,FreshMart Essentials,2,"POLYGON ((1.145 0.6, 1.405 0.6, 1.405 0.64, 1.145 0.64, 1.145 0.6))",2,10700
FreshMart Banksia Grove,Chiller Wall - Smallgoods,Chiller Wall,07,Deli Select Salami Sliced 150g,Product,Deli Select,1,"POLYGON ((1.417 0.6, 1.547 0.6, 1.547 0.64, 1.417 0.64, 1.417 0.6))",2,3900
FreshMart Banksia Grove,Chiller Wall - Smallgoods,Chiller Wall,07,Shelf 2 - Bay 07,Shelf,,,"POLYGON ((0 0.96, 1.6 0.96, 1.6 1, 0 1, 0 0.96))",1,
FreshMart Banksia Grove,Chiller Wall - Smallgoods,Chiller Wall,07,Deli Select Frankfurts 500g,Product,Deli Select,1,"POLYGON ((0.035 1, 0.195 1, 0.195 1.07, 0.035 1.07, 0.035 1))",2,4900
FreshMart Banksia Grove,Chiller Wall - Smallgoods,Chiller Wall,07,FreshMart Essentials Chorizo 2pk,Product,FreshMart Essentials,2,"POLYGON ((0.207 1, 0.487 1, 0.487 1.06, 0.207 1.06, 0.207 1))",2,10800
FreshMart Banksia Grove,Chiller Wall - Smallgoods,Chiller Wall,07,Marlow Meats Shaved Ham 200g,Product,Marlow Meats,2,"POLYGON ((0.499 1, 0.799 1, 0.799 1.04, 0.499 1.04, 0.499 1))",2,7200
FreshMart Banksia Grove,Chiller Wall - Smallgoods,Chiller Wall,07,Marlow Meats Chorizo 2pk,Product,Marlow Meats,1,"POLYGON ((0.811 1, 0.951 1, 0.951 1.06, 0.811 1.06, 0.811 1))",2,3700
FreshMart Banksia Grove,Chiller Wall - Smallgoods,Chiller Wall,07,FreshMart Essentials Shaved Ham 200g,Product,FreshMart Essentials,1,"POLYGON ((0.963 1, 1.113 1, 1.113 1.04, 0.963 1.04, 0.963 1))",2,4500
FreshMart Banksia Grove,Chiller Wall - Smallgoods,Chiller Wall,07,Marlow Meats Shaved Ham 200g,Product,Marlow Meats,1,"POLYGON ((1.125 1, 1.275 1, 1.275 1.04, 1.125 1.04, 1.125 1))",2,4200
FreshMart Banksia Grove,Chiller Wall - Smallgoods,Chiller Wall,07,Marlow Meats Chorizo 2pk,Product,Marlow Meats,1,"POLYGON ((1.287 1, 1.427 1, 1.427 1.06, 1.287 1.06, 1.287 1))",2,5100
FreshMart Banksia Grove,Chiller Wall - Smallgoods,Chiller Wall,07,Shelf 3 - Bay 07,Shelf,,,"POLYGON ((0 1.36, 1.6 1.36, 1.6 1.4, 0 1.4, 0 1.36))",1,
FreshMart Banksia Grove,Chiller Wall - Smallgoods,Chiller Wall,07,Marlow Meats Frankfurts 500g,Product,Marlow Meats,1,"POLYGON ((0.035 1.4, 0.195 1.4, 0.195 1.47, 0.035 1.47, 0.035 1.4))",2,5400
FreshMart Banksia Grove,Chiller Wall - Smallgoods,Chiller Wall,07,FreshMart Essentials Frankfurts 500g,Product,FreshMart Essentials,2,"POLYGON ((0.207 1.4, 0.527 1.4, 0.527 1.47, 0.207 1.47, 0.207 1.4))",2,8200
FreshMart Banksia Grove,Chiller Wall - Smallgoods,Chiller Wall,07,FreshMart Essentials Salami Sliced 150g,Product,FreshMart Essentials,2,"POLYGON ((0.539 1.4, 0.799 1.4, 0.799 1.44, 0.539 1.44, 0.539 1.4))",2,9900
FreshMart Banksia Grove,Chiller Wall - Smallgoods,Chiller Wall,07,FreshMart Essentials Salami Sliced 150g,Product,FreshMart Essentials,1,"POLYGON ((0.811 1.4, 0.941 1.4, 0.941 1.44, 0.811 1.44, 0.811 1.4))",2,3000
FreshMart Banksia Grove,Chiller Wall - Smallgoods,Chiller Wall,07,FreshMart Essentials Bacon Rashers 500g,Product,FreshMart Essentials,3,"POLYGON ((0.953 1.4, 1.493 1.4, 1.493 1.45, 0.953 1.45, 0.953 1.4))",2,17300
FreshMart Banksia Grove,Chiller Wall - Smallgoods,Chiller Wall,08,Air Grille 08,Air Grille,,,"POLYGON ((1.6 1.84, 3.2 1.84, 3.2 2.2, 1.6 2.2, 1.6 1.84))",1,
FreshMart Banksia Grove,Chiller Wall - Smallgoods,Chiller Wall,08,Base Deck - Bay 08,Base Deck,,,"POLYGON ((1.6 0, 3.2 0, 3.2 0.2, 1.6 0.2, 1.6 0))",1,
FreshMart Banksia Grove,Chiller Wall - Smallgoods,Chiller Wall,08,Deli Select Salami Sliced 150g,Product,Deli Select,3,"POLYGON ((1.635 0.2, 2.025 0.2, 2.025 0.24, 1.635 0.24, 1.635 0.2))",2,13800
FreshMart Banksia Grove,Chiller Wall - Smallgoods,Chiller Wall,08,Deli Select Frankfurts 500g,Product,Deli Select,1,"POLYGON ((2.037 0.2, 2.197 0.2, 2.197 0.27, 2.037 0.27, 2.037 0.2))",2,3100
FreshMart Banksia Grove,Chiller Wall - Smallgoods,Chiller Wall,08,Marlow Meats Shaved Ham 200g,Product,Marlow Meats,3,"POLYGON ((2.209 0.2, 2.659 0.2, 2.659 0.24, 2.209 0.24, 2.209 0.2))",2,14500
FreshMart Banksia Grove,Chiller Wall - Smallgoods,Chiller Wall,08,Deli Select Frankfurts 500g,Product,Deli Select,3,"POLYGON ((2.671 0.2, 3.151 0.2, 3.151 0.27, 2.671 0.27, 2.671 0.2))",2,16600
FreshMart Banksia Grove,Chiller Wall - Smallgoods,Chiller Wall,08,Shelf 1 - Bay 08,Shelf,,,"POLYGON ((1.6 0.56, 3.2 0.56, 3.2 0.6, 1.6 0.6, 1.6 0.56))",1,
FreshMart Banksia Grove,Chiller Wall - Smallgoods,Chiller Wall,08,Marlow Meats Pastrami 150g,Product,Marlow Meats,2,"POLYGON ((1.635 0.6, 1.895 0.6, 1.895 0.64, 1.635 0.64, 1.635 0.6))",2,6700
FreshMart Banksia Grove,Chiller Wall - Smallgoods,Chiller Wall,08,Marlow Meats Pastrami 150g,Product,Marlow Meats,3,"POLYGON ((1.907 0.6, 2.297 0.6, 2.297 0.64, 1.907 0.64, 1.907 0.6))",2,16000
FreshMart Banksia Grove,Chiller Wall - Smallgoods,Chiller Wall,08,Deli Select Pastrami 150g,Product,Deli Select,2,"POLYGON ((2.309 0.6, 2.569 0.6, 2.569 0.64, 2.309 0.64, 2.309 0.6))",2,6700
FreshMart Banksia Grove,Chiller Wall - Smallgoods,Chiller Wall,08,Marlow Meats Chorizo 2pk,Product,Marlow Meats,1,"POLYGON ((2.581 0.6, 2.721 0.6, 2.721 0.66, 2.581 0.66, 2.581 0.6))",2,5400
FreshMart Banksia Grove,Chiller Wall - Smallgoods,Chiller Wall,08,FreshMart Essentials Pastrami 150g,Product,FreshMart Essentials,2,"POLYGON ((2.733 0.6, 2.993 0.6, 2.993 0.64, 2.733 0.64, 2.733 0.6))",2,6100
FreshMart Banksia Grove,Chiller Wall - Smallgoods,Chiller Wall,08,Marlow Meats Shaved Ham 200g,Product,Marlow Meats,1,"POLYGON ((3.005 0.6, 3.155 0.6, 3.155 0.64, 3.005 0.64, 3.005 0.6))",2,4400
FreshMart Banksia Grove,Chiller Wall - Smallgoods,Chiller Wall,08,Shelf 2 - Bay 08,Shelf,,,"POLYGON ((1.6 0.96, 3.2 0.96, 3.2 1, 1.6 1, 1.6 0.96))",1,
FreshMart Banksia Grove,Chiller Wall - Smallgoods,Chiller Wall,08,Deli Select Shaved Ham 200g,Product,Deli Select,2,"POLYGON ((1.635 1, 1.935 1, 1.935 1.04, 1.635 1.04, 1.635 1))",2,7700
FreshMart Banksia Grove,Chiller Wall - Smallgoods,Chiller Wall,08,Marlow Meats Pastrami 150g,Product,Marlow Meats,1,"POLYGON ((1.947 1, 2.077 1, 2.077 1.04, 1.947 1.04, 1.947 1))",2,3100
FreshMart Banksia Grove,Chiller Wall - Smallgoods,Chiller Wall,08,Deli Select Chorizo 2pk,Product,Deli Select,3,"POLYGON ((2.089 1, 2.509 1, 2.509 1.06, 2.089 1.06, 2.089 1))",2,15000
FreshMart Banksia Grove,Chiller Wall - Smallgoods,Chiller Wall,08,Deli Select Shaved Ham 200g,Product,Deli Select,2,"POLYGON ((2.521 1, 2.821 1, 2.821 1.04, 2.521 1.04, 2.521 1))",2,10500
FreshMart Banksia Grove,Chiller Wall - Smallgoods,Chiller Wall,08,Deli Select Pastrami 150g,Product,Deli Select,1,"POLYGON ((2.833 1, 2.963 1, 2.963 1.04, 2.833 1.04, 2.833 1))",2,3600
FreshMart Banksia Grove,Chiller Wall - Smallgoods,Chiller Wall,08,FreshMart Essentials Shaved Ham 200g,Product,FreshMart Essentials,1,"POLYGON ((2.975 1, 3.125 1, 3.125 1.04, 2.975 1.04, 2.975 1))",2,5100
FreshMart Banksia Grove,Chiller Wall - Smallgoods,Chiller Wall,08,Shelf 3 - Bay 08,Shelf,,,"POLYGON ((1.6 1.36, 3.2 1.36, 3.2 1.4, 1.6 1.4, 1.6 1.36))",1,
FreshMart Banksia Grove,Chiller Wall - Smallgoods,Chiller Wall,08,Deli Select Chorizo 2pk,Product,Deli Select,2,"POLYGON ((1.635 1.4, 1.915 1.4, 1.915 1.46, 1.635 1.46, 1.635 1.4))",2,10000
FreshMart Banksia Grove,Chiller Wall - Smallgoods,Chiller Wall,08,Deli Select Bacon Rashers 500g,Product,Deli Select,2,"POLYGON ((1.927 1.4, 2.287 1.4, 2.287 1.45, 1.927 1.45, 1.927 1.4))",2,8100
FreshMart Banksia Grove,Chiller Wall - Smallgoods,Chiller Wall,08,Deli Select Frankfurts 500g,Product,Deli Select,2,"POLYGON ((2.299 1.4, 2.619 1.4, 2.619 1.47, 2.299 1.47, 2.299 1.4))",2,6600
FreshMart Banksia Grove,Chiller Wall - Smallgoods,Chiller Wall,08,Marlow Meats Shaved Ham 200g,Product,Marlow Meats,2,"POLYGON ((2.631 1.4, 2.931 1.4, 2.931 1.44, 2.631 1.44, 2.631 1.4))",2,10600
FreshMart Banksia Grove,Chiller Wall - Smallgoods,Chiller Wall,08,Deli Select Frankfurts 500g,Product,Deli Select,1,"POLYGON ((2.943 1.4, 3.103 1.4, 3.103 1.47, 2.943 1.47, 2.943 1.4))",2,2800
FreshMart Banksia Grove,Chiller Wall - Smallgoods,Chiller Wall,09,Air Grille 09,Air Grille,,,"POLYGON ((3.2 1.84, 4.8 1.84, 4.8 2.2, 3.2 2.2, 3.2 1.84))",1,
FreshMart Banksia Grove,Chiller Wall - Smallgoods,Chiller Wall,09,Base Deck - Bay 09,Base Deck,,,"POLYGON ((3.2 0, 4.8 0, 4.8 0.2, 3.2 0.2, 3.2 0))",1,
FreshMart Banksia Grove,Chiller Wall - Smallgoods,Chiller Wall,09,Deli Select Shaved Ham 200g,Product,Deli Select,1,"POLYGON ((3.235 0.2, 3.385 0.2, 3.385 0.24, 3.235 0.24, 3.235 0.2))",2,4800
FreshMart Banksia Grove,Chiller Wall - Smallgoods,Chiller Wall,09,Marlow Meats Frankfurts 500g,Product,Marlow Meats,2,"POLYGON ((3.397 0.2, 3.717 0.2, 3.717 0.27, 3.397 0.27, 3.397 0.2))",2,11000
FreshMart Banksia Grove,Chiller Wall - Smallgoods,Chiller Wall,09,FreshMart Essentials Salami Sliced 150g,Product,FreshMart Essentials,2,"POLYGON ((3.729 0.2, 3.989 0.2, 3.989 0.24, 3.729 0.24, 3.729 0.2))",2,9300
FreshMart Banksia Grove,Chiller Wall - Smallgoods,Chiller Wall,09,FreshMart Essentials Frankfurts 500g,Product,FreshMart Essentials,3,"POLYGON ((4.001 0.2, 4.481 0.2, 4.481 0.27, 4.001 0.27, 4.001 0.2))",2,14400
FreshMart Banksia Grove,Chiller Wall - Smallgoods,Chiller Wall,09,FreshMart Essentials Bacon Rashers 500g,Product,FreshMart Essentials,1,"POLYGON ((4.493 0.2, 4.673 0.2, 4.673 0.25, 4.493 0.25, 4.493 0.2))",2,4400
FreshMart Banksia Grove,Chiller Wall - Smallgoods,Chiller Wall,09,Shelf 1 - Bay 09,Shelf,,,"POLYGON ((3.2 0.56, 4.8 0.56, 4.8 0.6, 3.2 0.6, 3.2 0.56))",1,
FreshMart Banksia Grove,Chiller Wall - Smallgoods,Chiller Wall,09,Marlow Meats Frankfurts 500g,Product,Marlow Meats,2,"POLYGON ((3.235 0.6, 3.555 0.6, 3.555 0.67, 3.235 0.67, 3.235 0.6))",2,11300
FreshMart Banksia Grove,Chiller Wall - Smallgoods,Chiller Wall,09,Marlow Meats Frankfurts 500g,Product,Marlow Meats,2,"POLYGON ((3.567 0.6, 3.887 0.6, 3.887 0.67, 3.567 0.67, 3.567 0.6))",2,10300
FreshMart Banksia Grove,Chiller Wall - Smallgoods,Chiller Wall,09,Deli Select Shaved Ham 200g,Product,Deli Select,3,"POLYGON ((3.899 0.6, 4.349 0.6, 4.349 0.64, 3.899 0.64, 3.899 0.6))",2,14900
FreshMart Banksia Grove,Chiller Wall - Smallgoods,Chiller Wall,09,Marlow Meats Shaved Ham 200g,Product,Marlow Meats,2,"POLYGON ((4.361 0.6, 4.661 0.6, 4.661 0.64, 4.361 0.64, 4.361 0.6))",2,9600
FreshMart Banksia Grove,Chiller Wall - Smallgoods,Chiller Wall,09,Shelf 2 - Bay 09,Shelf,,,"POLYGON ((3.2 0.96, 4.8 0.96, 4.8 1, 3.2 1, 3.2 0.96))",1,
FreshMart Banksia Grove,Chiller Wall - Smallgoods,Chiller Wall,09,Deli Select Bacon Rashers 500g,Product,Deli Select,2,"POLYGON ((3.235 1, 3.595 1, 3.595 1.05, 3.235 1.05, 3.235 1))",2,10000
FreshMart Banksia Grove,Chiller Wall - Smallgoods,Chiller Wall,09,Deli Select Frankfurts 500g,Product,Deli Select,1,"POLYGON ((3.607 1, 3.767 1, 3.767 1.07, 3.607 1.07, 3.607 1))",2,3300
FreshMart Banksia Grove,Chiller Wall - Smallgoods,Chiller Wall,09,Deli Select Shaved Ham 200g,Product,Deli Select,2,"POLYGON ((3.779 1, 4.079 1, 4.079 1.04, 3.779 1.04, 3.779 1))",2,6000
FreshMart Banksia Grove,Chiller Wall - Smallgoods,Chiller Wall,09,Marlow Meats Chorizo 2pk,Product,Marlow Meats,1,"POLYGON ((4.091 1, 4.231 1, 4.231 1.06, 4.091 1.06, 4.091 1))",2,4700
FreshMart Banksia Grove,Chiller Wall - Smallgoods,Chiller Wall,09,Marlow Meats Bacon Rashers 500g,Product,Marlow Meats,1,"POLYGON ((4.243 1, 4.423 1, 4.423 1.05, 4.243 1.05, 4.243 1))",2,5200
FreshMart Banksia Grove,Chiller Wall - Smallgoods,Chiller Wall,09,FreshMart Essentials Bacon Rashers 500g,Product,FreshMart Essentials,1,"POLYGON ((4.435 1, 4.615 1, 4.615 1.05, 4.435 1.05, 4.435 1))",2,5600
FreshMart Banksia Grove,Chiller Wall - Smallgoods,Chiller Wall,09,Marlow Meats Salami Sliced 150g,Product,Marlow Meats,1,"POLYGON ((4.627 1, 4.757 1, 4.757 1.04, 4.627 1.04, 4.627 1))",2,4900
FreshMart Banksia Grove,Chiller Wall - Smallgoods,Chiller Wall,09,Shelf 3 - Bay 09,Shelf,,,"POLYGON ((3.2 1.36, 4.8 1.36, 4.8 1.4, 3.2 1.4, 3.2 1.36))",1,
FreshMart Banksia Grove,Chiller Wall - Smallgoods,Chiller Wall,09,Marlow Meats Shaved Ham 200g,Product,Marlow Meats,2,"POLYGON ((3.235 1.4, 3.535 1.4, 3.535 1.44, 3.235 1.44, 3.235 1.4))",2,11500
FreshMart Banksia Grove,Chiller Wall - Smallgoods,Chiller Wall,09,Marlow Meats Salami Sliced 150g,Product,Marlow Meats,2,"POLYGON ((3.547 1.4, 3.807 1.4, 3.807 1.44, 3.547 1.44, 3.547 1.4))",2,10300
FreshMart Banksia Grove,Chiller Wall - Smallgoods,Chiller Wall,09,Deli Select Chorizo 2pk,Product,Deli Select,1,"POLYGON ((3.819 1.4, 3.959 1.4, 3.959 1.46, 3.819 1.46, 3.819 1.4))",2,2900
FreshMart Banksia Grove,Chiller Wall - Smallgoods,Chiller Wall,09,FreshMart Essentials Chorizo 2pk,Product,FreshMart Essentials,1,"POLYGON ((3.971 1.4, 4.111 1.4, 4.111 1.46, 3.971 1.46, 3.971 1.4))",2,3000
FreshMart Banksia Grove,Chiller Wall - Smallgoods,Chiller Wall,09,Marlow Meats Bacon Rashers 500g,Product,Marlow Meats,1,"POLYGON ((4.123 1.4, 4.303 1.4, 4.303 1.45, 4.123 1.45, 4.123 1.4))",2,4900
FreshMart Banksia Grove,Chiller Wall - Smallgoods,Chiller Wall,09,FreshMart Essentials Chorizo 2pk,Product,FreshMart Essentials,2,"POLYGON ((4.315 1.4, 4.595 1.4, 4.595 1.46, 4.315 1.46, 4.315 1.4))",2,9300
FreshMart Banksia Grove,Chiller Wall - Smallgoods,Chiller Wall,09,FreshMart Essentials Shaved Ham 200g,Product,FreshMart Essentials,1,"POLYGON ((4.607 1.4, 4.757 1.4, 4.757 1.44, 4.607 1.44, 4.607 1.4))",2,3900
FreshMart Banksia Grove,Chiller Wall - Smallgoods,Chiller Wall,10,Air Grille 10,Air Grille,,,"POLYGON ((4.8 1.84, 6.4 1.84, 6.4 2.2, 4.8 2.2, 4.8 1.84))",1,
FreshMart Banksia Grove,Chiller Wall - Smallgoods,Chiller Wall,10,Base Deck - Bay 10,Base Deck,,,"POLYGON ((4.8 0, 6.4 0, 6.4 0.2, 4.8 0.2, 4.8 0))",1,
FreshMart Banksia Grove,Chiller Wall - Smallgoods,Chiller Wall,10,Deli Select Pastrami 150g,Product,Deli Select,2,"POLYGON ((4.835 0.2, 5.095 0.2, 5.095 0.24, 4.835 0.24, 4.835 0.2))",2,6300
FreshMart Banksia Grove,Chiller Wall - Smallgoods,Chiller Wall,10,FreshMart Essentials Shaved Ham 200g,Product,FreshMart Essentials,1,"POLYGON ((5.107 0.2, 5.257 0.2, 5.257 0.24, 5.107 0.24, 5.107 0.2))",2,3600
FreshMart Banksia Grove,Chiller Wall - Smallgoods,Chiller Wall,10,Deli Select Shaved Ham 200g,Product,Deli Select,1,"POLYGON ((5.269 0.2, 5.419 0.2, 5.419 0.24, 5.269 0.24, 5.269 0.2))",2,4800
FreshMart Banksia Grove,Chiller Wall - Smallgoods,Chiller Wall,10,Deli Select Chorizo 2pk,Product,Deli Select,3,"POLYGON ((5.431 0.2, 5.851 0.2, 5.851 0.26, 5.431 0.26, 5.431 0.2))",2,16500
FreshMart Banksia Grove,Chiller Wall - Smallgoods,Chiller Wall,10,Deli Select Salami Sliced 150g,Product,Deli Select,2,"POLYGON ((5.863 0.2, 6.123 0.2, 6.123 0.24, 5.863 0.24, 5.863 0.2))",2,9800
FreshMart Banksia Grove,Chiller Wall - Smallgoods,Chiller Wall,10,Marlow Meats Salami Sliced 150g,Product,Marlow Meats,1,"POLYGON ((6.135 0.2, 6.265 0.2, 6.265 0.24, 6.135 0.24, 6.135 0.2))",2,3100
FreshMart Banksia Grove,Chiller Wall - Smallgoods,Chiller Wall,10,Shelf 1 - Bay 10,Shelf,,,"POLYGON ((4.8 0.56, 6.4 0.56, 6.4 0.6, 4.8 0.6, 4.8 0.56))",1,
FreshMart Banksia Grove,Chiller Wall - Smallgoods,Chiller Wall,10,Marlow Meats Frankfurts 500g,Product,Marlow Meats,1,"POLYGON ((4.835 0.6, 4.995 0.6, 4.995 0.67, 4.835 0.67, 4.835 0.6))",2,5600
FreshMart Banksia Grove,Chiller Wall - Smallgoods,Chiller Wall,10,Marlow Meats Frankfurts 500g,Product,Marlow Meats,2,"POLYGON ((5.007 0.6, 5.327 0.6, 5.327 0.67, 5.007 0.67, 5.007 0.6))",2,9500
FreshMart Banksia Grove,Chiller Wall - Smallgoods,Chiller Wall,10,FreshMart Essentials Frankfurts 500g,Product,FreshMart Essentials,2,"POLYGON ((5.339 0.6, 5.659 0.6, 5.659 0.67, 5.339 0.67, 5.339 0.6))",2,6200
FreshMart Banksia Grove,Chiller Wall - Smallgoods,Chiller Wall,10,Deli Select Frankfurts 500g,Product,Deli Select,2,"POLYGON ((5.671 0.6, 5.991 0.6, 5.991 0.67, 5.671 0.67, 5.671 0.6))",2,6900
FreshMart Banksia Grove,Chiller Wall - Smallgoods,Chiller Wall,10,Deli Select Frankfurts 500g,Product,Deli Select,1,"POLYGON ((6.003 0.6, 6.163 0.6, 6.163 0.67, 6.003 0.67, 6.003 0.6))",2,3700
FreshMart Banksia Grove,Chiller Wall - Smallgoods,Chiller Wall,10,Marlow Meats Salami Sliced 150g,Product,Marlow Meats,1,"POLYGON ((6.175 0.6, 6.305 0.6, 6.305 0.64, 6.175 0.64, 6.175 0.6))",2,3900
FreshMart Banksia Grove,Chiller Wall - Smallgoods,Chiller Wall,10,Shelf 2 - Bay 10,Shelf,,,"POLYGON ((4.8 0.96, 6.4 0.96, 6.4 1, 4.8 1, 4.8 0.96))",1,
FreshMart Banksia Grove,Chiller Wall - Smallgoods,Chiller Wall,10,FreshMart Essentials Pastrami 150g,Product,FreshMart Essentials,1,"POLYGON ((4.835 1, 4.965 1, 4.965 1.04, 4.835 1.04, 4.835 1))",2,3200
FreshMart Banksia Grove,Chiller Wall - Smallgoods,Chiller Wall,10,FreshMart Essentials Bacon Rashers 500g,Product,FreshMart Essentials,2,"POLYGON ((4.977 1, 5.337 1, 5.337 1.05, 4.977 1.05, 4.977 1))",2,9000
FreshMart Banksia Grove,Chiller Wall - Smallgoods,Chiller Wall,10,Marlow Meats Chorizo 2pk,Product,Marlow Meats,3,"POLYGON ((5.349 1, 5.769 1, 5.769 1.06, 5.349 1.06, 5.349 1))",2,9100
FreshMart Banksia Grove,Chiller Wall - Smallgoods,Chiller Wall,10,Deli Select Salami Sliced 150g,Product,Deli Select,1,"POLYGON ((5.781 1, 5.911 1, 5.911 1.04, 5.781 1.04, 5.781 1))",2,4800
FreshMart Banksia Grove,Chiller Wall - Smallgoods,Chiller Wall,10,FreshMart Essentials Frankfurts 500g,Product,FreshMart Essentials,1,"POLYGON ((5.923 1, 6.083 1, 6.083 1.07, 5.923 1.07, 5.923 1))",2,4800
FreshMart Banksia Grove,Chiller Wall - Smallgoods,Chiller Wall,10,Marlow Meats Salami Sliced 150g,Product,Marlow Meats,2,"POLYGON ((6.095 1, 6.355 1, 6.355 1.04, 6.095 1.04, 6.095 1))",2,7700
FreshMart Banksia Grove,Chiller Wall - Smallgoods,Chiller Wall,10,Shelf 3 - Bay 10,Shelf,,,"POLYGON ((4.8 1.36, 6.4 1.36, 6.4 1.4, 4.8 1.4, 4.8 1.36))",1,
FreshMart Banksia Grove,Chiller Wall - Smallgoods,Chiller Wall,10,Deli Select Salami Sliced 150g,Product,Deli Select,3,"POLYGON ((4.835 1.4, 5.225 1.4, 5.225 1.44, 4.835 1.44, 4.835 1.4))",2,12400
FreshMart Banksia Grove,Chiller Wall - Smallgoods,Chiller Wall,10,Marlow Meats Salami Sliced 150g,Product,Marlow Meats,1,"POLYGON ((5.237 1.4, 5.367 1.4, 5.367 1.44, 5.237 1.44, 5.237 1.4))",2,3400
FreshMart Banksia Grove,Chiller Wall - Smallgoods,Chiller Wall,10,Marlow Meats Frankfurts 500g,Product,Marlow Meats,2,"POLYGON ((5.379 1.4, 5.699 1.4, 5.699 1.47, 5.379 1.47, 5.379 1.4))",2,6200
FreshMart Banksia Grove,Chiller Wall - Smallgoods,Chiller Wall,10,FreshMart Essentials Chorizo 2pk,Product,FreshMart Essentials,3,"POLYGON ((5.711 1.4, 6.131 1.4, 6.131 1.46, 5.711 1.46, 5.711 1.4))",2,12100
FreshMart Banksia Grove,Chiller Wall - Smallgoods,Chiller Wall,10,FreshMart Essentials Shaved Ham 200g,Product,FreshMart Essentials,1,"POLYGON ((6.143 1.4, 6.293 1.4, 6.293 1.44, 6.143 1.44, 6.143 1.4))",2,5200
FreshMart Banksia Grove,Aisle 1 End Cap South - Promo,Aisle 1,End S,Bay Frame End S,Rack,,,"POLYGON ((0 0, 1.6 0, 1.6 2.2, 0 2.2, 0 0))",0,
FreshMart Banksia Grove,Aisle 1 End Cap South - Promo,Aisle 1,,Upright 1,Rack,,,"POLYGON ((0 0, 0.025 0, 0.025 2.2, 0 2.2, 0 0))",0,
FreshMart Banksia Grove,Aisle 1 End Cap South - Promo,Aisle 1,,Upright 2,Rack,,,"POLYGON ((1.575 0, 1.6 0, 1.6 2.2, 1.575 2.2, 1.575 0))",0,
FreshMart Banksia Grove,Aisle 1 End Cap South - Promo,Aisle 1,End S,Promo Header,Promo Header,,,"POLYGON ((0 1.95, 1.6 1.95, 1.6 2.2, 0 2.2, 0 1.95))",1,
FreshMart Banksia Grove,Aisle 1 End Cap South - Promo,Aisle 1,End S,Base Deck - Bay End S,Base Deck,,,"POLYGON ((0 0, 1.6 0, 1.6 0.1, 0 0.1, 0 0))",1,
FreshMart Banksia Grove,Aisle 1 End Cap South - Promo,Aisle 1,End S,ChocOro Laundry Value 6kg,Product,ChocOro,2,"POLYGON ((0.035 0.1, 0.635 0.1, 0.635 0.46, 0.035 0.46, 0.035 0.1))",2,19000
FreshMart Banksia Grove,Aisle 1 End Cap South - Promo,Aisle 1,End S,Sparkle Co. Ice Cream Bulk 4L,Product,Sparkle Co.,3,"POLYGON ((0.647 0.1, 1.427 0.1, 1.427 0.28, 0.647 0.28, 0.647 0.1))",2,20100
FreshMart Banksia Grove,Aisle 1 End Cap South - Promo,Aisle 1,End S,Shelf 1 - Bay End S,Shelf,,,"POLYGON ((0 0.65, 1.6 0.65, 1.6 0.69, 0 0.69, 0 0.65))",1,
FreshMart Banksia Grove,Aisle 1 End Cap South - Promo,Aisle 1,End S,Polar Peak Ice Cream Bulk 4L,Product,Polar Peak,1,"POLYGON ((0.035 0.69, 0.295 0.69, 0.295 0.87, 0.035 0.87, 0.035 0.69))",2,10500
FreshMart Banksia Grove,Aisle 1 End Cap South - Promo,Aisle 1,End S,ChocOro Soft Drink 24pk,Product,ChocOro,1,"POLYGON ((0.307 0.69, 0.707 0.69, 0.707 0.82, 0.307 0.82, 0.307 0.69))",2,9500
FreshMart Banksia Grove,Aisle 1 End Cap South - Promo,Aisle 1,End S,FreshMart Essentials Biscuit Variety 1kg,Product,FreshMart Essentials,2,"POLYGON ((0.719 0.69, 1.279 0.69, 1.279 0.93, 0.719 0.93, 0.719 0.69))",2,13200
FreshMart Banksia Grove,Aisle 1 End Cap South - Promo,Aisle 1,End S,Polar Peak Ice Cream Bulk 4L,Product,Polar Peak,1,"POLYGON ((1.291 0.69, 1.551 0.69, 1.551 0.87, 1.291 0.87, 1.291 0.69))",2,8300
FreshMart Banksia Grove,Aisle 1 End Cap South - Promo,Aisle 1,End S,Shelf 2 - Bay End S,Shelf,,,"POLYGON ((0 1.24, 1.6 1.24, 1.6 1.28, 0 1.28, 0 1.24))",1,
FreshMart Banksia Grove,Aisle 1 End Cap South - Promo,Aisle 1,End S,Polar Peak Laundry Value 6kg,Product,Polar Peak,1,"POLYGON ((0.035 1.28, 0.335 1.28, 0.335 1.64, 0.035 1.64, 0.035 1.28))",2,8400
FreshMart Banksia Grove,Aisle 1 End Cap South - Promo,Aisle 1,End S,ChocOro Mega Chips 380g,Product,ChocOro,1,"POLYGON ((0.347 1.28, 0.627 1.28, 0.627 1.66, 0.347 1.66, 0.347 1.28))",2,7300
FreshMart Banksia Grove,Aisle 1 End Cap South - Promo,Aisle 1,End S,FreshMart Essentials Choc Gift Box 450g,Product,FreshMart Essentials,1,"POLYGON ((0.639 1.28, 0.899 1.28, 0.899 1.54, 0.639 1.54, 0.639 1.28))",2,9900
FreshMart Banksia Grove,Aisle 1 End Cap South - Promo,Aisle 1,End S,ChocOro Biscuit Variety 1kg,Product,ChocOro,1,"POLYGON ((0.911 1.28, 1.191 1.28, 1.191 1.52, 0.911 1.52, 0.911 1.28))",2,5600
FreshMart Banksia Grove,Aisle 1 End Cap South - Promo,Aisle 1,End S,Sparkle Co. Laundry Value 6kg,Product,Sparkle Co.,1,"POLYGON ((1.203 1.28, 1.503 1.28, 1.503 1.64, 1.203 1.64, 1.203 1.28))",2,6600
FreshMart Banksia Grove,Aisle 1 End Cap North - Promo,Aisle 1,End N,Bay Frame End N,Rack,,,"POLYGON ((0 0, 1.6 0, 1.6 2.2, 0 2.2, 0 0))",0,
FreshMart Banksia Grove,Aisle 1 End Cap North - Promo,Aisle 1,,Upright 1,Rack,,,"POLYGON ((0 0, 0.025 0, 0.025 2.2, 0 2.2, 0 0))",0,
FreshMart Banksia Grove,Aisle 1 End Cap North - Promo,Aisle 1,,Upright 2,Rack,,,"POLYGON ((1.575 0, 1.6 0, 1.6 2.2, 1.575 2.2, 1.575 0))",0,
FreshMart Banksia Grove,Aisle 1 End Cap North - Promo,Aisle 1,End N,Promo Header,Promo Header,,,"POLYGON ((0 1.95, 1.6 1.95, 1.6 2.2, 0 2.2, 0 1.95))",1,
FreshMart Banksia Grove,Aisle 1 End Cap North - Promo,Aisle 1,End N,Base Deck - Bay End N,Base Deck,,,"POLYGON ((0 0, 1.6 0, 1.6 0.1, 0 0.1, 0 0))",1,
FreshMart Banksia Grove,Aisle 1 End Cap North - Promo,Aisle 1,End N,CrunchTime Ice Cream Bulk 4L,Product,CrunchTime,3,"POLYGON ((0.035 0.1, 0.815 0.1, 0.815 0.28, 0.035 0.28, 0.035 0.1))",2,18800
FreshMart Banksia Grove,Aisle 1 End Cap North - Promo,Aisle 1,End N,FreshMart Essentials Biscuit Variety 1kg,Product,FreshMart Essentials,2,"POLYGON ((0.827 0.1, 1.387 0.1, 1.387 0.34, 0.827 0.34, 0.827 0.1))",2,14300
FreshMart Banksia Grove,Aisle 1 End Cap North - Promo,Aisle 1,End N,Shelf 1 - Bay End N,Shelf,,,"POLYGON ((0 0.65, 1.6 0.65, 1.6 0.69, 0 0.69, 0 0.65))",1,
FreshMart Banksia Grove,Aisle 1 End Cap North - Promo,Aisle 1,End N,Polar Peak Mega Chips 380g,Product,Polar Peak,1,"POLYGON ((0.035 0.69, 0.315 0.69, 0.315 1.07, 0.035 1.07, 0.035 0.69))",2,7200
FreshMart Banksia Grove,Aisle 1 End Cap North - Promo,Aisle 1,End N,ChocOro Ice Cream Bulk 4L,Product,ChocOro,2,"POLYGON ((0.327 0.69, 0.847 0.69, 0.847 0.87, 0.327 0.87, 0.327 0.69))",2,17500
FreshMart Banksia Grove,Aisle 1 End Cap North - Promo,Aisle 1,End N,CrunchTime Soft Drink 24pk,Product,CrunchTime,1,"POLYGON ((0.859 0.69, 1.259 0.69, 1.259 0.82, 0.859 0.82, 0.859 0.69))",2,9200
FreshMart Banksia Grove,Aisle 1 End Cap North - Promo,Aisle 1,End N,CrunchTime Mega Chips 380g,Product,CrunchTime,1,"POLYGON ((1.271 0.69, 1.551 0.69, 1.551 1.07, 1.271 1.07, 1.271 0.69))",2,10100
FreshMart Banksia Grove,Aisle 1 End Cap North - Promo,Aisle 1,End N,Shelf 2 - Bay End N,Shelf,,,"POLYGON ((0 1.24, 1.6 1.24, 1.6 1.28, 0 1.28, 0 1.24))",1,
FreshMart Banksia Grove,Aisle 1 End Cap North - Promo,Aisle 1,End N,Sparkle Co. Mega Chips 380g,Product,Sparkle Co.,3,"POLYGON ((0.035 1.28, 0.875 1.28, 0.875 1.66, 0.035 1.66, 0.035 1.28))",2,28300
FreshMart Banksia Grove,Aisle 1 End Cap North - Promo,Aisle 1,End N,FreshMart Essentials Biscuit Variety 1kg,Product,FreshMart Essentials,2,"POLYGON ((0.887 1.28, 1.447 1.28, 1.447 1.52, 0.887 1.52, 0.887 1.28))",2,18100
FreshMart Banksia Grove,Aisle 2 End Cap South - Promo,Aisle 2,End S,Bay Frame End S,Rack,,,"POLYGON ((0 0, 1.6 0, 1.6 2.2, 0 2.2, 0 0))",0,
FreshMart Banksia Grove,Aisle 2 End Cap South - Promo,Aisle 2,,Upright 1,Rack,,,"POLYGON ((0 0, 0.025 0, 0.025 2.2, 0 2.2, 0 0))",0,
FreshMart Banksia Grove,Aisle 2 End Cap South - Promo,Aisle 2,,Upright 2,Rack,,,"POLYGON ((1.575 0, 1.6 0, 1.6 2.2, 1.575 2.2, 1.575 0))",0,
FreshMart Banksia Grove,Aisle 2 End Cap South - Promo,Aisle 2,End S,Promo Header,Promo Header,,,"POLYGON ((0 1.95, 1.6 1.95, 1.6 2.2, 0 2.2, 0 1.95))",1,
FreshMart Banksia Grove,Aisle 2 End Cap South - Promo,Aisle 2,End S,Base Deck - Bay End S,Base Deck,,,"POLYGON ((0 0, 1.6 0, 1.6 0.1, 0 0.1, 0 0))",1,
FreshMart Banksia Grove,Aisle 2 End Cap South - Promo,Aisle 2,End S,Polar Peak Biscuit Variety 1kg,Product,Polar Peak,2,"POLYGON ((0.035 0.1, 0.595 0.1, 0.595 0.34, 0.035 0.34, 0.035 0.1))",2,14800
FreshMart Banksia Grove,Aisle 2 End Cap South - Promo,Aisle 2,End S,Polar Peak Biscuit Variety 1kg,Product,Polar Peak,1,"POLYGON ((0.607 0.1, 0.887 0.1, 0.887 0.34, 0.607 0.34, 0.607 0.1))",2,8200
FreshMart Banksia Grove,Aisle 2 End Cap South - Promo,Aisle 2,End S,Polar Peak Soft Drink 24pk,Product,Polar Peak,1,"POLYGON ((0.899 0.1, 1.299 0.1, 1.299 0.23, 0.899 0.23, 0.899 0.1))",2,9400
FreshMart Banksia Grove,Aisle 2 End Cap South - Promo,Aisle 2,End S,Shelf 1 - Bay End S,Shelf,,,"POLYGON ((0 0.65, 1.6 0.65, 1.6 0.69, 0 0.69, 0 0.65))",1,
FreshMart Banksia Grove,Aisle 2 End Cap South - Promo,Aisle 2,End S,Polar Peak Choc Gift Box 450g,Product,Polar Peak,1,"POLYGON ((0.035 0.69, 0.295 0.69, 0.295 0.95, 0.035 0.95, 0.035 0.69))",2,5600
FreshMart Banksia Grove,Aisle 2 End Cap South - Promo,Aisle 2,End S,Sparkle Co. Ice Cream Bulk 4L,Product,Sparkle Co.,3,"POLYGON ((0.307 0.69, 1.087 0.69, 1.087 0.87, 0.307 0.87, 0.307 0.69))",2,22500
FreshMart Banksia Grove,Aisle 2 End Cap South - Promo,Aisle 2,End S,FreshMart Essentials Mega Chips 380g,Product,FreshMart Essentials,1,"POLYGON ((1.099 0.69, 1.379 0.69, 1.379 1.07, 1.099 1.07, 1.099 0.69))",2,10600
FreshMart Banksia Grove,Aisle 2 End Cap South - Promo,Aisle 2,End S,Shelf 2 - Bay End S,Shelf,,,"POLYGON ((0 1.24, 1.6 1.24, 1.6 1.28, 0 1.28, 0 1.24))",1,
FreshMart Banksia Grove,Aisle 2 End Cap South - Promo,Aisle 2,End S,Polar Peak Soft Drink 24pk,Product,Polar Peak,3,"POLYGON ((0.035 1.28, 1.235 1.28, 1.235 1.41, 0.035 1.41, 0.035 1.28))",2,17900
FreshMart Banksia Grove,Aisle 2 End Cap South - Promo,Aisle 2,End S,CrunchTime Laundry Value 6kg,Product,CrunchTime,1,"POLYGON ((1.247 1.28, 1.547 1.28, 1.547 1.64, 1.247 1.64, 1.247 1.28))",2,9900
FreshMart Banksia Grove,Aisle 2 End Cap North - Promo,Aisle 2,End N,Bay Frame End N,Rack,,,"POLYGON ((0 0, 1.6 0, 1.6 2.2, 0 2.2, 0 0))",0,
FreshMart Banksia Grove,Aisle 2 End Cap North - Promo,Aisle 2,,Upright 1,Rack,,,"POLYGON ((0 0, 0.025 0, 0.025 2.2, 0 2.2, 0 0))",0,
FreshMart Banksia Grove,Aisle 2 End Cap North - Promo,Aisle 2,,Upright 2,Rack,,,"POLYGON ((1.575 0, 1.6 0, 1.6 2.2, 1.575 2.2, 1.575 0))",0,
FreshMart Banksia Grove,Aisle 2 End Cap North - Promo,Aisle 2,End N,Promo Header,Promo Header,,,"POLYGON ((0 1.95, 1.6 1.95, 1.6 2.2, 0 2.2, 0 1.95))",1,
FreshMart Banksia Grove,Aisle 2 End Cap North - Promo,Aisle 2,End N,Base Deck - Bay End N,Base Deck,,,"POLYGON ((0 0, 1.6 0, 1.6 0.1, 0 0.1, 0 0))",1,
FreshMart Banksia Grove,Aisle 2 End Cap North - Promo,Aisle 2,End N,Sparkle Co. Biscuit Variety 1kg,Product,Sparkle Co.,1,"POLYGON ((0.035 0.1, 0.315 0.1, 0.315 0.34, 0.035 0.34, 0.035 0.1))",2,8900
FreshMart Banksia Grove,Aisle 2 End Cap North - Promo,Aisle 2,End N,Sparkle Co. Mega Chips 380g,Product,Sparkle Co.,3,"POLYGON ((0.327 0.1, 1.167 0.1, 1.167 0.48, 0.327 0.48, 0.327 0.1))",2,15200
FreshMart Banksia Grove,Aisle 2 End Cap North - Promo,Aisle 2,End N,CrunchTime Choc Gift Box 450g,Product,CrunchTime,1,"POLYGON ((1.179 0.1, 1.439 0.1, 1.439 0.36, 1.179 0.36, 1.179 0.1))",2,5700
FreshMart Banksia Grove,Aisle 2 End Cap North - Promo,Aisle 2,End N,Shelf 1 - Bay End N,Shelf,,,"POLYGON ((0 0.65, 1.6 0.65, 1.6 0.69, 0 0.69, 0 0.65))",1,
FreshMart Banksia Grove,Aisle 2 End Cap North - Promo,Aisle 2,End N,FreshMart Essentials Biscuit Variety 1kg,Product,FreshMart Essentials,1,"POLYGON ((0.035 0.69, 0.315 0.69, 0.315 0.93, 0.035 0.93, 0.035 0.69))",2,9600
FreshMart Banksia Grove,Aisle 2 End Cap North - Promo,Aisle 2,End N,FreshMart Essentials Mega Chips 380g,Product,FreshMart Essentials,1,"POLYGON ((0.327 0.69, 0.607 0.69, 0.607 1.07, 0.327 1.07, 0.327 0.69))",2,8100
FreshMart Banksia Grove,Aisle 2 End Cap North - Promo,Aisle 2,End N,CrunchTime Mega Chips 380g,Product,CrunchTime,2,"POLYGON ((0.619 0.69, 1.179 0.69, 1.179 1.07, 0.619 1.07, 0.619 0.69))",2,10900
FreshMart Banksia Grove,Aisle 2 End Cap North - Promo,Aisle 2,End N,ChocOro Laundry Value 6kg,Product,ChocOro,1,"POLYGON ((1.191 0.69, 1.491 0.69, 1.491 1.05, 1.191 1.05, 1.191 0.69))",2,5700
FreshMart Banksia Grove,Aisle 2 End Cap North - Promo,Aisle 2,End N,Shelf 2 - Bay End N,Shelf,,,"POLYGON ((0 1.24, 1.6 1.24, 1.6 1.28, 0 1.28, 0 1.24))",1,
FreshMart Banksia Grove,Aisle 2 End Cap North - Promo,Aisle 2,End N,ChocOro Ice Cream Bulk 4L,Product,ChocOro,1,"POLYGON ((0.035 1.28, 0.295 1.28, 0.295 1.46, 0.035 1.46, 0.035 1.28))",2,10600
FreshMart Banksia Grove,Aisle 2 End Cap North - Promo,Aisle 2,End N,ChocOro Choc Gift Box 450g,Product,ChocOro,3,"POLYGON ((0.307 1.28, 1.087 1.28, 1.087 1.54, 0.307 1.54, 0.307 1.28))",2,29800
FreshMart Banksia Grove,Aisle 2 End Cap North - Promo,Aisle 2,End N,Polar Peak Soft Drink 24pk,Product,Polar Peak,1,"POLYGON ((1.099 1.28, 1.499 1.28, 1.499 1.41, 1.099 1.41, 1.099 1.28))",2,6800
FreshMart Banksia Grove,Aisle 3 End Cap South - Promo,Aisle 3,End S,Bay Frame End S,Rack,,,"POLYGON ((0 0, 1.6 0, 1.6 2.2, 0 2.2, 0 0))",0,
FreshMart Banksia Grove,Aisle 3 End Cap South - Promo,Aisle 3,,Upright 1,Rack,,,"POLYGON ((0 0, 0.025 0, 0.025 2.2, 0 2.2, 0 0))",0,
FreshMart Banksia Grove,Aisle 3 End Cap South - Promo,Aisle 3,,Upright 2,Rack,,,"POLYGON ((1.575 0, 1.6 0, 1.6 2.2, 1.575 2.2, 1.575 0))",0,
FreshMart Banksia Grove,Aisle 3 End Cap South - Promo,Aisle 3,End S,Promo Header,Promo Header,,,"POLYGON ((0 1.95, 1.6 1.95, 1.6 2.2, 0 2.2, 0 1.95))",1,
FreshMart Banksia Grove,Aisle 3 End Cap South - Promo,Aisle 3,End S,Base Deck - Bay End S,Base Deck,,,"POLYGON ((0 0, 1.6 0, 1.6 0.1, 0 0.1, 0 0))",1,
FreshMart Banksia Grove,Aisle 3 End Cap South - Promo,Aisle 3,End S,Sparkle Co. Soft Drink 24pk,Product,Sparkle Co.,3,"POLYGON ((0.035 0.1, 1.235 0.1, 1.235 0.23, 0.035 0.23, 0.035 0.1))",2,15300
FreshMart Banksia Grove,Aisle 3 End Cap South - Promo,Aisle 3,End S,CrunchTime Choc Gift Box 450g,Product,CrunchTime,1,"POLYGON ((1.247 0.1, 1.507 0.1, 1.507 0.36, 1.247 0.36, 1.247 0.1))",2,6600
FreshMart Banksia Grove,Aisle 3 End Cap South - Promo,Aisle 3,End S,Shelf 1 - Bay End S,Shelf,,,"POLYGON ((0 0.65, 1.6 0.65, 1.6 0.69, 0 0.69, 0 0.65))",1,
FreshMart Banksia Grove,Aisle 3 End Cap South - Promo,Aisle 3,End S,ChocOro Soft Drink 24pk,Product,ChocOro,1,"POLYGON ((0.035 0.69, 0.435 0.69, 0.435 0.82, 0.035 0.82, 0.035 0.69))",2,9400
FreshMart Banksia Grove,Aisle 3 End Cap South - Promo,Aisle 3,End S,CrunchTime Mega Chips 380g,Product,CrunchTime,2,"POLYGON ((0.447 0.69, 1.007 0.69, 1.007 1.07, 0.447 1.07, 0.447 0.69))",2,18100
FreshMart Banksia Grove,Aisle 3 End Cap South - Promo,Aisle 3,End S,CrunchTime Choc Gift Box 450g,Product,CrunchTime,1,"POLYGON ((1.019 0.69, 1.279 0.69, 1.279 0.95, 1.019 0.95, 1.019 0.69))",2,7200
FreshMart Banksia Grove,Aisle 3 End Cap South - Promo,Aisle 3,End S,FreshMart Essentials Ice Cream Bulk 4L,Product,FreshMart Essentials,1,"POLYGON ((1.291 0.69, 1.551 0.69, 1.551 0.87, 1.291 0.87, 1.291 0.69))",2,6700
FreshMart Banksia Grove,Aisle 3 End Cap South - Promo,Aisle 3,End S,Shelf 2 - Bay End S,Shelf,,,"POLYGON ((0 1.24, 1.6 1.24, 1.6 1.28, 0 1.28, 0 1.24))",1,
FreshMart Banksia Grove,Aisle 3 End Cap South - Promo,Aisle 3,End S,CrunchTime Laundry Value 6kg,Product,CrunchTime,2,"POLYGON ((0.035 1.28, 0.635 1.28, 0.635 1.64, 0.035 1.64, 0.035 1.28))",2,19700
FreshMart Banksia Grove,Aisle 3 End Cap South - Promo,Aisle 3,End S,Polar Peak Soft Drink 24pk,Product,Polar Peak,2,"POLYGON ((0.647 1.28, 1.447 1.28, 1.447 1.41, 0.647 1.41, 0.647 1.28))",2,13600
FreshMart Banksia Grove,Aisle 3 End Cap North - Promo,Aisle 3,End N,Bay Frame End N,Rack,,,"POLYGON ((0 0, 1.6 0, 1.6 2.2, 0 2.2, 0 0))",0,
FreshMart Banksia Grove,Aisle 3 End Cap North - Promo,Aisle 3,,Upright 1,Rack,,,"POLYGON ((0 0, 0.025 0, 0.025 2.2, 0 2.2, 0 0))",0,
FreshMart Banksia Grove,Aisle 3 End Cap North - Promo,Aisle 3,,Upright 2,Rack,,,"POLYGON ((1.575 0, 1.6 0, 1.6 2.2, 1.575 2.2, 1.575 0))",0,
FreshMart Banksia Grove,Aisle 3 End Cap North - Promo,Aisle 3,End N,Promo Header,Promo Header,,,"POLYGON ((0 1.95, 1.6 1.95, 1.6 2.2, 0 2.2, 0 1.95))",1,
FreshMart Banksia Grove,Aisle 3 End Cap North - Promo,Aisle 3,End N,Base Deck - Bay End N,Base Deck,,,"POLYGON ((0 0, 1.6 0, 1.6 0.1, 0 0.1, 0 0))",1,
FreshMart Banksia Grove,Aisle 3 End Cap North - Promo,Aisle 3,End N,Polar Peak Biscuit Variety 1kg,Product,Polar Peak,3,"POLYGON ((0.035 0.1, 0.875 0.1, 0.875 0.34, 0.035 0.34, 0.035 0.1))",2,24600
FreshMart Banksia Grove,Aisle 3 End Cap North - Promo,Aisle 3,End N,Sparkle Co. Ice Cream Bulk 4L,Product,Sparkle Co.,1,"POLYGON ((0.887 0.1, 1.147 0.1, 1.147 0.28, 0.887 0.28, 0.887 0.1))",2,7700
FreshMart Banksia Grove,Aisle 3 End Cap North - Promo,Aisle 3,End N,CrunchTime Soft Drink 24pk,Product,CrunchTime,1,"POLYGON ((1.159 0.1, 1.559 0.1, 1.559 0.23, 1.159 0.23, 1.159 0.1))",2,6400
FreshMart Banksia Grove,Aisle 3 End Cap North - Promo,Aisle 3,End N,Shelf 1 - Bay End N,Shelf,,,"POLYGON ((0 0.65, 1.6 0.65, 1.6 0.69, 0 0.69, 0 0.65))",1,
FreshMart Banksia Grove,Aisle 3 End Cap North - Promo,Aisle 3,End N,ChocOro Biscuit Variety 1kg,Product,ChocOro,1,"POLYGON ((0.035 0.69, 0.315 0.69, 0.315 0.93, 0.035 0.93, 0.035 0.69))",2,10500
FreshMart Banksia Grove,Aisle 3 End Cap North - Promo,Aisle 3,End N,ChocOro Choc Gift Box 450g,Product,ChocOro,3,"POLYGON ((0.327 0.69, 1.107 0.69, 1.107 0.95, 0.327 0.95, 0.327 0.69))",2,31100
FreshMart Banksia Grove,Aisle 3 End Cap North - Promo,Aisle 3,End N,FreshMart Essentials Soft Drink 24pk,Product,FreshMart Essentials,1,"POLYGON ((1.119 0.69, 1.519 0.69, 1.519 0.82, 1.119 0.82, 1.119 0.69))",2,9700
FreshMart Banksia Grove,Aisle 3 End Cap North - Promo,Aisle 3,End N,Shelf 2 - Bay End N,Shelf,,,"POLYGON ((0 1.24, 1.6 1.24, 1.6 1.28, 0 1.28, 0 1.24))",1,
FreshMart Banksia Grove,Aisle 3 End Cap North - Promo,Aisle 3,End N,Sparkle Co. Mega Chips 380g,Product,Sparkle Co.,1,"POLYGON ((0.035 1.28, 0.315 1.28, 0.315 1.66, 0.035 1.66, 0.035 1.28))",2,5400
FreshMart Banksia Grove,Aisle 3 End Cap North - Promo,Aisle 3,End N,CrunchTime Choc Gift Box 450g,Product,CrunchTime,1,"POLYGON ((0.327 1.28, 0.587 1.28, 0.587 1.54, 0.327 1.54, 0.327 1.28))",2,9900
FreshMart Banksia Grove,Aisle 3 End Cap North - Promo,Aisle 3,End N,Sparkle Co. Soft Drink 24pk,Product,Sparkle Co.,2,"POLYGON ((0.599 1.28, 1.399 1.28, 1.399 1.41, 0.599 1.41, 0.599 1.28))",2,12100
FreshMart Banksia Grove,Aisle 4 End Cap South - Promo,Aisle 4,End S,Bay Frame End S,Rack,,,"POLYGON ((0 0, 1.6 0, 1.6 2.2, 0 2.2, 0 0))",0,
FreshMart Banksia Grove,Aisle 4 End Cap South - Promo,Aisle 4,,Upright 1,Rack,,,"POLYGON ((0 0, 0.025 0, 0.025 2.2, 0 2.2, 0 0))",0,
FreshMart Banksia Grove,Aisle 4 End Cap South - Promo,Aisle 4,,Upright 2,Rack,,,"POLYGON ((1.575 0, 1.6 0, 1.6 2.2, 1.575 2.2, 1.575 0))",0,
FreshMart Banksia Grove,Aisle 4 End Cap South - Promo,Aisle 4,End S,Promo Header,Promo Header,,,"POLYGON ((0 1.95, 1.6 1.95, 1.6 2.2, 0 2.2, 0 1.95))",1,
FreshMart Banksia Grove,Aisle 4 End Cap South - Promo,Aisle 4,End S,Base Deck - Bay End S,Base Deck,,,"POLYGON ((0 0, 1.6 0, 1.6 0.1, 0 0.1, 0 0))",1,
FreshMart Banksia Grove,Aisle 4 End Cap South - Promo,Aisle 4,End S,FreshMart Essentials Soft Drink 24pk,Product,FreshMart Essentials,3,"POLYGON ((0.035 0.1, 1.235 0.1, 1.235 0.23, 0.035 0.23, 0.035 0.1))",2,28300
FreshMart Banksia Grove,Aisle 4 End Cap South - Promo,Aisle 4,End S,Polar Peak Mega Chips 380g,Product,Polar Peak,1,"POLYGON ((1.247 0.1, 1.527 0.1, 1.527 0.48, 1.247 0.48, 1.247 0.1))",2,5400
FreshMart Banksia Grove,Aisle 4 End Cap South - Promo,Aisle 4,End S,Shelf 1 - Bay End S,Shelf,,,"POLYGON ((0 0.65, 1.6 0.65, 1.6 0.69, 0 0.69, 0 0.65))",1,
FreshMart Banksia Grove,Aisle 4 End Cap South - Promo,Aisle 4,End S,FreshMart Essentials Soft Drink 24pk,Product,FreshMart Essentials,2,"POLYGON ((0.035 0.69, 0.835 0.69, 0.835 0.82, 0.035 0.82, 0.035 0.69))",2,15900
FreshMart Banksia Grove,Aisle 4 End Cap South - Promo,Aisle 4,End S,Sparkle Co. Choc Gift Box 450g,Product,Sparkle Co.,2,"POLYGON ((0.847 0.69, 1.367 0.69, 1.367 0.95, 0.847 0.95, 0.847 0.69))",2,20800
FreshMart Banksia Grove,Aisle 4 End Cap South - Promo,Aisle 4,End S,Shelf 2 - Bay End S,Shelf,,,"POLYGON ((0 1.24, 1.6 1.24, 1.6 1.28, 0 1.28, 0 1.24))",1,
FreshMart Banksia Grove,Aisle 4 End Cap South - Promo,Aisle 4,End S,Polar Peak Soft Drink 24pk,Product,Polar Peak,2,"POLYGON ((0.035 1.28, 0.835 1.28, 0.835 1.41, 0.035 1.41, 0.035 1.28))",2,20500
FreshMart Banksia Grove,Aisle 4 End Cap South - Promo,Aisle 4,End S,Sparkle Co. Mega Chips 380g,Product,Sparkle Co.,1,"POLYGON ((0.847 1.28, 1.127 1.28, 1.127 1.66, 0.847 1.66, 0.847 1.28))",2,10100
FreshMart Banksia Grove,Aisle 4 End Cap South - Promo,Aisle 4,End S,Polar Peak Biscuit Variety 1kg,Product,Polar Peak,1,"POLYGON ((1.139 1.28, 1.419 1.28, 1.419 1.52, 1.139 1.52, 1.139 1.28))",2,6200
FreshMart Banksia Grove,Aisle 4 End Cap North - Promo,Aisle 4,End N,Bay Frame End N,Rack,,,"POLYGON ((0 0, 1.6 0, 1.6 2.2, 0 2.2, 0 0))",0,
FreshMart Banksia Grove,Aisle 4 End Cap North - Promo,Aisle 4,,Upright 1,Rack,,,"POLYGON ((0 0, 0.025 0, 0.025 2.2, 0 2.2, 0 0))",0,
FreshMart Banksia Grove,Aisle 4 End Cap North - Promo,Aisle 4,,Upright 2,Rack,,,"POLYGON ((1.575 0, 1.6 0, 1.6 2.2, 1.575 2.2, 1.575 0))",0,
FreshMart Banksia Grove,Aisle 4 End Cap North - Promo,Aisle 4,End N,Promo Header,Promo Header,,,"POLYGON ((0 1.95, 1.6 1.95, 1.6 2.2, 0 2.2, 0 1.95))",1,
FreshMart Banksia Grove,Aisle 4 End Cap North - Promo,Aisle 4,End N,Base Deck - Bay End N,Base Deck,,,"POLYGON ((0 0, 1.6 0, 1.6 0.1, 0 0.1, 0 0))",1,
FreshMart Banksia Grove,Aisle 4 End Cap North - Promo,Aisle 4,End N,Polar Peak Ice Cream Bulk 4L,Product,Polar Peak,1,"POLYGON ((0.035 0.1, 0.295 0.1, 0.295 0.28, 0.035 0.28, 0.035 0.1))",2,7600
FreshMart Banksia Grove,Aisle 4 End Cap North - Promo,Aisle 4,End N,ChocOro Soft Drink 24pk,Product,ChocOro,2,"POLYGON ((0.307 0.1, 1.107 0.1, 1.107 0.23, 0.307 0.23, 0.307 0.1))",2,19600
FreshMart Banksia Grove,Aisle 4 End Cap North - Promo,Aisle 4,End N,Polar Peak Laundry Value 6kg,Product,Polar Peak,1,"POLYGON ((1.119 0.1, 1.419 0.1, 1.419 0.46, 1.119 0.46, 1.119 0.1))",2,8900
FreshMart Banksia Grove,Aisle 4 End Cap North - Promo,Aisle 4,End N,Shelf 1 - Bay End N,Shelf,,,"POLYGON ((0 0.65, 1.6 0.65, 1.6 0.69, 0 0.69, 0 0.65))",1,
FreshMart Banksia Grove,Aisle 4 End Cap North - Promo,Aisle 4,End N,Sparkle Co. Laundry Value 6kg,Product,Sparkle Co.,3,"POLYGON ((0.035 0.69, 0.935 0.69, 0.935 1.05, 0.035 1.05, 0.035 0.69))",2,23600
FreshMart Banksia Grove,Aisle 4 End Cap North - Promo,Aisle 4,End N,Sparkle Co. Choc Gift Box 450g,Product,Sparkle Co.,1,"POLYGON ((0.947 0.69, 1.207 0.69, 1.207 0.95, 0.947 0.95, 0.947 0.69))",2,8300
FreshMart Banksia Grove,Aisle 4 End Cap North - Promo,Aisle 4,End N,Sparkle Co. Biscuit Variety 1kg,Product,Sparkle Co.,1,"POLYGON ((1.219 0.69, 1.499 0.69, 1.499 0.93, 1.219 0.93, 1.219 0.69))",2,10400
FreshMart Banksia Grove,Aisle 4 End Cap North - Promo,Aisle 4,End N,Shelf 2 - Bay End N,Shelf,,,"POLYGON ((0 1.24, 1.6 1.24, 1.6 1.28, 0 1.28, 0 1.24))",1,
FreshMart Banksia Grove,Aisle 4 End Cap North - Promo,Aisle 4,End N,Polar Peak Choc Gift Box 450g,Product,Polar Peak,2,"POLYGON ((0.035 1.28, 0.555 1.28, 0.555 1.54, 0.035 1.54, 0.035 1.28))",2,12200
FreshMart Banksia Grove,Aisle 4 End Cap North - Promo,Aisle 4,End N,FreshMart Essentials Choc Gift Box 450g,Product,FreshMart Essentials,1,"POLYGON ((0.567 1.28, 0.827 1.28, 0.827 1.54, 0.567 1.54, 0.567 1.28))",2,9700
FreshMart Banksia Grove,Aisle 4 End Cap North - Promo,Aisle 4,End N,Sparkle Co. Laundry Value 6kg,Product,Sparkle Co.,1,"POLYGON ((0.839 1.28, 1.139 1.28, 1.139 1.64, 0.839 1.64, 0.839 1.28))",2,7200
FreshMart Banksia Grove,Aisle 4 End Cap North - Promo,Aisle 4,End N,ChocOro Soft Drink 24pk,Product,ChocOro,1,"POLYGON ((1.151 1.28, 1.551 1.28, 1.551 1.41, 1.151 1.41, 1.151 1.28))",2,7800
FreshMart Banksia Grove,Aisle 5 End Cap South - Promo,Aisle 5,End S,Bay Frame End S,Rack,,,"POLYGON ((0 0, 1.6 0, 1.6 2.2, 0 2.2, 0 0))",0,
FreshMart Banksia Grove,Aisle 5 End Cap South - Promo,Aisle 5,,Upright 1,Rack,,,"POLYGON ((0 0, 0.025 0, 0.025 2.2, 0 2.2, 0 0))",0,
FreshMart Banksia Grove,Aisle 5 End Cap South - Promo,Aisle 5,,Upright 2,Rack,,,"POLYGON ((1.575 0, 1.6 0, 1.6 2.2, 1.575 2.2, 1.575 0))",0,
FreshMart Banksia Grove,Aisle 5 End Cap South - Promo,Aisle 5,End S,Promo Header,Promo Header,,,"POLYGON ((0 1.95, 1.6 1.95, 1.6 2.2, 0 2.2, 0 1.95))",1,
FreshMart Banksia Grove,Aisle 5 End Cap South - Promo,Aisle 5,End S,Base Deck - Bay End S,Base Deck,,,"POLYGON ((0 0, 1.6 0, 1.6 0.1, 0 0.1, 0 0))",1,
FreshMart Banksia Grove,Aisle 5 End Cap South - Promo,Aisle 5,End S,CrunchTime Choc Gift Box 450g,Product,CrunchTime,2,"POLYGON ((0.035 0.1, 0.555 0.1, 0.555 0.36, 0.035 0.36, 0.035 0.1))",2,17500
FreshMart Banksia Grove,Aisle 5 End Cap South - Promo,Aisle 5,End S,Sparkle Co. Laundry Value 6kg,Product,Sparkle Co.,1,"POLYGON ((0.567 0.1, 0.867 0.1, 0.867 0.46, 0.567 0.46, 0.567 0.1))",2,8700
FreshMart Banksia Grove,Aisle 5 End Cap South - Promo,Aisle 5,End S,CrunchTime Soft Drink 24pk,Product,CrunchTime,1,"POLYGON ((0.879 0.1, 1.279 0.1, 1.279 0.23, 0.879 0.23, 0.879 0.1))",2,10600
FreshMart Banksia Grove,Aisle 5 End Cap South - Promo,Aisle 5,End S,ChocOro Choc Gift Box 450g,Product,ChocOro,1,"POLYGON ((1.291 0.1, 1.551 0.1, 1.551 0.36, 1.291 0.36, 1.291 0.1))",2,7300
FreshMart Banksia Grove,Aisle 5 End Cap South - Promo,Aisle 5,End S,Shelf 1 - Bay End S,Shelf,,,"POLYGON ((0 0.65, 1.6 0.65, 1.6 0.69, 0 0.69, 0 0.65))",1,
FreshMart Banksia Grove,Aisle 5 End Cap South - Promo,Aisle 5,End S,CrunchTime Soft Drink 24pk,Product,CrunchTime,3,"POLYGON ((0.035 0.69, 1.235 0.69, 1.235 0.82, 0.035 0.82, 0.035 0.69))",2,21900
FreshMart Banksia Grove,Aisle 5 End Cap South - Promo,Aisle 5,End S,ChocOro Biscuit Variety 1kg,Product,ChocOro,1,"POLYGON ((1.247 0.69, 1.527 0.69, 1.527 0.93, 1.247 0.93, 1.247 0.69))",2,5800
FreshMart Banksia Grove,Aisle 5 End Cap South - Promo,Aisle 5,End S,Shelf 2 - Bay End S,Shelf,,,"POLYGON ((0 1.24, 1.6 1.24, 1.6 1.28, 0 1.28, 0 1.24))",1,
FreshMart Banksia Grove,Aisle 5 End Cap South - Promo,Aisle 5,End S,CrunchTime Laundry Value 6kg,Product,CrunchTime,3,"POLYGON ((0.035 1.28, 0.935 1.28, 0.935 1.64, 0.035 1.64, 0.035 1.28))",2,20900
FreshMart Banksia Grove,Aisle 5 End Cap South - Promo,Aisle 5,End S,Sparkle Co. Biscuit Variety 1kg,Product,Sparkle Co.,1,"POLYGON ((0.947 1.28, 1.227 1.28, 1.227 1.52, 0.947 1.52, 0.947 1.28))",2,8700
FreshMart Banksia Grove,Aisle 5 End Cap South - Promo,Aisle 5,End S,FreshMart Essentials Biscuit Variety 1kg,Product,FreshMart Essentials,1,"POLYGON ((1.239 1.28, 1.519 1.28, 1.519 1.52, 1.239 1.52, 1.239 1.28))",2,10300
FreshMart Banksia Grove,Aisle 5 End Cap North - Promo,Aisle 5,End N,Bay Frame End N,Rack,,,"POLYGON ((0 0, 1.6 0, 1.6 2.2, 0 2.2, 0 0))",0,
FreshMart Banksia Grove,Aisle 5 End Cap North - Promo,Aisle 5,,Upright 1,Rack,,,"POLYGON ((0 0, 0.025 0, 0.025 2.2, 0 2.2, 0 0))",0,
FreshMart Banksia Grove,Aisle 5 End Cap North - Promo,Aisle 5,,Upright 2,Rack,,,"POLYGON ((1.575 0, 1.6 0, 1.6 2.2, 1.575 2.2, 1.575 0))",0,
FreshMart Banksia Grove,Aisle 5 End Cap North - Promo,Aisle 5,End N,Promo Header,Promo Header,,,"POLYGON ((0 1.95, 1.6 1.95, 1.6 2.2, 0 2.2, 0 1.95))",1,
FreshMart Banksia Grove,Aisle 5 End Cap North - Promo,Aisle 5,End N,Base Deck - Bay End N,Base Deck,,,"POLYGON ((0 0, 1.6 0, 1.6 0.1, 0 0.1, 0 0))",1,
FreshMart Banksia Grove,Aisle 5 End Cap North - Promo,Aisle 5,End N,FreshMart Essentials Mega Chips 380g,Product,FreshMart Essentials,1,"POLYGON ((0.035 0.1, 0.315 0.1, 0.315 0.48, 0.035 0.48, 0.035 0.1))",2,9100
FreshMart Banksia Grove,Aisle 5 End Cap North - Promo,Aisle 5,End N,FreshMart Essentials Choc Gift Box 450g,Product,FreshMart Essentials,2,"POLYGON ((0.327 0.1, 0.847 0.1, 0.847 0.36, 0.327 0.36, 0.327 0.1))",2,12900
FreshMart Banksia Grove,Aisle 5 End Cap North - Promo,Aisle 5,End N,FreshMart Essentials Ice Cream Bulk 4L,Product,FreshMart Essentials,2,"POLYGON ((0.859 0.1, 1.379 0.1, 1.379 0.28, 0.859 0.28, 0.859 0.1))",2,19500
FreshMart Banksia Grove,Aisle 5 End Cap North - Promo,Aisle 5,End N,Shelf 1 - Bay End N,Shelf,,,"POLYGON ((0 0.65, 1.6 0.65, 1.6 0.69, 0 0.69, 0 0.65))",1,
FreshMart Banksia Grove,Aisle 5 End Cap North - Promo,Aisle 5,End N,FreshMart Essentials Soft Drink 24pk,Product,FreshMart Essentials,1,"POLYGON ((0.035 0.69, 0.435 0.69, 0.435 0.82, 0.035 0.82, 0.035 0.69))",2,6000
FreshMart Banksia Grove,Aisle 5 End Cap North - Promo,Aisle 5,End N,Polar Peak Biscuit Variety 1kg,Product,Polar Peak,1,"POLYGON ((0.447 0.69, 0.727 0.69, 0.727 0.93, 0.447 0.93, 0.447 0.69))",2,10800
FreshMart Banksia Grove,Aisle 5 End Cap North - Promo,Aisle 5,End N,Polar Peak Laundry Value 6kg,Product,Polar Peak,1,"POLYGON ((0.739 0.69, 1.039 0.69, 1.039 1.05, 0.739 1.05, 0.739 0.69))",2,9400
FreshMart Banksia Grove,Aisle 5 End Cap North - Promo,Aisle 5,End N,Sparkle Co. Mega Chips 380g,Product,Sparkle Co.,1,"POLYGON ((1.051 0.69, 1.331 0.69, 1.331 1.07, 1.051 1.07, 1.051 0.69))",2,5600
FreshMart Banksia Grove,Aisle 5 End Cap North - Promo,Aisle 5,End N,Shelf 2 - Bay End N,Shelf,,,"POLYGON ((0 1.24, 1.6 1.24, 1.6 1.28, 0 1.28, 0 1.24))",1,
FreshMart Banksia Grove,Aisle 5 End Cap North - Promo,Aisle 5,End N,Polar Peak Biscuit Variety 1kg,Product,Polar Peak,1,"POLYGON ((0.035 1.28, 0.315 1.28, 0.315 1.52, 0.035 1.52, 0.035 1.28))",2,11000
FreshMart Banksia Grove,Aisle 5 End Cap North - Promo,Aisle 5,End N,CrunchTime Soft Drink 24pk,Product,CrunchTime,1,"POLYGON ((0.327 1.28, 0.727 1.28, 0.727 1.41, 0.327 1.41, 0.327 1.28))",2,9200
FreshMart Banksia Grove,Aisle 5 End Cap North - Promo,Aisle 5,End N,Sparkle Co. Soft Drink 24pk,Product,Sparkle Co.,1,"POLYGON ((0.739 1.28, 1.139 1.28, 1.139 1.41, 0.739 1.41, 0.739 1.28))",2,8300
FreshMart Banksia Grove,Aisle 5 End Cap North - Promo,Aisle 5,End N,Sparkle Co. Laundry Value 6kg,Product,Sparkle Co.,1,"POLYGON ((1.151 1.28, 1.451 1.28, 1.451 1.64, 1.151 1.64, 1.151 1.28))",2,5100
FreshMart Banksia Grove,Aisle 6 End Cap South - Promo,Aisle 6,End S,Bay Frame End S,Rack,,,"POLYGON ((0 0, 1.6 0, 1.6 2.2, 0 2.2, 0 0))",0,
FreshMart Banksia Grove,Aisle 6 End Cap South - Promo,Aisle 6,,Upright 1,Rack,,,"POLYGON ((0 0, 0.025 0, 0.025 2.2, 0 2.2, 0 0))",0,
FreshMart Banksia Grove,Aisle 6 End Cap South - Promo,Aisle 6,,Upright 2,Rack,,,"POLYGON ((1.575 0, 1.6 0, 1.6 2.2, 1.575 2.2, 1.575 0))",0,
FreshMart Banksia Grove,Aisle 6 End Cap South - Promo,Aisle 6,End S,Promo Header,Promo Header,,,"POLYGON ((0 1.95, 1.6 1.95, 1.6 2.2, 0 2.2, 0 1.95))",1,
FreshMart Banksia Grove,Aisle 6 End Cap South - Promo,Aisle 6,End S,Base Deck - Bay End S,Base Deck,,,"POLYGON ((0 0, 1.6 0, 1.6 0.1, 0 0.1, 0 0))",1,
FreshMart Banksia Grove,Aisle 6 End Cap South - Promo,Aisle 6,End S,ChocOro Biscuit Variety 1kg,Product,ChocOro,1,"POLYGON ((0.035 0.1, 0.315 0.1, 0.315 0.34, 0.035 0.34, 0.035 0.1))",2,5100
FreshMart Banksia Grove,Aisle 6 End Cap South - Promo,Aisle 6,End S,Polar Peak Laundry Value 6kg,Product,Polar Peak,3,"POLYGON ((0.327 0.1, 1.227 0.1, 1.227 0.46, 0.327 0.46, 0.327 0.1))",2,26800
FreshMart Banksia Grove,Aisle 6 End Cap South - Promo,Aisle 6,End S,Sparkle Co. Ice Cream Bulk 4L,Product,Sparkle Co.,1,"POLYGON ((1.239 0.1, 1.499 0.1, 1.499 0.28, 1.239 0.28, 1.239 0.1))",2,11000
FreshMart Banksia Grove,Aisle 6 End Cap South - Promo,Aisle 6,End S,Shelf 1 - Bay End S,Shelf,,,"POLYGON ((0 0.65, 1.6 0.65, 1.6 0.69, 0 0.69, 0 0.65))",1,
FreshMart Banksia Grove,Aisle 6 End Cap South - Promo,Aisle 6,End S,CrunchTime Biscuit Variety 1kg,Product,CrunchTime,1,"POLYGON ((0.035 0.69, 0.315 0.69, 0.315 0.93, 0.035 0.93, 0.035 0.69))",2,5000
FreshMart Banksia Grove,Aisle 6 End Cap South - Promo,Aisle 6,End S,FreshMart Essentials Biscuit Variety 1kg,Product,FreshMart Essentials,1,"POLYGON ((0.327 0.69, 0.607 0.69, 0.607 0.93, 0.327 0.93, 0.327 0.69))",2,5400
FreshMart Banksia Grove,Aisle 6 End Cap South - Promo,Aisle 6,End S,FreshMart Essentials Ice Cream Bulk 4L,Product,FreshMart Essentials,2,"POLYGON ((0.619 0.69, 1.139 0.69, 1.139 0.87, 0.619 0.87, 0.619 0.69))",2,13600
FreshMart Banksia Grove,Aisle 6 End Cap South - Promo,Aisle 6,End S,Sparkle Co. Biscuit Variety 1kg,Product,Sparkle Co.,1,"POLYGON ((1.151 0.69, 1.431 0.69, 1.431 0.93, 1.151 0.93, 1.151 0.69))",2,8500
FreshMart Banksia Grove,Aisle 6 End Cap South - Promo,Aisle 6,End S,Shelf 2 - Bay End S,Shelf,,,"POLYGON ((0 1.24, 1.6 1.24, 1.6 1.28, 0 1.28, 0 1.24))",1,
FreshMart Banksia Grove,Aisle 6 End Cap South - Promo,Aisle 6,End S,Sparkle Co. Biscuit Variety 1kg,Product,Sparkle Co.,3,"POLYGON ((0.035 1.28, 0.875 1.28, 0.875 1.52, 0.035 1.52, 0.035 1.28))",2,22700
FreshMart Banksia Grove,Aisle 6 End Cap South - Promo,Aisle 6,End S,CrunchTime Mega Chips 380g,Product,CrunchTime,2,"POLYGON ((0.887 1.28, 1.447 1.28, 1.447 1.66, 0.887 1.66, 0.887 1.28))",2,10900
FreshMart Banksia Grove,Aisle 6 End Cap North - Promo,Aisle 6,End N,Bay Frame End N,Rack,,,"POLYGON ((0 0, 1.6 0, 1.6 2.2, 0 2.2, 0 0))",0,
FreshMart Banksia Grove,Aisle 6 End Cap North - Promo,Aisle 6,,Upright 1,Rack,,,"POLYGON ((0 0, 0.025 0, 0.025 2.2, 0 2.2, 0 0))",0,
FreshMart Banksia Grove,Aisle 6 End Cap North - Promo,Aisle 6,,Upright 2,Rack,,,"POLYGON ((1.575 0, 1.6 0, 1.6 2.2, 1.575 2.2, 1.575 0))",0,
FreshMart Banksia Grove,Aisle 6 End Cap North - Promo,Aisle 6,End N,Promo Header,Promo Header,,,"POLYGON ((0 1.95, 1.6 1.95, 1.6 2.2, 0 2.2, 0 1.95))",1,
FreshMart Banksia Grove,Aisle 6 End Cap North - Promo,Aisle 6,End N,Base Deck - Bay End N,Base Deck,,,"POLYGON ((0 0, 1.6 0, 1.6 0.1, 0 0.1, 0 0))",1,
FreshMart Banksia Grove,Aisle 6 End Cap North - Promo,Aisle 6,End N,CrunchTime Laundry Value 6kg,Product,CrunchTime,2,"POLYGON ((0.035 0.1, 0.635 0.1, 0.635 0.46, 0.035 0.46, 0.035 0.1))",2,11200
FreshMart Banksia Grove,Aisle 6 End Cap North - Promo,Aisle 6,End N,CrunchTime Laundry Value 6kg,Product,CrunchTime,1,"POLYGON ((0.647 0.1, 0.947 0.1, 0.947 0.46, 0.647 0.46, 0.647 0.1))",2,8900
FreshMart Banksia Grove,Aisle 6 End Cap North - Promo,Aisle 6,End N,ChocOro Soft Drink 24pk,Product,ChocOro,1,"POLYGON ((0.959 0.1, 1.359 0.1, 1.359 0.23, 0.959 0.23, 0.959 0.1))",2,9700
FreshMart Banksia Grove,Aisle 6 End Cap North - Promo,Aisle 6,End N,Shelf 1 - Bay End N,Shelf,,,"POLYGON ((0 0.65, 1.6 0.65, 1.6 0.69, 0 0.69, 0 0.65))",1,
FreshMart Banksia Grove,Aisle 6 End Cap North - Promo,Aisle 6,End N,Sparkle Co. Mega Chips 380g,Product,Sparkle Co.,1,"POLYGON ((0.035 0.69, 0.315 0.69, 0.315 1.07, 0.035 1.07, 0.035 0.69))",2,8000
FreshMart Banksia Grove,Aisle 6 End Cap North - Promo,Aisle 6,End N,Sparkle Co. Laundry Value 6kg,Product,Sparkle Co.,2,"POLYGON ((0.327 0.69, 0.927 0.69, 0.927 1.05, 0.327 1.05, 0.327 0.69))",2,12000
FreshMart Banksia Grove,Aisle 6 End Cap North - Promo,Aisle 6,End N,Sparkle Co. Laundry Value 6kg,Product,Sparkle Co.,1,"POLYGON ((0.939 0.69, 1.239 0.69, 1.239 1.05, 0.939 1.05, 0.939 0.69))",2,7800
FreshMart Banksia Grove,Aisle 6 End Cap North - Promo,Aisle 6,End N,FreshMart Essentials Ice Cream Bulk 4L,Product,FreshMart Essentials,1,"POLYGON ((1.251 0.69, 1.511 0.69, 1.511 0.87, 1.251 0.87, 1.251 0.69))",2,6400
FreshMart Banksia Grove,Aisle 6 End Cap North - Promo,Aisle 6,End N,Shelf 2 - Bay End N,Shelf,,,"POLYGON ((0 1.24, 1.6 1.24, 1.6 1.28, 0 1.28, 0 1.24))",1,
FreshMart Banksia Grove,Aisle 6 End Cap North - Promo,Aisle 6,End N,FreshMart Essentials Biscuit Variety 1kg,Product,FreshMart Essentials,2,"POLYGON ((0.035 1.28, 0.595 1.28, 0.595 1.52, 0.035 1.52, 0.035 1.28))",2,15900
FreshMart Banksia Grove,Aisle 6 End Cap North - Promo,Aisle 6,End N,FreshMart Essentials Soft Drink 24pk,Product,FreshMart Essentials,2,"POLYGON ((0.607 1.28, 1.407 1.28, 1.407 1.41, 0.607 1.41, 0.607 1.28))",2,15400
FreshMart Banksia Grove,Aisle 7 End Cap South - Promo,Aisle 7,End S,Bay Frame End S,Rack,,,"POLYGON ((0 0, 1.6 0, 1.6 2.2, 0 2.2, 0 0))",0,
FreshMart Banksia Grove,Aisle 7 End Cap South - Promo,Aisle 7,,Upright 1,Rack,,,"POLYGON ((0 0, 0.025 0, 0.025 2.2, 0 2.2, 0 0))",0,
FreshMart Banksia Grove,Aisle 7 End Cap South - Promo,Aisle 7,,Upright 2,Rack,,,"POLYGON ((1.575 0, 1.6 0, 1.6 2.2, 1.575 2.2, 1.575 0))",0,
FreshMart Banksia Grove,Aisle 7 End Cap South - Promo,Aisle 7,End S,Promo Header,Promo Header,,,"POLYGON ((0 1.95, 1.6 1.95, 1.6 2.2, 0 2.2, 0 1.95))",1,
FreshMart Banksia Grove,Aisle 7 End Cap South - Promo,Aisle 7,End S,Base Deck - Bay End S,Base Deck,,,"POLYGON ((0 0, 1.6 0, 1.6 0.1, 0 0.1, 0 0))",1,
FreshMart Banksia Grove,Aisle 7 End Cap South - Promo,Aisle 7,End S,Polar Peak Soft Drink 24pk,Product,Polar Peak,2,"POLYGON ((0.035 0.1, 0.835 0.1, 0.835 0.23, 0.035 0.23, 0.035 0.1))",2,12800
FreshMart Banksia Grove,Aisle 7 End Cap South - Promo,Aisle 7,End S,FreshMart Essentials Biscuit Variety 1kg,Product,FreshMart Essentials,1,"POLYGON ((0.847 0.1, 1.127 0.1, 1.127 0.34, 0.847 0.34, 0.847 0.1))",2,8500
FreshMart Banksia Grove,Aisle 7 End Cap South - Promo,Aisle 7,End S,ChocOro Choc Gift Box 450g,Product,ChocOro,1,"POLYGON ((1.139 0.1, 1.399 0.1, 1.399 0.36, 1.139 0.36, 1.139 0.1))",2,6100
FreshMart Banksia Grove,Aisle 7 End Cap South - Promo,Aisle 7,End S,Shelf 1 - Bay End S,Shelf,,,"POLYGON ((0 0.65, 1.6 0.65, 1.6 0.69, 0 0.69, 0 0.65))",1,
FreshMart Banksia Grove,Aisle 7 End Cap South - Promo,Aisle 7,End S,FreshMart Essentials Laundry Value 6kg,Product,FreshMart Essentials,1,"POLYGON ((0.035 0.69, 0.335 0.69, 0.335 1.05, 0.035 1.05, 0.035 0.69))",2,9200
FreshMart Banksia Grove,Aisle 7 End Cap South - Promo,Aisle 7,End S,FreshMart Essentials Choc Gift Box 450g,Product,FreshMart Essentials,3,"POLYGON ((0.347 0.69, 1.127 0.69, 1.127 0.95, 0.347 0.95, 0.347 0.69))",2,17800
FreshMart Banksia Grove,Aisle 7 End Cap South - Promo,Aisle 7,End S,FreshMart Essentials Laundry Value 6kg,Product,FreshMart Essentials,1,"POLYGON ((1.139 0.69, 1.439 0.69, 1.439 1.05, 1.139 1.05, 1.139 0.69))",2,9800
FreshMart Banksia Grove,Aisle 7 End Cap South - Promo,Aisle 7,End S,Shelf 2 - Bay End S,Shelf,,,"POLYGON ((0 1.24, 1.6 1.24, 1.6 1.28, 0 1.28, 0 1.24))",1,
FreshMart Banksia Grove,Aisle 7 End Cap South - Promo,Aisle 7,End S,Polar Peak Ice Cream Bulk 4L,Product,Polar Peak,1,"POLYGON ((0.035 1.28, 0.295 1.28, 0.295 1.46, 0.035 1.46, 0.035 1.28))",2,8400
FreshMart Banksia Grove,Aisle 7 End Cap South - Promo,Aisle 7,End S,Polar Peak Biscuit Variety 1kg,Product,Polar Peak,1,"POLYGON ((0.307 1.28, 0.587 1.28, 0.587 1.52, 0.307 1.52, 0.307 1.28))",2,9900
FreshMart Banksia Grove,Aisle 7 End Cap South - Promo,Aisle 7,End S,Polar Peak Laundry Value 6kg,Product,Polar Peak,3,"POLYGON ((0.599 1.28, 1.499 1.28, 1.499 1.64, 0.599 1.64, 0.599 1.28))",2,17900
FreshMart Banksia Grove,Aisle 7 End Cap North - Promo,Aisle 7,End N,Bay Frame End N,Rack,,,"POLYGON ((0 0, 1.6 0, 1.6 2.2, 0 2.2, 0 0))",0,
FreshMart Banksia Grove,Aisle 7 End Cap North - Promo,Aisle 7,,Upright 1,Rack,,,"POLYGON ((0 0, 0.025 0, 0.025 2.2, 0 2.2, 0 0))",0,
FreshMart Banksia Grove,Aisle 7 End Cap North - Promo,Aisle 7,,Upright 2,Rack,,,"POLYGON ((1.575 0, 1.6 0, 1.6 2.2, 1.575 2.2, 1.575 0))",0,
FreshMart Banksia Grove,Aisle 7 End Cap North - Promo,Aisle 7,End N,Promo Header,Promo Header,,,"POLYGON ((0 1.95, 1.6 1.95, 1.6 2.2, 0 2.2, 0 1.95))",1,
FreshMart Banksia Grove,Aisle 7 End Cap North - Promo,Aisle 7,End N,Base Deck - Bay End N,Base Deck,,,"POLYGON ((0 0, 1.6 0, 1.6 0.1, 0 0.1, 0 0))",1,
FreshMart Banksia Grove,Aisle 7 End Cap North - Promo,Aisle 7,End N,FreshMart Essentials Biscuit Variety 1kg,Product,FreshMart Essentials,3,"POLYGON ((0.035 0.1, 0.875 0.1, 0.875 0.34, 0.035 0.34, 0.035 0.1))",2,28900
FreshMart Banksia Grove,Aisle 7 End Cap North - Promo,Aisle 7,End N,CrunchTime Choc Gift Box 450g,Product,CrunchTime,2,"POLYGON ((0.887 0.1, 1.407 0.1, 1.407 0.36, 0.887 0.36, 0.887 0.1))",2,16300
FreshMart Banksia Grove,Aisle 7 End Cap North - Promo,Aisle 7,End N,Shelf 1 - Bay End N,Shelf,,,"POLYGON ((0 0.65, 1.6 0.65, 1.6 0.69, 0 0.69, 0 0.65))",1,
FreshMart Banksia Grove,Aisle 7 End Cap North - Promo,Aisle 7,End N,FreshMart Essentials Mega Chips 380g,Product,FreshMart Essentials,2,"POLYGON ((0.035 0.69, 0.595 0.69, 0.595 1.07, 0.035 1.07, 0.035 0.69))",2,13900
FreshMart Banksia Grove,Aisle 7 End Cap North - Promo,Aisle 7,End N,Sparkle Co. Soft Drink 24pk,Product,Sparkle Co.,1,"POLYGON ((0.607 0.69, 1.007 0.69, 1.007 0.82, 0.607 0.82, 0.607 0.69))",2,9100
FreshMart Banksia Grove,Aisle 7 End Cap North - Promo,Aisle 7,End N,CrunchTime Mega Chips 380g,Product,CrunchTime,1,"POLYGON ((1.019 0.69, 1.299 0.69, 1.299 1.07, 1.019 1.07, 1.019 0.69))",2,8500
FreshMart Banksia Grove,Aisle 7 End Cap North - Promo,Aisle 7,End N,Shelf 2 - Bay End N,Shelf,,,"POLYGON ((0 1.24, 1.6 1.24, 1.6 1.28, 0 1.28, 0 1.24))",1,
FreshMart Banksia Grove,Aisle 7 End Cap North - Promo,Aisle 7,End N,Sparkle Co. Choc Gift Box 450g,Product,Sparkle Co.,3,"POLYGON ((0.035 1.28, 0.815 1.28, 0.815 1.54, 0.035 1.54, 0.035 1.28))",2,25500
FreshMart Banksia Grove,Aisle 7 End Cap North - Promo,Aisle 7,End N,ChocOro Mega Chips 380g,Product,ChocOro,2,"POLYGON ((0.827 1.28, 1.387 1.28, 1.387 1.66, 0.827 1.66, 0.827 1.28))",2,19600
